Using pre-set license
Built from '2023.2/china_unity/20f1' branch; Version is '2023.2.20f1c1 (ceda3f59bbc9) revision 13556287'; Using compiler version '193431935'; Build Type 'Release'
OS: 'Windows 10  (10.0.19045) 64bit Core' Language: 'zh' Physical Memory: 16291 MB
BatchMode: 1, IsHumanControllingUs: 0, StartBugReporterOnCrash: 0, Is64bit: 1, IsPro: 1

COMMAND LINE ARGUMENTS:
F:\unity\2023.2.20f1c1\Editor\Unity.exe
-adb2
-batchMode
-noUpm
-name
AssetImportWorker0
-projectPath
F:/var/mmorpg/myrpg/Src/Client
-logFile
Logs/AssetImportWorker0.log
-srvPort
61260
-job-worker-count
3
-background-job-worker-count
8
-asset-garbage-collectors
1
Successfully changed project path to: F:/var/mmorpg/myrpg/Src/Client
F:/var/mmorpg/myrpg/Src/Client
[UnityMemory] Configuration Parameters - Can be set up in boot.config
    "memorysetup-bucket-allocator-granularity=16"
    "memorysetup-bucket-allocator-bucket-count=8"
    "memorysetup-bucket-allocator-block-size=33554432"
    "memorysetup-bucket-allocator-block-count=8"
    "memorysetup-main-allocator-block-size=16777216"
    "memorysetup-thread-allocator-block-size=16777216"
    "memorysetup-gfx-main-allocator-block-size=16777216"
    "memorysetup-gfx-thread-allocator-block-size=16777216"
    "memorysetup-cache-allocator-block-size=4194304"
    "memorysetup-typetree-allocator-block-size=2097152"
    "memorysetup-profiler-bucket-allocator-granularity=16"
    "memorysetup-profiler-bucket-allocator-bucket-count=8"
    "memorysetup-profiler-bucket-allocator-block-size=33554432"
    "memorysetup-profiler-bucket-allocator-block-count=8"
    "memorysetup-profiler-allocator-block-size=16777216"
    "memorysetup-profiler-editor-allocator-block-size=1048576"
    "memorysetup-temp-allocator-size-main=16777216"
    "memorysetup-job-temp-allocator-block-size=2097152"
    "memorysetup-job-temp-allocator-block-size-background=1048576"
    "memorysetup-job-temp-allocator-reduction-small-platforms=262144"
    "memorysetup-allocator-temp-initial-block-size-main=262144"
    "memorysetup-allocator-temp-initial-block-size-worker=262144"
    "memorysetup-temp-allocator-size-background-worker=32768"
    "memorysetup-temp-allocator-size-job-worker=262144"
    "memorysetup-temp-allocator-size-preload-manager=33554432"
    "memorysetup-temp-allocator-size-nav-mesh-worker=65536"
    "memorysetup-temp-allocator-size-audio-worker=65536"
    "memorysetup-temp-allocator-size-cloud-worker=32768"
    "memorysetup-temp-allocator-size-gi-baking-worker=262144"
    "memorysetup-temp-allocator-size-gi-baking-worker=262144"
    "memorysetup-temp-allocator-size-gi-baking-worker=262144"
    "memorysetup-temp-allocator-size-gi-baking-worker=262144"
    "memorysetup-temp-allocator-size-gfx=262144"
Player connection [20100] Host "[IP] 26.48.45.111 [Port] 0 [Flags] 2 [Guid] 3133813864 [EditorId] 3133813864 [Version] 1048832 [Id] WindowsEditor(7,DESKTOP-UJLBIMK) [Debug] 1 [PackageName] WindowsEditor [ProjectName] Editor" joined multi-casting on [225.0.0.222:54997]...
Player connection [20100] Host "[IP] 26.48.45.111 [Port] 0 [Flags] 2 [Guid] 3133813864 [EditorId] 3133813864 [Version] 1048832 [Id] WindowsEditor(7,DESKTOP-UJLBIMK) [Debug] 1 [PackageName] WindowsEditor [ProjectName] Editor" joined alternative multi-casting on [225.0.0.222:34997]...
JobSystem: Creating JobQueue using job-worker-count value 3
[Physics::Module] Initialized MultithreadedJobDispatcher with 3 workers.
Library Redirect Path: Library/
Refreshing native plugins compatible for Editor in 41.23 ms, found 2 plugins.
Preloading 0 native plugins for Editor in 0.00 ms.
Initialize engine version: 2023.2.20f1c1 (ceda3f59bbc9)
[Subsystems] Discovering subsystems at path F:/unity/2023.2.20f1c1/Editor/Data/Resources/UnitySubsystems
[Subsystems] Discovering subsystems at path F:/var/mmorpg/myrpg/Src/Client/Assets
GfxDevice: creating device client; kGfxThreadingModeNonThreaded
Direct3D:
    Version:  Direct3D 11.0 [level 11.1]
    Renderer: NVIDIA GeForce GTX 1650 (ID=0x1f99)
    Vendor:   NVIDIA
    VRAM:     3935 MB
    Driver:   32.0.15.9597
Initialize mono
Mono path[0] = 'F:/unity/2023.2.20f1c1/Editor/Data/Managed'
Mono path[1] = 'F:/unity/2023.2.20f1c1/Editor/Data/MonoBleedingEdge/lib/mono/unityjit-win32'
Mono config path = 'F:/unity/2023.2.20f1c1/Editor/Data/MonoBleedingEdge/etc'
Using monoOptions --debugger-agent=transport=dt_socket,embedding=1,server=y,suspend=n,address=127.0.0.1:56372
Begin MonoManager ReloadAssembly
Registering precompiled unity dll's ...
Register platform support module: F:/unity/2023.2.20f1c1/Editor/Data/PlaybackEngines/WindowsStandaloneSupport/UnityEditor.WindowsStandalone.Extensions.dll
Register platform support module: F:/unity/2023.2.20f1c1/Editor/Data/PlaybackEngines/AndroidPlayer/UnityEditor.Android.Extensions.dll
Register platform support module: F:/unity/2023.2.20f1c1/Editor/Data/PlaybackEngines/iOSSupport/UnityEditor.iOS.Extensions.dll
Registered in 0.010112 seconds.
- Loaded All Assemblies, in  0.861 seconds
[usbmuxd] Start listen thread
[usbmuxd] Listen thread started
Native extension for iOS target not found
Native extension for Android target not found
Android Extension - Scanning For ADB Devices 637 ms
Native extension for WindowsStandalone target not found
Mono: successfully reloaded assembly
- Finished resetting the current domain, in  1.590 seconds
Domain Reload Profiling: 2446ms
	BeginReloadAssembly (238ms)
		ExecutionOrderSort (0ms)
		DisableScriptedObjects (0ms)
		BackupInstance (0ms)
		ReleaseScriptingObjects (0ms)
		CreateAndSetChildDomain (1ms)
	RebuildCommonClasses (71ms)
	RebuildNativeTypeToScriptingClass (47ms)
	initialDomainReloadingComplete (120ms)
	LoadAllAssembliesAndSetupDomain (378ms)
		LoadAssemblies (236ms)
		RebuildTransferFunctionScriptingTraits (0ms)
		AnalyzeDomain (373ms)
			TypeCache.Refresh (371ms)
				TypeCache.ScanAssembly (349ms)
			BuildScriptInfoCaches (0ms)
			ResolveRequiredComponents (1ms)
	FinalizeReload (1591ms)
		ReleaseScriptCaches (0ms)
		RebuildScriptCaches (0ms)
		SetupLoadedEditorAssemblies (1505ms)
			LogAssemblyErrors (0ms)
			InitializePlatformSupportModulesInManaged (847ms)
			SetLoadedEditorAssemblies (8ms)
			BeforeProcessingInitializeOnLoad (14ms)
			ProcessInitializeOnLoadAttributes (482ms)
			ProcessInitializeOnLoadMethodAttributes (154ms)
			AfterProcessingInitializeOnLoad (0ms)
			EditorAssembliesLoaded (0ms)
		ExecutionOrderSort2 (0ms)
		AwakeInstancesAfterBackupRestoration (0ms)
========================================================================
Worker process is ready to serve import requests
Import Worker Mode flag is 0x00
Begin MonoManager ReloadAssembly
Duplicate assembly 'log4net.dll' with different versions detected, using 'Assets/References/log4net.dll, AssemblyName=log4net, Version=2.0.8.0, Culture=neutral, PublicKeyToken=null' and ignoring 'Packages/com.unity.collab-proxy/Lib/Editor/PlasticSCM/log4netPlastic.dll, AssemblyName=log4net, Version=1.2.15.0, Culture=neutral, PublicKeyToken=669e0ddf0bb1aa2a'.Duplicate assembly 'Newtonsoft.Json.dll' with different versions detected, using 'Packages/com.unity.nuget.newtonsoft-json/Runtime/Newtonsoft.Json.dll, AssemblyName=Newtonsoft.Json, Version=13.0.0.0, Culture=neutral, PublicKeyToken=30ad4fe6b2a6aeed' and ignoring 'Assets/JsonDotNet/Assemblies/Standalone/Newtonsoft.Json.dll, AssemblyName=Newtonsoft.Json, Version=8.0.0.0, Culture=neutral, PublicKeyToken=null'.Symbol file LoadedFromMemory is not a mono symbol file
Symbol file LoadedFromMemory is not a mono symbol file
Symbol file LoadedFromMemory is not a mono symbol file
- Loaded All Assemblies, in  1.869 seconds
Refreshing native plugins compatible for Editor in 11.29 ms, found 2 plugins.
Native extension for iOS target not found
Native extension for Android target not found
Native extension for WindowsStandalone target not found
Refreshing native plugins compatible for Editor in 7.58 ms, found 2 plugins.
Mono: successfully reloaded assembly
- Finished resetting the current domain, in  2.290 seconds
Domain Reload Profiling: 4153ms
	BeginReloadAssembly (807ms)
		ExecutionOrderSort (0ms)
		DisableScriptedObjects (9ms)
		BackupInstance (0ms)
		ReleaseScriptingObjects (0ms)
		CreateAndSetChildDomain (74ms)
	RebuildCommonClasses (79ms)
	RebuildNativeTypeToScriptingClass (29ms)
	initialDomainReloadingComplete (81ms)
	LoadAllAssembliesAndSetupDomain (865ms)
		LoadAssemblies (861ms)
		RebuildTransferFunctionScriptingTraits (0ms)
		AnalyzeDomain (298ms)
			TypeCache.Refresh (243ms)
				TypeCache.ScanAssembly (202ms)
			BuildScriptInfoCaches (47ms)
			ResolveRequiredComponents (5ms)
	FinalizeReload (2291ms)
		ReleaseScriptCaches (0ms)
		RebuildScriptCaches (0ms)
		SetupLoadedEditorAssemblies (1715ms)
			LogAssemblyErrors (0ms)
			InitializePlatformSupportModulesInManaged (44ms)
			SetLoadedEditorAssemblies (6ms)
			BeforeProcessingInitializeOnLoad (98ms)
			ProcessInitializeOnLoadAttributes (931ms)
			ProcessInitializeOnLoadMethodAttributes (615ms)
			AfterProcessingInitializeOnLoad (21ms)
			EditorAssembliesLoaded (0ms)
		ExecutionOrderSort2 (0ms)
		AwakeInstancesAfterBackupRestoration (30ms)
Launched and connected shader compiler UnityShaderCompiler.exe after 0.10 seconds
Refreshing native plugins compatible for Editor in 15.69 ms, found 2 plugins.
Preloading 0 native plugins for Editor in 0.00 ms.
Unloading 28 Unused Serialized files (Serialized files now loaded: 0)
Unloading 2689 unused Assets / (0.7 MB). Loaded Objects now: 3285.
Memory consumption went from 119.3 MB to 118.6 MB.
Total: 28.592700 ms (FindLiveObjects: 0.788600 ms CreateObjectMapping: 0.733100 ms MarkObjects: 25.700400 ms  DeleteObjects: 1.340400 ms)

========================================================================
Received Prepare
Begin MonoManager ReloadAssembly
Duplicate assembly 'log4net.dll' with different versions detected, using 'Assets/References/log4net.dll, AssemblyName=log4net, Version=2.0.8.0, Culture=neutral, PublicKeyToken=null' and ignoring 'Packages/com.unity.collab-proxy/Lib/Editor/PlasticSCM/log4netPlastic.dll, AssemblyName=log4net, Version=1.2.15.0, Culture=neutral, PublicKeyToken=669e0ddf0bb1aa2a'.Duplicate assembly 'Newtonsoft.Json.dll' with different versions detected, using 'Packages/com.unity.nuget.newtonsoft-json/Runtime/Newtonsoft.Json.dll, AssemblyName=Newtonsoft.Json, Version=13.0.0.0, Culture=neutral, PublicKeyToken=30ad4fe6b2a6aeed' and ignoring 'Assets/JsonDotNet/Assemblies/Standalone/Newtonsoft.Json.dll, AssemblyName=Newtonsoft.Json, Version=8.0.0.0, Culture=neutral, PublicKeyToken=null'.Symbol file LoadedFromMemory is not a mono symbol file
Symbol file LoadedFromMemory is not a mono symbol file
Symbol file LoadedFromMemory is not a mono symbol file
- Loaded All Assemblies, in  1.751 seconds
Refreshing native plugins compatible for Editor in 12.36 ms, found 2 plugins.
Native extension for iOS target not found
Native extension for Android target not found
Native extension for WindowsStandalone target not found
Mono: successfully reloaded assembly
- Finished resetting the current domain, in  2.392 seconds
Domain Reload Profiling: 4137ms
	BeginReloadAssembly (584ms)
		ExecutionOrderSort (0ms)
		DisableScriptedObjects (15ms)
		BackupInstance (0ms)
		ReleaseScriptingObjects (0ms)
		CreateAndSetChildDomain (162ms)
	RebuildCommonClasses (118ms)
	RebuildNativeTypeToScriptingClass (33ms)
	initialDomainReloadingComplete (79ms)
	LoadAllAssembliesAndSetupDomain (929ms)
		LoadAssemblies (954ms)
		RebuildTransferFunctionScriptingTraits (0ms)
		AnalyzeDomain (288ms)
			TypeCache.Refresh (20ms)
				TypeCache.ScanAssembly (0ms)
			BuildScriptInfoCaches (224ms)
			ResolveRequiredComponents (21ms)
	FinalizeReload (2393ms)
		ReleaseScriptCaches (0ms)
		RebuildScriptCaches (0ms)
		SetupLoadedEditorAssemblies (1875ms)
			LogAssemblyErrors (0ms)
			InitializePlatformSupportModulesInManaged (58ms)
			SetLoadedEditorAssemblies (12ms)
			BeforeProcessingInitializeOnLoad (203ms)
			ProcessInitializeOnLoadAttributes (1132ms)
			ProcessInitializeOnLoadMethodAttributes (461ms)
			AfterProcessingInitializeOnLoad (9ms)
			EditorAssembliesLoaded (0ms)
		ExecutionOrderSort2 (0ms)
		AwakeInstancesAfterBackupRestoration (30ms)
Refreshing native plugins compatible for Editor in 5.67 ms, found 2 plugins.
Preloading 0 native plugins for Editor in 0.00 ms.
Unloading 0 Unused Serialized files (Serialized files now loaded: 0)
Unloading 2687 unused Assets / (0.7 MB). Loaded Objects now: 3285.
Memory consumption went from 114.5 MB to 113.8 MB.
Total: 11.763500 ms (FindLiveObjects: 1.197800 ms CreateObjectMapping: 0.715900 ms MarkObjects: 9.011800 ms  DeleteObjects: 0.835800 ms)

Prepare: number of updated asset objects reloaded= 0
========================================================================
Received Prepare
Begin MonoManager ReloadAssembly
Duplicate assembly 'log4net.dll' with different versions detected, using 'Assets/References/log4net.dll, AssemblyName=log4net, Version=2.0.8.0, Culture=neutral, PublicKeyToken=null' and ignoring 'Packages/com.unity.collab-proxy/Lib/Editor/PlasticSCM/log4netPlastic.dll, AssemblyName=log4net, Version=1.2.15.0, Culture=neutral, PublicKeyToken=669e0ddf0bb1aa2a'.Duplicate assembly 'Newtonsoft.Json.dll' with different versions detected, using 'Packages/com.unity.nuget.newtonsoft-json/Runtime/Newtonsoft.Json.dll, AssemblyName=Newtonsoft.Json, Version=13.0.0.0, Culture=neutral, PublicKeyToken=30ad4fe6b2a6aeed' and ignoring 'Assets/JsonDotNet/Assemblies/Standalone/Newtonsoft.Json.dll, AssemblyName=Newtonsoft.Json, Version=8.0.0.0, Culture=neutral, PublicKeyToken=null'.Symbol file LoadedFromMemory is not a mono symbol file
Symbol file LoadedFromMemory is not a mono symbol file
Symbol file LoadedFromMemory is not a mono symbol file
- Loaded All Assemblies, in  1.079 seconds
Refreshing native plugins compatible for Editor in 8.29 ms, found 2 plugins.
Native extension for iOS target not found
Native extension for Android target not found
Native extension for WindowsStandalone target not found
Mono: successfully reloaded assembly
- Finished resetting the current domain, in  1.412 seconds
Domain Reload Profiling: 2485ms
	BeginReloadAssembly (359ms)
		ExecutionOrderSort (0ms)
		DisableScriptedObjects (7ms)
		BackupInstance (0ms)
		ReleaseScriptingObjects (0ms)
		CreateAndSetChildDomain (104ms)
	RebuildCommonClasses (67ms)
	RebuildNativeTypeToScriptingClass (24ms)
	initialDomainReloadingComplete (51ms)
	LoadAllAssembliesAndSetupDomain (572ms)
		LoadAssemblies (599ms)
		RebuildTransferFunctionScriptingTraits (0ms)
		AnalyzeDomain (158ms)
			TypeCache.Refresh (13ms)
				TypeCache.ScanAssembly (2ms)
			BuildScriptInfoCaches (138ms)
			ResolveRequiredComponents (4ms)
	FinalizeReload (1412ms)
		ReleaseScriptCaches (0ms)
		RebuildScriptCaches (0ms)
		SetupLoadedEditorAssemblies (1115ms)
			LogAssemblyErrors (0ms)
			InitializePlatformSupportModulesInManaged (33ms)
			SetLoadedEditorAssemblies (6ms)
			BeforeProcessingInitializeOnLoad (74ms)
			ProcessInitializeOnLoadAttributes (671ms)
			ProcessInitializeOnLoadMethodAttributes (323ms)
			AfterProcessingInitializeOnLoad (8ms)
			EditorAssembliesLoaded (1ms)
		ExecutionOrderSort2 (0ms)
		AwakeInstancesAfterBackupRestoration (19ms)
Refreshing native plugins compatible for Editor in 14.12 ms, found 2 plugins.
Preloading 0 native plugins for Editor in 0.00 ms.
Unloading 0 Unused Serialized files (Serialized files now loaded: 0)
Unloading 2687 unused Assets / (0.8 MB). Loaded Objects now: 3285.
Memory consumption went from 116.4 MB to 115.6 MB.
Total: 12.478600 ms (FindLiveObjects: 0.343800 ms CreateObjectMapping: 0.312700 ms MarkObjects: 10.697700 ms  DeleteObjects: 1.123400 ms)

Prepare: number of updated asset objects reloaded= 0
========================================================================
Received Prepare
Begin MonoManager ReloadAssembly
Duplicate assembly 'log4net.dll' with different versions detected, using 'Assets/References/log4net.dll, AssemblyName=log4net, Version=2.0.8.0, Culture=neutral, PublicKeyToken=null' and ignoring 'Packages/com.unity.collab-proxy/Lib/Editor/PlasticSCM/log4netPlastic.dll, AssemblyName=log4net, Version=1.2.15.0, Culture=neutral, PublicKeyToken=669e0ddf0bb1aa2a'.Duplicate assembly 'Newtonsoft.Json.dll' with different versions detected, using 'Packages/com.unity.nuget.newtonsoft-json/Runtime/Newtonsoft.Json.dll, AssemblyName=Newtonsoft.Json, Version=13.0.0.0, Culture=neutral, PublicKeyToken=30ad4fe6b2a6aeed' and ignoring 'Assets/JsonDotNet/Assemblies/Standalone/Newtonsoft.Json.dll, AssemblyName=Newtonsoft.Json, Version=8.0.0.0, Culture=neutral, PublicKeyToken=null'.Symbol file LoadedFromMemory is not a mono symbol file
Symbol file LoadedFromMemory is not a mono symbol file
Symbol file LoadedFromMemory is not a mono symbol file
- Loaded All Assemblies, in  1.038 seconds
Refreshing native plugins compatible for Editor in 6.05 ms, found 2 plugins.
Native extension for iOS target not found
Native extension for Android target not found
Native extension for WindowsStandalone target not found
Mono: successfully reloaded assembly
- Finished resetting the current domain, in  1.164 seconds
Domain Reload Profiling: 2197ms
	BeginReloadAssembly (370ms)
		ExecutionOrderSort (0ms)
		DisableScriptedObjects (8ms)
		BackupInstance (0ms)
		ReleaseScriptingObjects (0ms)
		CreateAndSetChildDomain (69ms)
	RebuildCommonClasses (60ms)
	RebuildNativeTypeToScriptingClass (23ms)
	initialDomainReloadingComplete (47ms)
	LoadAllAssembliesAndSetupDomain (532ms)
		LoadAssemblies (642ms)
		RebuildTransferFunctionScriptingTraits (0ms)
		AnalyzeDomain (134ms)
			TypeCache.Refresh (10ms)
				TypeCache.ScanAssembly (1ms)
			BuildScriptInfoCaches (115ms)
			ResolveRequiredComponents (5ms)
	FinalizeReload (1165ms)
		ReleaseScriptCaches (0ms)
		RebuildScriptCaches (0ms)
		SetupLoadedEditorAssemblies (928ms)
			LogAssemblyErrors (0ms)
			InitializePlatformSupportModulesInManaged (26ms)
			SetLoadedEditorAssemblies (5ms)
			BeforeProcessingInitializeOnLoad (59ms)
			ProcessInitializeOnLoadAttributes (595ms)
			ProcessInitializeOnLoadMethodAttributes (236ms)
			AfterProcessingInitializeOnLoad (7ms)
			EditorAssembliesLoaded (0ms)
		ExecutionOrderSort2 (0ms)
		AwakeInstancesAfterBackupRestoration (14ms)
Refreshing native plugins compatible for Editor in 7.28 ms, found 2 plugins.
Preloading 0 native plugins for Editor in 0.00 ms.
Unloading 0 Unused Serialized files (Serialized files now loaded: 0)
Unloading 2687 unused Assets / (0.6 MB). Loaded Objects now: 3285.
Memory consumption went from 118.4 MB to 117.7 MB.
Total: 12.794300 ms (FindLiveObjects: 0.361200 ms CreateObjectMapping: 0.417400 ms MarkObjects: 10.948300 ms  DeleteObjects: 1.066300 ms)

Prepare: number of updated asset objects reloaded= 0
========================================================================
Received Prepare
Begin MonoManager ReloadAssembly
Duplicate assembly 'log4net.dll' with different versions detected, using 'Assets/References/log4net.dll, AssemblyName=log4net, Version=2.0.8.0, Culture=neutral, PublicKeyToken=null' and ignoring 'Packages/com.unity.collab-proxy/Lib/Editor/PlasticSCM/log4netPlastic.dll, AssemblyName=log4net, Version=1.2.15.0, Culture=neutral, PublicKeyToken=669e0ddf0bb1aa2a'.Duplicate assembly 'Newtonsoft.Json.dll' with different versions detected, using 'Packages/com.unity.nuget.newtonsoft-json/Runtime/Newtonsoft.Json.dll, AssemblyName=Newtonsoft.Json, Version=13.0.0.0, Culture=neutral, PublicKeyToken=30ad4fe6b2a6aeed' and ignoring 'Assets/JsonDotNet/Assemblies/Standalone/Newtonsoft.Json.dll, AssemblyName=Newtonsoft.Json, Version=8.0.0.0, Culture=neutral, PublicKeyToken=null'.Symbol file LoadedFromMemory is not a mono symbol file
Symbol file LoadedFromMemory is not a mono symbol file
Symbol file LoadedFromMemory is not a mono symbol file
- Loaded All Assemblies, in  0.875 seconds
Refreshing native plugins compatible for Editor in 7.16 ms, found 2 plugins.
Native extension for iOS target not found
Native extension for Android target not found
Native extension for WindowsStandalone target not found
Mono: successfully reloaded assembly
- Finished resetting the current domain, in  1.284 seconds
Domain Reload Profiling: 2153ms
	BeginReloadAssembly (285ms)
		ExecutionOrderSort (0ms)
		DisableScriptedObjects (6ms)
		BackupInstance (0ms)
		ReleaseScriptingObjects (0ms)
		CreateAndSetChildDomain (61ms)
	RebuildCommonClasses (56ms)
	RebuildNativeTypeToScriptingClass (25ms)
	initialDomainReloadingComplete (41ms)
	LoadAllAssembliesAndSetupDomain (462ms)
		LoadAssemblies (496ms)
		RebuildTransferFunctionScriptingTraits (0ms)
		AnalyzeDomain (135ms)
			TypeCache.Refresh (9ms)
				TypeCache.ScanAssembly (1ms)
			BuildScriptInfoCaches (118ms)
			ResolveRequiredComponents (5ms)
	FinalizeReload (1285ms)
		ReleaseScriptCaches (0ms)
		RebuildScriptCaches (0ms)
		SetupLoadedEditorAssemblies (1029ms)
			LogAssemblyErrors (0ms)
			InitializePlatformSupportModulesInManaged (39ms)
			SetLoadedEditorAssemblies (9ms)
			BeforeProcessingInitializeOnLoad (81ms)
			ProcessInitializeOnLoadAttributes (586ms)
			ProcessInitializeOnLoadMethodAttributes (304ms)
			AfterProcessingInitializeOnLoad (9ms)
			EditorAssembliesLoaded (2ms)
		ExecutionOrderSort2 (0ms)
		AwakeInstancesAfterBackupRestoration (19ms)
Refreshing native plugins compatible for Editor in 5.99 ms, found 2 plugins.
Preloading 0 native plugins for Editor in 0.00 ms.
Unloading 0 Unused Serialized files (Serialized files now loaded: 0)
Unloading 2687 unused Assets / (0.7 MB). Loaded Objects now: 3285.
Memory consumption went from 120.3 MB to 119.6 MB.
Total: 11.101000 ms (FindLiveObjects: 0.344500 ms CreateObjectMapping: 0.495300 ms MarkObjects: 9.567300 ms  DeleteObjects: 0.692800 ms)

Prepare: number of updated asset objects reloaded= 0
========================================================================
Received Prepare
Refreshing native plugins compatible for Editor in 7.68 ms, found 2 plugins.
Preloading 0 native plugins for Editor in 0.00 ms.
Unloading 0 Unused Serialized files (Serialized files now loaded: 0)
Unloading 2652 unused Assets / (0.5 MB). Loaded Objects now: 3285.
Memory consumption went from 120.3 MB to 119.7 MB.
Total: 14.415300 ms (FindLiveObjects: 0.856500 ms CreateObjectMapping: 0.375200 ms MarkObjects: 12.024200 ms  DeleteObjects: 1.157200 ms)

Prepare: number of updated asset objects reloaded= 0
========================================================================
Received Prepare
Begin MonoManager ReloadAssembly
Duplicate assembly 'log4net.dll' with different versions detected, using 'Assets/References/log4net.dll, AssemblyName=log4net, Version=2.0.8.0, Culture=neutral, PublicKeyToken=null' and ignoring 'Packages/com.unity.collab-proxy/Lib/Editor/PlasticSCM/log4netPlastic.dll, AssemblyName=log4net, Version=1.2.15.0, Culture=neutral, PublicKeyToken=669e0ddf0bb1aa2a'.Duplicate assembly 'Newtonsoft.Json.dll' with different versions detected, using 'Packages/com.unity.nuget.newtonsoft-json/Runtime/Newtonsoft.Json.dll, AssemblyName=Newtonsoft.Json, Version=13.0.0.0, Culture=neutral, PublicKeyToken=30ad4fe6b2a6aeed' and ignoring 'Assets/JsonDotNet/Assemblies/Standalone/Newtonsoft.Json.dll, AssemblyName=Newtonsoft.Json, Version=8.0.0.0, Culture=neutral, PublicKeyToken=null'.Symbol file LoadedFromMemory is not a mono symbol file
Symbol file LoadedFromMemory is not a mono symbol file
Symbol file LoadedFromMemory is not a mono symbol file
- Loaded All Assemblies, in  7.969 seconds
Refreshing native plugins compatible for Editor in 7.85 ms, found 2 plugins.
Native extension for iOS target not found
Native extension for Android target not found
Native extension for WindowsStandalone target not found
Mono: successfully reloaded assembly
- Finished resetting the current domain, in  1.741 seconds
Domain Reload Profiling: 9698ms
	BeginReloadAssembly (693ms)
		ExecutionOrderSort (0ms)
		DisableScriptedObjects (71ms)
		BackupInstance (0ms)
		ReleaseScriptingObjects (0ms)
		CreateAndSetChildDomain (114ms)
	RebuildCommonClasses (345ms)
	RebuildNativeTypeToScriptingClass (35ms)
	initialDomainReloadingComplete (86ms)
	LoadAllAssembliesAndSetupDomain (6797ms)
		LoadAssemblies (7027ms)
		RebuildTransferFunctionScriptingTraits (0ms)
		AnalyzeDomain (185ms)
			TypeCache.Refresh (16ms)
				TypeCache.ScanAssembly (2ms)
			BuildScriptInfoCaches (159ms)
			ResolveRequiredComponents (6ms)
	FinalizeReload (1741ms)
		ReleaseScriptCaches (0ms)
		RebuildScriptCaches (0ms)
		SetupLoadedEditorAssemblies (1284ms)
			LogAssemblyErrors (0ms)
			InitializePlatformSupportModulesInManaged (46ms)
			SetLoadedEditorAssemblies (11ms)
			BeforeProcessingInitializeOnLoad (119ms)
			ProcessInitializeOnLoadAttributes (793ms)
			ProcessInitializeOnLoadMethodAttributes (304ms)
			AfterProcessingInitializeOnLoad (10ms)
			EditorAssembliesLoaded (0ms)
		ExecutionOrderSort2 (0ms)
		AwakeInstancesAfterBackupRestoration (19ms)
Refreshing native plugins compatible for Editor in 6.91 ms, found 2 plugins.
Preloading 0 native plugins for Editor in 0.00 ms.
Unloading 0 Unused Serialized files (Serialized files now loaded: 0)
Unloading 2687 unused Assets / (0.5 MB). Loaded Objects now: 3285.
Memory consumption went from 124.1 MB to 123.6 MB.
Total: 11.800000 ms (FindLiveObjects: 0.407200 ms CreateObjectMapping: 0.336000 ms MarkObjects: 10.338100 ms  DeleteObjects: 0.717400 ms)

Prepare: number of updated asset objects reloaded= 0
========================================================================
Received Prepare
Begin MonoManager ReloadAssembly
Duplicate assembly 'log4net.dll' with different versions detected, using 'Assets/References/log4net.dll, AssemblyName=log4net, Version=2.0.8.0, Culture=neutral, PublicKeyToken=null' and ignoring 'Packages/com.unity.collab-proxy/Lib/Editor/PlasticSCM/log4netPlastic.dll, AssemblyName=log4net, Version=1.2.15.0, Culture=neutral, PublicKeyToken=669e0ddf0bb1aa2a'.Duplicate assembly 'Newtonsoft.Json.dll' with different versions detected, using 'Packages/com.unity.nuget.newtonsoft-json/Runtime/Newtonsoft.Json.dll, AssemblyName=Newtonsoft.Json, Version=13.0.0.0, Culture=neutral, PublicKeyToken=30ad4fe6b2a6aeed' and ignoring 'Assets/JsonDotNet/Assemblies/Standalone/Newtonsoft.Json.dll, AssemblyName=Newtonsoft.Json, Version=8.0.0.0, Culture=neutral, PublicKeyToken=null'.Symbol file LoadedFromMemory is not a mono symbol file
Symbol file LoadedFromMemory is not a mono symbol file
Symbol file LoadedFromMemory is not a mono symbol file
- Loaded All Assemblies, in  3.544 seconds
Refreshing native plugins compatible for Editor in 6.60 ms, found 2 plugins.
Native extension for iOS target not found
Native extension for Android target not found
Native extension for WindowsStandalone target not found
Mono: successfully reloaded assembly
- Finished resetting the current domain, in  1.981 seconds
Domain Reload Profiling: 5519ms
	BeginReloadAssembly (295ms)
		ExecutionOrderSort (0ms)
		DisableScriptedObjects (12ms)
		BackupInstance (0ms)
		ReleaseScriptingObjects (0ms)
		CreateAndSetChildDomain (77ms)
	RebuildCommonClasses (57ms)
	RebuildNativeTypeToScriptingClass (25ms)
	initialDomainReloadingComplete (59ms)
	LoadAllAssembliesAndSetupDomain (3101ms)
		LoadAssemblies (2949ms)
		RebuildTransferFunctionScriptingTraits (0ms)
		AnalyzeDomain (298ms)
			TypeCache.Refresh (6ms)
				TypeCache.ScanAssembly (0ms)
			BuildScriptInfoCaches (285ms)
			ResolveRequiredComponents (5ms)
	FinalizeReload (1982ms)
		ReleaseScriptCaches (0ms)
		RebuildScriptCaches (0ms)
		SetupLoadedEditorAssemblies (1641ms)
			LogAssemblyErrors (0ms)
			InitializePlatformSupportModulesInManaged (50ms)
			SetLoadedEditorAssemblies (11ms)
			BeforeProcessingInitializeOnLoad (95ms)
			ProcessInitializeOnLoadAttributes (1038ms)
			ProcessInitializeOnLoadMethodAttributes (439ms)
			AfterProcessingInitializeOnLoad (9ms)
			EditorAssembliesLoaded (1ms)
		ExecutionOrderSort2 (0ms)
		AwakeInstancesAfterBackupRestoration (23ms)
Refreshing native plugins compatible for Editor in 26.73 ms, found 2 plugins.
Preloading 0 native plugins for Editor in 0.00 ms.
Unloading 0 Unused Serialized files (Serialized files now loaded: 0)
Unloading 2687 unused Assets / (1.0 MB). Loaded Objects now: 3285.
Memory consumption went from 126.1 MB to 125.1 MB.
Total: 45.973900 ms (FindLiveObjects: 1.183800 ms CreateObjectMapping: 0.879500 ms MarkObjects: 39.121500 ms  DeleteObjects: 4.786700 ms)

Prepare: number of updated asset objects reloaded= 0
========================================================================
Received Prepare
Refreshing native plugins compatible for Editor in 20.61 ms, found 2 plugins.
Preloading 0 native plugins for Editor in 0.00 ms.
Unloading 0 Unused Serialized files (Serialized files now loaded: 0)
Unloading 2652 unused Assets / (0.7 MB). Loaded Objects now: 3285.
Memory consumption went from 126.0 MB to 125.3 MB.
Total: 25.420500 ms (FindLiveObjects: 0.915400 ms CreateObjectMapping: 0.715000 ms MarkObjects: 22.709800 ms  DeleteObjects: 1.078600 ms)

Prepare: number of updated asset objects reloaded= 0
========================================================================
Received Prepare
Begin MonoManager ReloadAssembly
Duplicate assembly 'log4net.dll' with different versions detected, using 'Assets/References/log4net.dll, AssemblyName=log4net, Version=2.0.8.0, Culture=neutral, PublicKeyToken=null' and ignoring 'Packages/com.unity.collab-proxy/Lib/Editor/PlasticSCM/log4netPlastic.dll, AssemblyName=log4net, Version=1.2.15.0, Culture=neutral, PublicKeyToken=669e0ddf0bb1aa2a'.Duplicate assembly 'Newtonsoft.Json.dll' with different versions detected, using 'Packages/com.unity.nuget.newtonsoft-json/Runtime/Newtonsoft.Json.dll, AssemblyName=Newtonsoft.Json, Version=13.0.0.0, Culture=neutral, PublicKeyToken=30ad4fe6b2a6aeed' and ignoring 'Assets/JsonDotNet/Assemblies/Standalone/Newtonsoft.Json.dll, AssemblyName=Newtonsoft.Json, Version=8.0.0.0, Culture=neutral, PublicKeyToken=null'.Symbol file LoadedFromMemory is not a mono symbol file
Symbol file LoadedFromMemory is not a mono symbol file
Symbol file LoadedFromMemory is not a mono symbol file
- Loaded All Assemblies, in  2.015 seconds
Refreshing native plugins compatible for Editor in 7.60 ms, found 2 plugins.
Native extension for iOS target not found
Native extension for Android target not found
Native extension for WindowsStandalone target not found
Mono: successfully reloaded assembly
- Finished resetting the current domain, in  3.404 seconds
Domain Reload Profiling: 5428ms
	BeginReloadAssembly (365ms)
		ExecutionOrderSort (0ms)
		DisableScriptedObjects (18ms)
		BackupInstance (0ms)
		ReleaseScriptingObjects (0ms)
		CreateAndSetChildDomain (62ms)
	RebuildCommonClasses (63ms)
	RebuildNativeTypeToScriptingClass (23ms)
	initialDomainReloadingComplete (49ms)
	LoadAllAssembliesAndSetupDomain (1509ms)
		LoadAssemblies (1385ms)
		RebuildTransferFunctionScriptingTraits (0ms)
		AnalyzeDomain (348ms)
			TypeCache.Refresh (22ms)
				TypeCache.ScanAssembly (3ms)
			BuildScriptInfoCaches (307ms)
			ResolveRequiredComponents (10ms)
	FinalizeReload (3419ms)
		ReleaseScriptCaches (0ms)
		RebuildScriptCaches (0ms)
		SetupLoadedEditorAssemblies (2667ms)
			LogAssemblyErrors (0ms)
			InitializePlatformSupportModulesInManaged (42ms)
			SetLoadedEditorAssemblies (12ms)
			BeforeProcessingInitializeOnLoad (128ms)
			ProcessInitializeOnLoadAttributes (1650ms)
			ProcessInitializeOnLoadMethodAttributes (785ms)
			AfterProcessingInitializeOnLoad (50ms)
			EditorAssembliesLoaded (0ms)
		ExecutionOrderSort2 (0ms)
		AwakeInstancesAfterBackupRestoration (51ms)
Refreshing native plugins compatible for Editor in 7.60 ms, found 2 plugins.
Preloading 0 native plugins for Editor in 0.00 ms.
Unloading 0 Unused Serialized files (Serialized files now loaded: 0)
Unloading 2687 unused Assets / (0.6 MB). Loaded Objects now: 3285.
Memory consumption went from 128.0 MB to 127.3 MB.
Total: 14.039400 ms (FindLiveObjects: 0.452400 ms CreateObjectMapping: 0.628600 ms MarkObjects: 11.619200 ms  DeleteObjects: 1.337600 ms)

Prepare: number of updated asset objects reloaded= 0
========================================================================
Received Prepare
Refreshing native plugins compatible for Editor in 6.82 ms, found 2 plugins.
Preloading 0 native plugins for Editor in 0.00 ms.
Unloading 0 Unused Serialized files (Serialized files now loaded: 0)
Unloading 2652 unused Assets / (0.7 MB). Loaded Objects now: 3285.
Memory consumption went from 128.0 MB to 127.3 MB.
Total: 11.292600 ms (FindLiveObjects: 0.321100 ms CreateObjectMapping: 0.276300 ms MarkObjects: 9.951300 ms  DeleteObjects: 0.743000 ms)

Prepare: number of updated asset objects reloaded= 0
========================================================================
Received Prepare
Begin MonoManager ReloadAssembly
Duplicate assembly 'log4net.dll' with different versions detected, using 'Assets/References/log4net.dll, AssemblyName=log4net, Version=2.0.8.0, Culture=neutral, PublicKeyToken=null' and ignoring 'Packages/com.unity.collab-proxy/Lib/Editor/PlasticSCM/log4netPlastic.dll, AssemblyName=log4net, Version=1.2.15.0, Culture=neutral, PublicKeyToken=669e0ddf0bb1aa2a'.Duplicate assembly 'Newtonsoft.Json.dll' with different versions detected, using 'Packages/com.unity.nuget.newtonsoft-json/Runtime/Newtonsoft.Json.dll, AssemblyName=Newtonsoft.Json, Version=13.0.0.0, Culture=neutral, PublicKeyToken=30ad4fe6b2a6aeed' and ignoring 'Assets/JsonDotNet/Assemblies/Standalone/Newtonsoft.Json.dll, AssemblyName=Newtonsoft.Json, Version=8.0.0.0, Culture=neutral, PublicKeyToken=null'.Symbol file LoadedFromMemory is not a mono symbol file
Symbol file LoadedFromMemory is not a mono symbol file
Symbol file LoadedFromMemory is not a mono symbol file
- Loaded All Assemblies, in  2.929 seconds
Refreshing native plugins compatible for Editor in 6.93 ms, found 2 plugins.
Native extension for iOS target not found
Native extension for Android target not found
Native extension for WindowsStandalone target not found
Mono: successfully reloaded assembly
- Finished resetting the current domain, in  1.503 seconds
Domain Reload Profiling: 4429ms
	BeginReloadAssembly (246ms)
		ExecutionOrderSort (0ms)
		DisableScriptedObjects (8ms)
		BackupInstance (0ms)
		ReleaseScriptingObjects (0ms)
		CreateAndSetChildDomain (57ms)
	RebuildCommonClasses (48ms)
	RebuildNativeTypeToScriptingClass (20ms)
	initialDomainReloadingComplete (41ms)
	LoadAllAssembliesAndSetupDomain (2570ms)
		LoadAssemblies (2464ms)
		RebuildTransferFunctionScriptingTraits (0ms)
		AnalyzeDomain (241ms)
			TypeCache.Refresh (14ms)
				TypeCache.ScanAssembly (1ms)
			BuildScriptInfoCaches (217ms)
			ResolveRequiredComponents (6ms)
	FinalizeReload (1504ms)
		ReleaseScriptCaches (0ms)
		RebuildScriptCaches (0ms)
		SetupLoadedEditorAssemblies (1227ms)
			LogAssemblyErrors (0ms)
			InitializePlatformSupportModulesInManaged (33ms)
			SetLoadedEditorAssemblies (6ms)
			BeforeProcessingInitializeOnLoad (94ms)
			ProcessInitializeOnLoadAttributes (830ms)
			ProcessInitializeOnLoadMethodAttributes (255ms)
			AfterProcessingInitializeOnLoad (8ms)
			EditorAssembliesLoaded (0ms)
		ExecutionOrderSort2 (0ms)
		AwakeInstancesAfterBackupRestoration (15ms)
Refreshing native plugins compatible for Editor in 7.16 ms, found 2 plugins.
Preloading 0 native plugins for Editor in 0.00 ms.
Unloading 0 Unused Serialized files (Serialized files now loaded: 0)
Unloading 2687 unused Assets / (0.5 MB). Loaded Objects now: 3285.
Memory consumption went from 129.9 MB to 129.4 MB.
Total: 13.954900 ms (FindLiveObjects: 0.597100 ms CreateObjectMapping: 0.697900 ms MarkObjects: 11.913100 ms  DeleteObjects: 0.745500 ms)

Prepare: number of updated asset objects reloaded= 0
========================================================================
Received Prepare
Refreshing native plugins compatible for Editor in 6.74 ms, found 2 plugins.
Preloading 0 native plugins for Editor in 0.00 ms.
Unloading 0 Unused Serialized files (Serialized files now loaded: 0)
Unloading 2652 unused Assets / (404.1 KB). Loaded Objects now: 3285.
Memory consumption went from 129.9 MB to 129.5 MB.
Total: 13.072100 ms (FindLiveObjects: 0.337400 ms CreateObjectMapping: 0.338400 ms MarkObjects: 10.875200 ms  DeleteObjects: 1.519800 ms)

Prepare: number of updated asset objects reloaded= 0
========================================================================
Received Prepare
Refreshing native plugins compatible for Editor in 7.75 ms, found 2 plugins.
Preloading 0 native plugins for Editor in 0.00 ms.
Unloading 0 Unused Serialized files (Serialized files now loaded: 0)
Unloading 2652 unused Assets / (0.7 MB). Loaded Objects now: 3285.
Memory consumption went from 129.9 MB to 129.2 MB.
Total: 12.660300 ms (FindLiveObjects: 0.366200 ms CreateObjectMapping: 0.323300 ms MarkObjects: 11.224500 ms  DeleteObjects: 0.744800 ms)

Prepare: number of updated asset objects reloaded= 0
========================================================================
Received Prepare
Begin MonoManager ReloadAssembly
Duplicate assembly 'log4net.dll' with different versions detected, using 'Assets/References/log4net.dll, AssemblyName=log4net, Version=2.0.8.0, Culture=neutral, PublicKeyToken=null' and ignoring 'Packages/com.unity.collab-proxy/Lib/Editor/PlasticSCM/log4netPlastic.dll, AssemblyName=log4net, Version=1.2.15.0, Culture=neutral, PublicKeyToken=669e0ddf0bb1aa2a'.Duplicate assembly 'Newtonsoft.Json.dll' with different versions detected, using 'Packages/com.unity.nuget.newtonsoft-json/Runtime/Newtonsoft.Json.dll, AssemblyName=Newtonsoft.Json, Version=13.0.0.0, Culture=neutral, PublicKeyToken=30ad4fe6b2a6aeed' and ignoring 'Assets/JsonDotNet/Assemblies/Standalone/Newtonsoft.Json.dll, AssemblyName=Newtonsoft.Json, Version=8.0.0.0, Culture=neutral, PublicKeyToken=null'.Symbol file LoadedFromMemory is not a mono symbol file
Symbol file LoadedFromMemory is not a mono symbol file
Symbol file LoadedFromMemory is not a mono symbol file
- Loaded All Assemblies, in  1.587 seconds
Refreshing native plugins compatible for Editor in 7.71 ms, found 2 plugins.
Native extension for iOS target not found
Native extension for Android target not found
Native extension for WindowsStandalone target not found
Mono: successfully reloaded assembly
- Finished resetting the current domain, in  1.496 seconds
Domain Reload Profiling: 3075ms
	BeginReloadAssembly (316ms)
		ExecutionOrderSort (0ms)
		DisableScriptedObjects (9ms)
		BackupInstance (0ms)
		ReleaseScriptingObjects (0ms)
		CreateAndSetChildDomain (88ms)
	RebuildCommonClasses (62ms)
	RebuildNativeTypeToScriptingClass (36ms)
	initialDomainReloadingComplete (57ms)
	LoadAllAssembliesAndSetupDomain (1107ms)
		LoadAssemblies (1143ms)
		RebuildTransferFunctionScriptingTraits (0ms)
		AnalyzeDomain (129ms)
			TypeCache.Refresh (11ms)
				TypeCache.ScanAssembly (2ms)
			BuildScriptInfoCaches (111ms)
			ResolveRequiredComponents (4ms)
	FinalizeReload (1497ms)
		ReleaseScriptCaches (0ms)
		RebuildScriptCaches (0ms)
		SetupLoadedEditorAssemblies (1139ms)
			LogAssemblyErrors (0ms)
			InitializePlatformSupportModulesInManaged (41ms)
			SetLoadedEditorAssemblies (7ms)
			BeforeProcessingInitializeOnLoad (109ms)
			ProcessInitializeOnLoadAttributes (669ms)
			ProcessInitializeOnLoadMethodAttributes (291ms)
			AfterProcessingInitializeOnLoad (21ms)
			EditorAssembliesLoaded (1ms)
		ExecutionOrderSort2 (0ms)
		AwakeInstancesAfterBackupRestoration (24ms)
Refreshing native plugins compatible for Editor in 5.87 ms, found 2 plugins.
Preloading 0 native plugins for Editor in 0.00 ms.
Unloading 0 Unused Serialized files (Serialized files now loaded: 0)
Unloading 2687 unused Assets / (0.7 MB). Loaded Objects now: 3285.
Memory consumption went from 131.8 MB to 131.1 MB.
Total: 13.076400 ms (FindLiveObjects: 0.363700 ms CreateObjectMapping: 0.307000 ms MarkObjects: 11.652200 ms  DeleteObjects: 0.752400 ms)

Prepare: number of updated asset objects reloaded= 0
========================================================================
Received Prepare
Refreshing native plugins compatible for Editor in 8.15 ms, found 2 plugins.
Preloading 0 native plugins for Editor in 0.00 ms.
Unloading 0 Unused Serialized files (Serialized files now loaded: 0)
Unloading 2652 unused Assets / (0.8 MB). Loaded Objects now: 3285.
Memory consumption went from 131.8 MB to 131.0 MB.
Total: 13.956800 ms (FindLiveObjects: 0.403700 ms CreateObjectMapping: 0.407900 ms MarkObjects: 11.953700 ms  DeleteObjects: 1.190200 ms)

Prepare: number of updated asset objects reloaded= 0
========================================================================
Received Prepare
Refreshing native plugins compatible for Editor in 19.58 ms, found 2 plugins.
Preloading 0 native plugins for Editor in 0.00 ms.
Unloading 0 Unused Serialized files (Serialized files now loaded: 0)
Unloading 2652 unused Assets / (0.6 MB). Loaded Objects now: 3285.
Memory consumption went from 131.8 MB to 131.2 MB.
Total: 23.916700 ms (FindLiveObjects: 0.487100 ms CreateObjectMapping: 0.917300 ms MarkObjects: 21.161900 ms  DeleteObjects: 1.348700 ms)

Prepare: number of updated asset objects reloaded= 0
========================================================================
Received Prepare
Refreshing native plugins compatible for Editor in 6.38 ms, found 2 plugins.
Preloading 0 native plugins for Editor in 0.00 ms.
Unloading 0 Unused Serialized files (Serialized files now loaded: 0)
Unloading 2652 unused Assets / (0.6 MB). Loaded Objects now: 3285.
Memory consumption went from 131.8 MB to 131.2 MB.
Total: 14.930800 ms (FindLiveObjects: 0.345300 ms CreateObjectMapping: 0.321100 ms MarkObjects: 13.448300 ms  DeleteObjects: 0.815000 ms)

Prepare: number of updated asset objects reloaded= 0
========================================================================
Received Prepare
Begin MonoManager ReloadAssembly
Duplicate assembly 'log4net.dll' with different versions detected, using 'Assets/References/log4net.dll, AssemblyName=log4net, Version=2.0.8.0, Culture=neutral, PublicKeyToken=null' and ignoring 'Packages/com.unity.collab-proxy/Lib/Editor/PlasticSCM/log4netPlastic.dll, AssemblyName=log4net, Version=1.2.15.0, Culture=neutral, PublicKeyToken=669e0ddf0bb1aa2a'.Duplicate assembly 'Newtonsoft.Json.dll' with different versions detected, using 'Packages/com.unity.nuget.newtonsoft-json/Runtime/Newtonsoft.Json.dll, AssemblyName=Newtonsoft.Json, Version=13.0.0.0, Culture=neutral, PublicKeyToken=30ad4fe6b2a6aeed' and ignoring 'Assets/JsonDotNet/Assemblies/Standalone/Newtonsoft.Json.dll, AssemblyName=Newtonsoft.Json, Version=8.0.0.0, Culture=neutral, PublicKeyToken=null'.Symbol file LoadedFromMemory is not a mono symbol file
Symbol file LoadedFromMemory is not a mono symbol file
Symbol file LoadedFromMemory is not a mono symbol file
- Loaded All Assemblies, in  1.096 seconds
Refreshing native plugins compatible for Editor in 6.93 ms, found 2 plugins.
Native extension for iOS target not found
Native extension for Android target not found
Native extension for WindowsStandalone target not found
Mono: successfully reloaded assembly
- Finished resetting the current domain, in  1.755 seconds
Domain Reload Profiling: 2845ms
	BeginReloadAssembly (298ms)
		ExecutionOrderSort (0ms)
		DisableScriptedObjects (7ms)
		BackupInstance (0ms)
		ReleaseScriptingObjects (1ms)
		CreateAndSetChildDomain (84ms)
	RebuildCommonClasses (53ms)
	RebuildNativeTypeToScriptingClass (22ms)
	initialDomainReloadingComplete (43ms)
	LoadAllAssembliesAndSetupDomain (674ms)
		LoadAssemblies (647ms)
		RebuildTransferFunctionScriptingTraits (0ms)
		AnalyzeDomain (183ms)
			TypeCache.Refresh (16ms)
				TypeCache.ScanAssembly (2ms)
			BuildScriptInfoCaches (158ms)
			ResolveRequiredComponents (7ms)
	FinalizeReload (1755ms)
		ReleaseScriptCaches (0ms)
		RebuildScriptCaches (0ms)
		SetupLoadedEditorAssemblies (1439ms)
			LogAssemblyErrors (0ms)
			InitializePlatformSupportModulesInManaged (31ms)
			SetLoadedEditorAssemblies (5ms)
			BeforeProcessingInitializeOnLoad (99ms)
			ProcessInitializeOnLoadAttributes (805ms)
			ProcessInitializeOnLoadMethodAttributes (491ms)
			AfterProcessingInitializeOnLoad (8ms)
			EditorAssembliesLoaded (0ms)
		ExecutionOrderSort2 (0ms)
		AwakeInstancesAfterBackupRestoration (16ms)
Refreshing native plugins compatible for Editor in 6.88 ms, found 2 plugins.
Preloading 0 native plugins for Editor in 0.00 ms.
Unloading 0 Unused Serialized files (Serialized files now loaded: 0)
Unloading 2687 unused Assets / (0.7 MB). Loaded Objects now: 3285.
Memory consumption went from 133.8 MB to 133.1 MB.
Total: 13.927800 ms (FindLiveObjects: 0.544500 ms CreateObjectMapping: 0.636500 ms MarkObjects: 11.199600 ms  DeleteObjects: 1.545500 ms)

Prepare: number of updated asset objects reloaded= 0
========================================================================
Received Prepare
Refreshing native plugins compatible for Editor in 7.69 ms, found 2 plugins.
Preloading 0 native plugins for Editor in 0.00 ms.
Unloading 0 Unused Serialized files (Serialized files now loaded: 0)
Unloading 2652 unused Assets / (0.8 MB). Loaded Objects now: 3285.
Memory consumption went from 133.7 MB to 133.0 MB.
Total: 16.694400 ms (FindLiveObjects: 0.473600 ms CreateObjectMapping: 0.534600 ms MarkObjects: 13.365100 ms  DeleteObjects: 2.319900 ms)

Prepare: number of updated asset objects reloaded= 0
========================================================================
Received Prepare
Refreshing native plugins compatible for Editor in 8.16 ms, found 2 plugins.
Preloading 0 native plugins for Editor in 0.00 ms.
Unloading 0 Unused Serialized files (Serialized files now loaded: 0)
Unloading 2653 unused Assets / (0.7 MB). Loaded Objects now: 3286.
Memory consumption went from 133.8 MB to 133.1 MB.
Total: 14.200600 ms (FindLiveObjects: 0.427800 ms CreateObjectMapping: 0.543200 ms MarkObjects: 12.451300 ms  DeleteObjects: 0.777200 ms)

Prepare: number of updated asset objects reloaded= 0
========================================================================
Received Import Request.
  Time since last request: 10141.846600 seconds.
  path: Assets/Scripts/Services/TeamService.cs
  artifactKey: Guid(6500691e4c49ec04c8cb538033d11a87) Importer(815301076,1909f56bfc062723c751e8b465ee728b)
Start importing Assets/Scripts/Services/TeamService.cs using Guid(6500691e4c49ec04c8cb538033d11a87) Importer(815301076,1909f56bfc062723c751e8b465ee728b) (PreviewImporter) -> (artifact id: '4071b318a8ab2a92c079c73e985d4f32') in 0.3518853 seconds
Number of updated asset objects reloaded before import = 0Number of asset objects unloaded after import = 0

========================================================================
Received Prepare
Refreshing native plugins compatible for Editor in 9.05 ms, found 2 plugins.
Preloading 0 native plugins for Editor in 0.00 ms.
Unloading 0 Unused Serialized files (Serialized files now loaded: 0)
Unloading 2653 unused Assets / (488.7 KB). Loaded Objects now: 3288.
Memory consumption went from 134.3 MB to 133.8 MB.
Total: 16.898700 ms (FindLiveObjects: 0.552700 ms CreateObjectMapping: 0.593100 ms MarkObjects: 14.511300 ms  DeleteObjects: 1.239600 ms)

Prepare: number of updated asset objects reloaded= 0
========================================================================
Received Prepare
Refreshing native plugins compatible for Editor in 7.31 ms, found 2 plugins.
Preloading 0 native plugins for Editor in 0.00 ms.
Unloading 0 Unused Serialized files (Serialized files now loaded: 0)
Unloading 2653 unused Assets / (0.6 MB). Loaded Objects now: 3288.
Memory consumption went from 134.3 MB to 133.7 MB.
Total: 19.822400 ms (FindLiveObjects: 0.853100 ms CreateObjectMapping: 0.696700 ms MarkObjects: 17.411200 ms  DeleteObjects: 0.860200 ms)

Prepare: number of updated asset objects reloaded= 0
========================================================================
Received Prepare
Refreshing native plugins compatible for Editor in 10.03 ms, found 2 plugins.
Preloading 0 native plugins for Editor in 0.00 ms.
Unloading 0 Unused Serialized files (Serialized files now loaded: 0)
Unloading 2653 unused Assets / (467.8 KB). Loaded Objects now: 3288.
Memory consumption went from 134.3 MB to 133.9 MB.
Total: 13.063800 ms (FindLiveObjects: 0.423600 ms CreateObjectMapping: 0.468900 ms MarkObjects: 11.471600 ms  DeleteObjects: 0.698600 ms)

Prepare: number of updated asset objects reloaded= 0
========================================================================
Received Prepare
Refreshing native plugins compatible for Editor in 8.44 ms, found 2 plugins.
Preloading 0 native plugins for Editor in 0.00 ms.
Unloading 0 Unused Serialized files (Serialized files now loaded: 0)
Unloading 2653 unused Assets / (0.5 MB). Loaded Objects now: 3288.
Memory consumption went from 134.3 MB to 133.8 MB.
Total: 13.381000 ms (FindLiveObjects: 0.470600 ms CreateObjectMapping: 0.623300 ms MarkObjects: 11.233900 ms  DeleteObjects: 1.052000 ms)

Prepare: number of updated asset objects reloaded= 0
========================================================================
Received Import Request.
  Time since last request: 69.504605 seconds.
  path: Assets/Scripts/Services/TeamService.cs
  artifactKey: Guid(6500691e4c49ec04c8cb538033d11a87) Importer(815301076,1909f56bfc062723c751e8b465ee728b)
Start importing Assets/Scripts/Services/TeamService.cs using Guid(6500691e4c49ec04c8cb538033d11a87) Importer(815301076,1909f56bfc062723c751e8b465ee728b) (PreviewImporter) -> (artifact id: '9cd81895ce173439f84ff9f7d4cf8027') in 0.0180014 seconds
Number of updated asset objects reloaded before import = 0Number of asset objects unloaded after import = 0

========================================================================
Received Prepare
Refreshing native plugins compatible for Editor in 7.48 ms, found 2 plugins.
Preloading 0 native plugins for Editor in 0.00 ms.
Unloading 0 Unused Serialized files (Serialized files now loaded: 0)
Unloading 2653 unused Assets / (0.6 MB). Loaded Objects now: 3288.
Memory consumption went from 134.3 MB to 133.8 MB.
Total: 13.264200 ms (FindLiveObjects: 0.375500 ms CreateObjectMapping: 0.503500 ms MarkObjects: 11.609800 ms  DeleteObjects: 0.774100 ms)

Prepare: number of updated asset objects reloaded= 0
========================================================================
Received Import Request.
  Time since last request: 1.405541 seconds.
  path: Assets/Scripts/Services/TeamService.cs
  artifactKey: Guid(6500691e4c49ec04c8cb538033d11a87) Importer(815301076,1909f56bfc062723c751e8b465ee728b)
Start importing Assets/Scripts/Services/TeamService.cs using Guid(6500691e4c49ec04c8cb538033d11a87) Importer(815301076,1909f56bfc062723c751e8b465ee728b) (PreviewImporter) -> (artifact id: '0b7a80edf7a9bad8c940025153f268fc') in 0.00496 seconds
Number of updated asset objects reloaded before import = 0Number of asset objects unloaded after import = 0

========================================================================
Received Prepare
Refreshing native plugins compatible for Editor in 12.50 ms, found 2 plugins.
Preloading 0 native plugins for Editor in 0.00 ms.
Unloading 0 Unused Serialized files (Serialized files now loaded: 0)
Unloading 2653 unused Assets / (384.8 KB). Loaded Objects now: 3288.
Memory consumption went from 134.3 MB to 133.9 MB.
Total: 20.791900 ms (FindLiveObjects: 0.708900 ms CreateObjectMapping: 0.600800 ms MarkObjects: 17.168000 ms  DeleteObjects: 2.310200 ms)

Prepare: number of updated asset objects reloaded= 0
========================================================================
Received Import Request.
  Time since last request: 20.635929 seconds.
  path: Assets/Scripts/Services/TeamService.cs
  artifactKey: Guid(6500691e4c49ec04c8cb538033d11a87) Importer(815301076,1909f56bfc062723c751e8b465ee728b)
Start importing Assets/Scripts/Services/TeamService.cs using Guid(6500691e4c49ec04c8cb538033d11a87) Importer(815301076,1909f56bfc062723c751e8b465ee728b) (PreviewImporter) -> (artifact id: 'b5966e99f7d58fa21febca7eeab96213') in 0.0042567 seconds
Number of updated asset objects reloaded before import = 0Number of asset objects unloaded after import = 0

========================================================================
Received Prepare
Refreshing native plugins compatible for Editor in 13.92 ms, found 2 plugins.
Preloading 0 native plugins for Editor in 0.00 ms.
Unloading 0 Unused Serialized files (Serialized files now loaded: 0)
Unloading 2653 unused Assets / (1.1 MB). Loaded Objects now: 3288.
Memory consumption went from 134.3 MB to 133.2 MB.
Total: 29.240200 ms (FindLiveObjects: 0.575100 ms CreateObjectMapping: 0.680000 ms MarkObjects: 24.932300 ms  DeleteObjects: 3.051500 ms)

Prepare: number of updated asset objects reloaded= 0
========================================================================
Received Import Request.
  Time since last request: 52.105237 seconds.
  path: Assets/Scripts/Services/TeamService.cs
  artifactKey: Guid(6500691e4c49ec04c8cb538033d11a87) Importer(815301076,1909f56bfc062723c751e8b465ee728b)
Start importing Assets/Scripts/Services/TeamService.cs using Guid(6500691e4c49ec04c8cb538033d11a87) Importer(815301076,1909f56bfc062723c751e8b465ee728b) (PreviewImporter) -> (artifact id: '0729b90353296dcca61a53cbd19affb2') in 0.0052286 seconds
Number of updated asset objects reloaded before import = 0Number of asset objects unloaded after import = 0

========================================================================
Received Prepare
Refreshing native plugins compatible for Editor in 18.05 ms, found 2 plugins.
Preloading 0 native plugins for Editor in 0.00 ms.
Unloading 0 Unused Serialized files (Serialized files now loaded: 0)
Unloading 2653 unused Assets / (479.5 KB). Loaded Objects now: 3288.
Memory consumption went from 134.3 MB to 133.9 MB.
Total: 18.526700 ms (FindLiveObjects: 0.493500 ms CreateObjectMapping: 0.941200 ms MarkObjects: 15.957000 ms  DeleteObjects: 1.133700 ms)

Prepare: number of updated asset objects reloaded= 0
========================================================================
Received Import Request.
  Time since last request: 12.452634 seconds.
  path: Assets/Scripts/Services/TeamService.cs
  artifactKey: Guid(6500691e4c49ec04c8cb538033d11a87) Importer(815301076,1909f56bfc062723c751e8b465ee728b)
Start importing Assets/Scripts/Services/TeamService.cs using Guid(6500691e4c49ec04c8cb538033d11a87) Importer(815301076,1909f56bfc062723c751e8b465ee728b) (PreviewImporter) -> (artifact id: '466deac519257ead03350d3ef1265f89') in 0.0046957 seconds
Number of updated asset objects reloaded before import = 0Number of asset objects unloaded after import = 0

========================================================================
Received Prepare
Refreshing native plugins compatible for Editor in 11.13 ms, found 2 plugins.
Preloading 0 native plugins for Editor in 0.00 ms.
Unloading 0 Unused Serialized files (Serialized files now loaded: 0)
Unloading 2653 unused Assets / (0.6 MB). Loaded Objects now: 3288.
Memory consumption went from 134.3 MB to 133.8 MB.
Total: 17.778500 ms (FindLiveObjects: 0.497100 ms CreateObjectMapping: 0.524400 ms MarkObjects: 16.009200 ms  DeleteObjects: 0.746600 ms)

Prepare: number of updated asset objects reloaded= 0
========================================================================
Received Import Request.
  Time since last request: 3.589491 seconds.
  path: Assets/Scripts/Services/TeamService.cs
  artifactKey: Guid(6500691e4c49ec04c8cb538033d11a87) Importer(815301076,1909f56bfc062723c751e8b465ee728b)
Start importing Assets/Scripts/Services/TeamService.cs using Guid(6500691e4c49ec04c8cb538033d11a87) Importer(815301076,1909f56bfc062723c751e8b465ee728b) (PreviewImporter) -> (artifact id: '0ab3f37380b1bfba092ecc01e588aef3') in 0.0046157 seconds
Number of updated asset objects reloaded before import = 0Number of asset objects unloaded after import = 0

========================================================================
Received Prepare
Refreshing native plugins compatible for Editor in 11.10 ms, found 2 plugins.
Preloading 0 native plugins for Editor in 0.00 ms.
Unloading 0 Unused Serialized files (Serialized files now loaded: 0)
Unloading 2653 unused Assets / (0.6 MB). Loaded Objects now: 3288.
Memory consumption went from 134.3 MB to 133.7 MB.
Total: 22.325100 ms (FindLiveObjects: 0.472300 ms CreateObjectMapping: 0.592300 ms MarkObjects: 20.072700 ms  DeleteObjects: 1.186600 ms)

Prepare: number of updated asset objects reloaded= 0
========================================================================
Received Prepare
Refreshing native plugins compatible for Editor in 8.04 ms, found 2 plugins.
Preloading 0 native plugins for Editor in 0.00 ms.
Unloading 0 Unused Serialized files (Serialized files now loaded: 0)
Unloading 2653 unused Assets / (0.6 MB). Loaded Objects now: 3288.
Memory consumption went from 134.3 MB to 133.7 MB.
Total: 16.097500 ms (FindLiveObjects: 0.404800 ms CreateObjectMapping: 0.418300 ms MarkObjects: 14.056200 ms  DeleteObjects: 1.216900 ms)

Prepare: number of updated asset objects reloaded= 0
========================================================================
Received Prepare
Refreshing native plugins compatible for Editor in 16.21 ms, found 2 plugins.
Preloading 0 native plugins for Editor in 0.00 ms.
Unloading 0 Unused Serialized files (Serialized files now loaded: 0)
Unloading 2653 unused Assets / (0.6 MB). Loaded Objects now: 3288.
Memory consumption went from 134.3 MB to 133.8 MB.
Total: 21.654300 ms (FindLiveObjects: 0.464000 ms CreateObjectMapping: 0.613800 ms MarkObjects: 19.438200 ms  DeleteObjects: 1.137100 ms)

Prepare: number of updated asset objects reloaded= 0
========================================================================
Received Import Request.
  Time since last request: 134.686375 seconds.
  path: Assets/Scripts/Services/TeamService.cs
  artifactKey: Guid(6500691e4c49ec04c8cb538033d11a87) Importer(815301076,1909f56bfc062723c751e8b465ee728b)
Start importing Assets/Scripts/Services/TeamService.cs using Guid(6500691e4c49ec04c8cb538033d11a87) Importer(815301076,1909f56bfc062723c751e8b465ee728b) (PreviewImporter) -> (artifact id: '06da9b4ee39c9bd651342b13246d5f06') in 0.0142696 seconds
Number of updated asset objects reloaded before import = 0Number of asset objects unloaded after import = 0

========================================================================
Received Import Request.
  Time since last request: 11.602153 seconds.
  path: Assets/Scripts/UI/Team
  artifactKey: Guid(f8086cc0a3a004647b6b52223cb62494) Importer(815301076,1909f56bfc062723c751e8b465ee728b)
Start importing Assets/Scripts/UI/Team using Guid(f8086cc0a3a004647b6b52223cb62494) Importer(815301076,1909f56bfc062723c751e8b465ee728b) (PreviewImporter) -> (artifact id: 'ab0c45349268cc07f7a6ad3df68e067b') in 0.0005466 seconds
Number of updated asset objects reloaded before import = 0Number of asset objects unloaded after import = 0

========================================================================
Received Prepare
Refreshing native plugins compatible for Editor in 8.23 ms, found 2 plugins.
Preloading 0 native plugins for Editor in 0.00 ms.
Unloading 0 Unused Serialized files (Serialized files now loaded: 0)
Unloading 2654 unused Assets / (0.7 MB). Loaded Objects now: 3289.
Memory consumption went from 134.3 MB to 133.7 MB.
Total: 13.585900 ms (FindLiveObjects: 0.671100 ms CreateObjectMapping: 1.132500 ms MarkObjects: 10.923700 ms  DeleteObjects: 0.857400 ms)

Prepare: number of updated asset objects reloaded= 0
========================================================================
Received Import Request.
  Time since last request: 16.724481 seconds.
  path: Assets/Scripts/UI/Team/UITeam.cs
  artifactKey: Guid(8585aaf9dfad2474ab424604b09b8269) Importer(815301076,1909f56bfc062723c751e8b465ee728b)
Start importing Assets/Scripts/UI/Team/UITeam.cs using Guid(8585aaf9dfad2474ab424604b09b8269) Importer(815301076,1909f56bfc062723c751e8b465ee728b) (PreviewImporter) -> (artifact id: '7af8899d114228aae847f1758ade1314') in 0.0049619 seconds
Number of updated asset objects reloaded before import = 0Number of asset objects unloaded after import = 0

========================================================================
Received Prepare
Refreshing native plugins compatible for Editor in 7.83 ms, found 2 plugins.
Preloading 0 native plugins for Editor in 0.00 ms.
Unloading 0 Unused Serialized files (Serialized files now loaded: 0)
Unloading 2654 unused Assets / (493.3 KB). Loaded Objects now: 3289.
Memory consumption went from 134.3 MB to 133.8 MB.
Total: 12.694100 ms (FindLiveObjects: 0.382200 ms CreateObjectMapping: 0.423500 ms MarkObjects: 10.806400 ms  DeleteObjects: 1.080500 ms)

Prepare: number of updated asset objects reloaded= 0
========================================================================
Received Prepare
Refreshing native plugins compatible for Editor in 7.45 ms, found 2 plugins.
Preloading 0 native plugins for Editor in 0.00 ms.
Unloading 0 Unused Serialized files (Serialized files now loaded: 0)
Unloading 2654 unused Assets / (0.7 MB). Loaded Objects now: 3289.
Memory consumption went from 134.3 MB to 133.6 MB.
Total: 12.007100 ms (FindLiveObjects: 0.346600 ms CreateObjectMapping: 0.449300 ms MarkObjects: 10.209100 ms  DeleteObjects: 1.000800 ms)

Prepare: number of updated asset objects reloaded= 0
========================================================================
Received Prepare
Refreshing native plugins compatible for Editor in 22.97 ms, found 2 plugins.
Preloading 0 native plugins for Editor in 0.00 ms.
Unloading 0 Unused Serialized files (Serialized files now loaded: 0)
Unloading 2654 unused Assets / (0.6 MB). Loaded Objects now: 3289.
Memory consumption went from 134.3 MB to 133.7 MB.
Total: 20.044700 ms (FindLiveObjects: 1.388300 ms CreateObjectMapping: 0.809900 ms MarkObjects: 16.960900 ms  DeleteObjects: 0.883600 ms)

Prepare: number of updated asset objects reloaded= 0
========================================================================
Received Prepare
Refreshing native plugins compatible for Editor in 9.03 ms, found 2 plugins.
Preloading 0 native plugins for Editor in 0.00 ms.
Unloading 0 Unused Serialized files (Serialized files now loaded: 0)
Unloading 2654 unused Assets / (0.7 MB). Loaded Objects now: 3289.
Memory consumption went from 134.3 MB to 133.6 MB.
Total: 14.164100 ms (FindLiveObjects: 0.480400 ms CreateObjectMapping: 0.343400 ms MarkObjects: 12.153800 ms  DeleteObjects: 1.185600 ms)

Prepare: number of updated asset objects reloaded= 0
========================================================================
Received Prepare
Refreshing native plugins compatible for Editor in 6.55 ms, found 2 plugins.
Preloading 0 native plugins for Editor in 0.00 ms.
Unloading 0 Unused Serialized files (Serialized files now loaded: 0)
Unloading 2655 unused Assets / (0.7 MB). Loaded Objects now: 3290.
Memory consumption went from 134.3 MB to 133.6 MB.
Total: 17.432700 ms (FindLiveObjects: 0.806800 ms CreateObjectMapping: 3.461300 ms MarkObjects: 11.965600 ms  DeleteObjects: 1.197600 ms)

Prepare: number of updated asset objects reloaded= 0
========================================================================
Received Import Request.
  Time since last request: 1543.547671 seconds.
  path: Assets/Scripts/UI/Team/UITeamItem.cs
  artifactKey: Guid(896c93c11c6bac247aedbb89b66cd93c) Importer(815301076,1909f56bfc062723c751e8b465ee728b)
Start importing Assets/Scripts/UI/Team/UITeamItem.cs using Guid(896c93c11c6bac247aedbb89b66cd93c) Importer(815301076,1909f56bfc062723c751e8b465ee728b) (PreviewImporter) -> (artifact id: '7a54dd2189e4d2cc8f274b89f3aba1e0') in 0.0185253 seconds
Number of updated asset objects reloaded before import = 0Number of asset objects unloaded after import = 0

========================================================================
Received Prepare
Refreshing native plugins compatible for Editor in 11.42 ms, found 2 plugins.
Preloading 0 native plugins for Editor in 0.00 ms.
Unloading 0 Unused Serialized files (Serialized files now loaded: 0)
Unloading 2655 unused Assets / (0.6 MB). Loaded Objects now: 3290.
Memory consumption went from 134.3 MB to 133.8 MB.
Total: 17.639800 ms (FindLiveObjects: 0.444700 ms CreateObjectMapping: 0.662200 ms MarkObjects: 14.999300 ms  DeleteObjects: 1.532600 ms)

Prepare: number of updated asset objects reloaded= 0
========================================================================
Received Import Request.
  Time since last request: 21.541140 seconds.
  path: Assets/Scripts/UI/Team/UITeamItem.cs
  artifactKey: Guid(896c93c11c6bac247aedbb89b66cd93c) Importer(815301076,1909f56bfc062723c751e8b465ee728b)
Start importing Assets/Scripts/UI/Team/UITeamItem.cs using Guid(896c93c11c6bac247aedbb89b66cd93c) Importer(815301076,1909f56bfc062723c751e8b465ee728b) (PreviewImporter) -> (artifact id: 'cf7d9c267c14eb7e35bea91ac085d855') in 0.0049195 seconds
Number of updated asset objects reloaded before import = 0Number of asset objects unloaded after import = 0

========================================================================
Received Prepare
Refreshing native plugins compatible for Editor in 11.91 ms, found 2 plugins.
Preloading 0 native plugins for Editor in 0.00 ms.
Unloading 0 Unused Serialized files (Serialized files now loaded: 0)
Unloading 2655 unused Assets / (1.0 MB). Loaded Objects now: 3290.
Memory consumption went from 134.3 MB to 133.3 MB.
Total: 20.234900 ms (FindLiveObjects: 1.072500 ms CreateObjectMapping: 0.631900 ms MarkObjects: 16.630700 ms  DeleteObjects: 1.898400 ms)

Prepare: number of updated asset objects reloaded= 0
========================================================================
Received Import Request.
  Time since last request: 3.583911 seconds.
  path: Assets/Scripts/UI/Team/UITeamItem.cs
  artifactKey: Guid(896c93c11c6bac247aedbb89b66cd93c) Importer(815301076,1909f56bfc062723c751e8b465ee728b)
Start importing Assets/Scripts/UI/Team/UITeamItem.cs using Guid(896c93c11c6bac247aedbb89b66cd93c) Importer(815301076,1909f56bfc062723c751e8b465ee728b) (PreviewImporter) -> (artifact id: 'a4b986b19141bcb8c254526bdace8e2e') in 0.0072957 seconds
Number of updated asset objects reloaded before import = 0Number of asset objects unloaded after import = 0

========================================================================
Received Prepare
Refreshing native plugins compatible for Editor in 9.74 ms, found 2 plugins.
Preloading 0 native plugins for Editor in 0.00 ms.
Unloading 0 Unused Serialized files (Serialized files now loaded: 0)
Unloading 2655 unused Assets / (267.0 KB). Loaded Objects now: 3290.
Memory consumption went from 134.3 MB to 134.1 MB.
Total: 24.454700 ms (FindLiveObjects: 0.680700 ms CreateObjectMapping: 0.809500 ms MarkObjects: 20.371700 ms  DeleteObjects: 2.591300 ms)

Prepare: number of updated asset objects reloaded= 0
========================================================================
Received Prepare
Refreshing native plugins compatible for Editor in 10.23 ms, found 2 plugins.
Preloading 0 native plugins for Editor in 0.00 ms.
Unloading 0 Unused Serialized files (Serialized files now loaded: 0)
Unloading 2655 unused Assets / (0.6 MB). Loaded Objects now: 3290.
Memory consumption went from 134.3 MB to 133.7 MB.
Total: 25.379500 ms (FindLiveObjects: 0.360000 ms CreateObjectMapping: 0.492300 ms MarkObjects: 22.043800 ms  DeleteObjects: 2.482300 ms)

Prepare: number of updated asset objects reloaded= 0
========================================================================
Received Import Request.
  Time since last request: 68.409535 seconds.
  path: Assets/Scripts/UI/Team/UITeamItem.cs
  artifactKey: Guid(896c93c11c6bac247aedbb89b66cd93c) Importer(815301076,1909f56bfc062723c751e8b465ee728b)
Start importing Assets/Scripts/UI/Team/UITeamItem.cs using Guid(896c93c11c6bac247aedbb89b66cd93c) Importer(815301076,1909f56bfc062723c751e8b465ee728b) (PreviewImporter) -> (artifact id: 'a4b986b19141bcb8c254526bdace8e2e') in 0.0099734 seconds
Number of updated asset objects reloaded before import = 0Number of asset objects unloaded after import = 0

========================================================================
Received Prepare
Refreshing native plugins compatible for Editor in 19.83 ms, found 2 plugins.
Preloading 0 native plugins for Editor in 0.00 ms.
Unloading 0 Unused Serialized files (Serialized files now loaded: 0)
Unloading 2655 unused Assets / (0.8 MB). Loaded Objects now: 3290.
Memory consumption went from 134.3 MB to 133.6 MB.
Total: 34.176600 ms (FindLiveObjects: 0.466100 ms CreateObjectMapping: 0.694200 ms MarkObjects: 30.498100 ms  DeleteObjects: 2.517000 ms)

Prepare: number of updated asset objects reloaded= 0
========================================================================
Received Import Request.
  Time since last request: 8.917643 seconds.
  path: Assets/Scripts/UI/Team/UITeamItem.cs
  artifactKey: Guid(896c93c11c6bac247aedbb89b66cd93c) Importer(815301076,1909f56bfc062723c751e8b465ee728b)
Start importing Assets/Scripts/UI/Team/UITeamItem.cs using Guid(896c93c11c6bac247aedbb89b66cd93c) Importer(815301076,1909f56bfc062723c751e8b465ee728b) (PreviewImporter) -> (artifact id: 'a4b986b19141bcb8c254526bdace8e2e') in 0.0065785 seconds
Number of updated asset objects reloaded before import = 0Number of asset objects unloaded after import = 0

========================================================================
Received Prepare
Refreshing native plugins compatible for Editor in 12.54 ms, found 2 plugins.
Preloading 0 native plugins for Editor in 0.00 ms.
Unloading 0 Unused Serialized files (Serialized files now loaded: 0)
Unloading 2655 unused Assets / (0.6 MB). Loaded Objects now: 3290.
Memory consumption went from 134.3 MB to 133.7 MB.
Total: 19.537200 ms (FindLiveObjects: 0.731700 ms CreateObjectMapping: 0.644000 ms MarkObjects: 16.992500 ms  DeleteObjects: 1.167800 ms)

Prepare: number of updated asset objects reloaded= 0
========================================================================
Received Import Request.
  Time since last request: 48.127316 seconds.
  path: Assets/Scripts/UI/Team/UITeamItem.cs
  artifactKey: Guid(896c93c11c6bac247aedbb89b66cd93c) Importer(815301076,1909f56bfc062723c751e8b465ee728b)
Start importing Assets/Scripts/UI/Team/UITeamItem.cs using Guid(896c93c11c6bac247aedbb89b66cd93c) Importer(815301076,1909f56bfc062723c751e8b465ee728b) (PreviewImporter) -> (artifact id: '3378af24ed220456c0c80c88eee52c65') in 0.0046713 seconds
Number of updated asset objects reloaded before import = 0Number of asset objects unloaded after import = 0

========================================================================
Received Prepare
Refreshing native plugins compatible for Editor in 51.32 ms, found 2 plugins.
Preloading 0 native plugins for Editor in 0.00 ms.
Unloading 0 Unused Serialized files (Serialized files now loaded: 0)
Unloading 2655 unused Assets / (0.6 MB). Loaded Objects now: 3290.
Memory consumption went from 134.3 MB to 133.7 MB.
Total: 31.791300 ms (FindLiveObjects: 0.593000 ms CreateObjectMapping: 2.648500 ms MarkObjects: 27.166600 ms  DeleteObjects: 1.381800 ms)

Prepare: number of updated asset objects reloaded= 0
========================================================================
Received Import Request.
  Time since last request: 5.513582 seconds.
  path: Assets/Scripts/UI/Team/UITeamItem.cs
  artifactKey: Guid(896c93c11c6bac247aedbb89b66cd93c) Importer(815301076,1909f56bfc062723c751e8b465ee728b)
Start importing Assets/Scripts/UI/Team/UITeamItem.cs using Guid(896c93c11c6bac247aedbb89b66cd93c) Importer(815301076,1909f56bfc062723c751e8b465ee728b) (PreviewImporter) -> (artifact id: '9da1f7c6fe8cf9c7c9274d4276ccb266') in 0.0086952 seconds
Number of updated asset objects reloaded before import = 0Number of asset objects unloaded after import = 0

========================================================================
Received Prepare
Refreshing native plugins compatible for Editor in 11.18 ms, found 2 plugins.
Preloading 0 native plugins for Editor in 0.00 ms.
Unloading 0 Unused Serialized files (Serialized files now loaded: 0)
Unloading 2655 unused Assets / (0.7 MB). Loaded Objects now: 3290.
Memory consumption went from 134.3 MB to 133.6 MB.
Total: 17.327200 ms (FindLiveObjects: 0.489000 ms CreateObjectMapping: 0.622800 ms MarkObjects: 15.240500 ms  DeleteObjects: 0.973300 ms)

Prepare: number of updated asset objects reloaded= 0
========================================================================
Received Import Request.
  Time since last request: 57.494514 seconds.
  path: Assets/Scripts/UI/Team/UITeamItem.cs
  artifactKey: Guid(896c93c11c6bac247aedbb89b66cd93c) Importer(815301076,1909f56bfc062723c751e8b465ee728b)
Start importing Assets/Scripts/UI/Team/UITeamItem.cs using Guid(896c93c11c6bac247aedbb89b66cd93c) Importer(815301076,1909f56bfc062723c751e8b465ee728b) (PreviewImporter) -> (artifact id: 'dec6cfec35a65519528b7569d7d26fa8') in 0.0042697 seconds
Number of updated asset objects reloaded before import = 0Number of asset objects unloaded after import = 0

========================================================================
Received Prepare
Refreshing native plugins compatible for Editor in 14.40 ms, found 2 plugins.
Preloading 0 native plugins for Editor in 0.00 ms.
Unloading 0 Unused Serialized files (Serialized files now loaded: 0)
Unloading 2655 unused Assets / (0.6 MB). Loaded Objects now: 3290.
Memory consumption went from 134.3 MB to 133.8 MB.
Total: 18.088900 ms (FindLiveObjects: 0.751300 ms CreateObjectMapping: 0.658500 ms MarkObjects: 15.645100 ms  DeleteObjects: 1.032600 ms)

Prepare: number of updated asset objects reloaded= 0
========================================================================
Received Import Request.
  Time since last request: 20.267236 seconds.
  path: Assets/Scripts/UI/Team/UITeamItem.cs
  artifactKey: Guid(896c93c11c6bac247aedbb89b66cd93c) Importer(815301076,1909f56bfc062723c751e8b465ee728b)
Start importing Assets/Scripts/UI/Team/UITeamItem.cs using Guid(896c93c11c6bac247aedbb89b66cd93c) Importer(815301076,1909f56bfc062723c751e8b465ee728b) (PreviewImporter) -> (artifact id: '1c89d5f90972a811fb630c3221e64254') in 0.0049928 seconds
Number of updated asset objects reloaded before import = 0Number of asset objects unloaded after import = 0

========================================================================
Received Prepare
Refreshing native plugins compatible for Editor in 15.61 ms, found 2 plugins.
Preloading 0 native plugins for Editor in 0.00 ms.
Unloading 0 Unused Serialized files (Serialized files now loaded: 0)
Unloading 2655 unused Assets / (300.6 KB). Loaded Objects now: 3290.
Memory consumption went from 134.3 MB to 134.0 MB.
Total: 46.567500 ms (FindLiveObjects: 0.574000 ms CreateObjectMapping: 0.632300 ms MarkObjects: 43.277500 ms  DeleteObjects: 2.081800 ms)

Prepare: number of updated asset objects reloaded= 0
========================================================================
Received Prepare
Refreshing native plugins compatible for Editor in 75.57 ms, found 2 plugins.
Preloading 0 native plugins for Editor in 0.00 ms.
Unloading 0 Unused Serialized files (Serialized files now loaded: 0)
Unloading 2655 unused Assets / (445.5 KB). Loaded Objects now: 3290.
Memory consumption went from 134.3 MB to 133.9 MB.
Total: 107.326400 ms (FindLiveObjects: 5.917500 ms CreateObjectMapping: 1.507100 ms MarkObjects: 98.588300 ms  DeleteObjects: 1.312200 ms)

Prepare: number of updated asset objects reloaded= 0
========================================================================
Received Import Request.
  Time since last request: 30.830463 seconds.
  path: Assets/Scripts/UI/Team/UITeamItem.cs
  artifactKey: Guid(896c93c11c6bac247aedbb89b66cd93c) Importer(815301076,1909f56bfc062723c751e8b465ee728b)
Start importing Assets/Scripts/UI/Team/UITeamItem.cs using Guid(896c93c11c6bac247aedbb89b66cd93c) Importer(815301076,1909f56bfc062723c751e8b465ee728b) (PreviewImporter) -> (artifact id: '293838eae63650dd6a0b94ac303b47a7') in 0.0901996 seconds
Number of updated asset objects reloaded before import = 0Number of asset objects unloaded after import = 0

========================================================================
Received Prepare
Refreshing native plugins compatible for Editor in 70.89 ms, found 2 plugins.
Preloading 0 native plugins for Editor in 0.00 ms.
Unloading 0 Unused Serialized files (Serialized files now loaded: 0)
Unloading 2655 unused Assets / (0.6 MB). Loaded Objects now: 3290.
Memory consumption went from 134.3 MB to 133.8 MB.
Total: 41.293100 ms (FindLiveObjects: 1.250600 ms CreateObjectMapping: 3.927900 ms MarkObjects: 33.209600 ms  DeleteObjects: 2.715700 ms)

Prepare: number of updated asset objects reloaded= 0
========================================================================
Received Import Request.
  Time since last request: 8.574955 seconds.
  path: Assets/Scripts/UI/Team/UITeamItem.cs
  artifactKey: Guid(896c93c11c6bac247aedbb89b66cd93c) Importer(815301076,1909f56bfc062723c751e8b465ee728b)
Start importing Assets/Scripts/UI/Team/UITeamItem.cs using Guid(896c93c11c6bac247aedbb89b66cd93c) Importer(815301076,1909f56bfc062723c751e8b465ee728b) (PreviewImporter) -> (artifact id: 'f872d2b8c0dcf7968c1ffc0c61aa75ac') in 0.0136707 seconds
Number of updated asset objects reloaded before import = 0Number of asset objects unloaded after import = 0

========================================================================
Received Prepare
Refreshing native plugins compatible for Editor in 12.91 ms, found 2 plugins.
Preloading 0 native plugins for Editor in 0.00 ms.
Unloading 0 Unused Serialized files (Serialized files now loaded: 0)
Unloading 2655 unused Assets / (351.5 KB). Loaded Objects now: 3290.
Memory consumption went from 134.3 MB to 134.0 MB.
Total: 31.457600 ms (FindLiveObjects: 0.476700 ms CreateObjectMapping: 0.685500 ms MarkObjects: 29.228500 ms  DeleteObjects: 1.066000 ms)

Prepare: number of updated asset objects reloaded= 0
========================================================================
Received Prepare
Refreshing native plugins compatible for Editor in 16.49 ms, found 2 plugins.
Preloading 0 native plugins for Editor in 0.00 ms.
Unloading 0 Unused Serialized files (Serialized files now loaded: 0)
Unloading 2655 unused Assets / (0.6 MB). Loaded Objects now: 3290.
Memory consumption went from 134.3 MB to 133.7 MB.
Total: 29.452400 ms (FindLiveObjects: 0.563000 ms CreateObjectMapping: 0.993500 ms MarkObjects: 24.987300 ms  DeleteObjects: 2.907100 ms)

Prepare: number of updated asset objects reloaded= 0
========================================================================
Received Import Request.
  Time since last request: 12.742985 seconds.
  path: Assets/Scripts/UI/Team/UITeamItem.cs
  artifactKey: Guid(896c93c11c6bac247aedbb89b66cd93c) Importer(815301076,1909f56bfc062723c751e8b465ee728b)
Start importing Assets/Scripts/UI/Team/UITeamItem.cs using Guid(896c93c11c6bac247aedbb89b66cd93c) Importer(815301076,1909f56bfc062723c751e8b465ee728b) (PreviewImporter) -> (artifact id: '57283d08b7e69cbe789d6c00e91779e8') in 0.0088772 seconds
Number of updated asset objects reloaded before import = 0Number of asset objects unloaded after import = 0

========================================================================
Received Prepare
Refreshing native plugins compatible for Editor in 97.47 ms, found 2 plugins.
Preloading 0 native plugins for Editor in 0.00 ms.
Unloading 0 Unused Serialized files (Serialized files now loaded: 0)
Unloading 2655 unused Assets / (0.8 MB). Loaded Objects now: 3290.
Memory consumption went from 134.3 MB to 133.5 MB.
Total: 51.768800 ms (FindLiveObjects: 1.154300 ms CreateObjectMapping: 1.274400 ms MarkObjects: 43.391900 ms  DeleteObjects: 5.946900 ms)

Prepare: number of updated asset objects reloaded= 0
========================================================================
Received Prepare
Refreshing native plugins compatible for Editor in 46.43 ms, found 2 plugins.
Preloading 0 native plugins for Editor in 0.00 ms.
Unloading 0 Unused Serialized files (Serialized files now loaded: 0)
Unloading 2655 unused Assets / (414.7 KB). Loaded Objects now: 3290.
Memory consumption went from 134.3 MB to 133.9 MB.
Total: 57.089100 ms (FindLiveObjects: 2.100300 ms CreateObjectMapping: 3.842200 ms MarkObjects: 49.012100 ms  DeleteObjects: 2.133300 ms)

Prepare: number of updated asset objects reloaded= 0
========================================================================
Received Import Request.
  Time since last request: 63.250036 seconds.
  path: Assets/Scripts/UI/Team/UITeamItem.cs
  artifactKey: Guid(896c93c11c6bac247aedbb89b66cd93c) Importer(815301076,1909f56bfc062723c751e8b465ee728b)
Start importing Assets/Scripts/UI/Team/UITeamItem.cs using Guid(896c93c11c6bac247aedbb89b66cd93c) Importer(815301076,1909f56bfc062723c751e8b465ee728b) (PreviewImporter) -> (artifact id: 'c0f5691a3fd730265ade16cd0d618584') in 0.0126245 seconds
Number of updated asset objects reloaded before import = 0Number of asset objects unloaded after import = 0

========================================================================
Received Prepare
Refreshing native plugins compatible for Editor in 15.25 ms, found 2 plugins.
Preloading 0 native plugins for Editor in 0.00 ms.
Unloading 0 Unused Serialized files (Serialized files now loaded: 0)
Unloading 2655 unused Assets / (0.8 MB). Loaded Objects now: 3290.
Memory consumption went from 134.3 MB to 133.5 MB.
Total: 25.061900 ms (FindLiveObjects: 0.932700 ms CreateObjectMapping: 2.186700 ms MarkObjects: 19.732700 ms  DeleteObjects: 2.208500 ms)

Prepare: number of updated asset objects reloaded= 0
========================================================================
Received Prepare
Refreshing native plugins compatible for Editor in 12.02 ms, found 2 plugins.
Preloading 0 native plugins for Editor in 0.00 ms.
Unloading 0 Unused Serialized files (Serialized files now loaded: 0)
Unloading 2655 unused Assets / (0.9 MB). Loaded Objects now: 3290.
Memory consumption went from 134.3 MB to 133.4 MB.
Total: 21.778000 ms (FindLiveObjects: 0.699700 ms CreateObjectMapping: 0.804500 ms MarkObjects: 17.886100 ms  DeleteObjects: 2.385700 ms)

Prepare: number of updated asset objects reloaded= 0
========================================================================
Received Import Request.
  Time since last request: 30.265743 seconds.
  path: Assets/Scripts/UI/Team/UITeamItem.cs
  artifactKey: Guid(896c93c11c6bac247aedbb89b66cd93c) Importer(815301076,1909f56bfc062723c751e8b465ee728b)
Start importing Assets/Scripts/UI/Team/UITeamItem.cs using Guid(896c93c11c6bac247aedbb89b66cd93c) Importer(815301076,1909f56bfc062723c751e8b465ee728b) (PreviewImporter) -> (artifact id: '0f16f4048f144543d7a66e8cd81fed86') in 0.0070779 seconds
Number of updated asset objects reloaded before import = 0Number of asset objects unloaded after import = 0

========================================================================
Received Prepare
Refreshing native plugins compatible for Editor in 14.78 ms, found 2 plugins.
Preloading 0 native plugins for Editor in 0.00 ms.
Unloading 0 Unused Serialized files (Serialized files now loaded: 0)
Unloading 2655 unused Assets / (298.2 KB). Loaded Objects now: 3290.
Memory consumption went from 134.3 MB to 134.0 MB.
Total: 25.864500 ms (FindLiveObjects: 0.461100 ms CreateObjectMapping: 0.958200 ms MarkObjects: 23.345400 ms  DeleteObjects: 1.098100 ms)

Prepare: number of updated asset objects reloaded= 0
========================================================================
Received Import Request.
  Time since last request: 6.445688 seconds.
  path: Assets/Scripts/UI/Team/UITeamItem.cs
  artifactKey: Guid(896c93c11c6bac247aedbb89b66cd93c) Importer(815301076,1909f56bfc062723c751e8b465ee728b)
Start importing Assets/Scripts/UI/Team/UITeamItem.cs using Guid(896c93c11c6bac247aedbb89b66cd93c) Importer(815301076,1909f56bfc062723c751e8b465ee728b) (PreviewImporter) -> (artifact id: '9a6c5ac4680117d7d4892c040afbacd6') in 0.0048412 seconds
Number of updated asset objects reloaded before import = 0Number of asset objects unloaded after import = 0

========================================================================
Received Prepare
Refreshing native plugins compatible for Editor in 26.91 ms, found 2 plugins.
Preloading 0 native plugins for Editor in 0.00 ms.
Unloading 0 Unused Serialized files (Serialized files now loaded: 0)
Unloading 2655 unused Assets / (222.8 KB). Loaded Objects now: 3290.
Memory consumption went from 134.3 MB to 134.1 MB.
Total: 43.946600 ms (FindLiveObjects: 1.150700 ms CreateObjectMapping: 1.118200 ms MarkObjects: 35.525000 ms  DeleteObjects: 6.151200 ms)

Prepare: number of updated asset objects reloaded= 0
========================================================================
Received Prepare
Refreshing native plugins compatible for Editor in 10.57 ms, found 2 plugins.
Preloading 0 native plugins for Editor in 0.00 ms.
Unloading 0 Unused Serialized files (Serialized files now loaded: 0)
Unloading 2655 unused Assets / (317.0 KB). Loaded Objects now: 3290.
Memory consumption went from 134.3 MB to 134.0 MB.
Total: 21.350300 ms (FindLiveObjects: 0.906900 ms CreateObjectMapping: 0.878300 ms MarkObjects: 18.163200 ms  DeleteObjects: 1.400500 ms)

Prepare: number of updated asset objects reloaded= 0
========================================================================
Received Prepare
Refreshing native plugins compatible for Editor in 16.86 ms, found 2 plugins.
Preloading 0 native plugins for Editor in 0.00 ms.
Unloading 0 Unused Serialized files (Serialized files now loaded: 0)
Unloading 2655 unused Assets / (436.2 KB). Loaded Objects now: 3290.
Memory consumption went from 134.3 MB to 133.9 MB.
Total: 20.840200 ms (FindLiveObjects: 0.578100 ms CreateObjectMapping: 0.766800 ms MarkObjects: 18.160500 ms  DeleteObjects: 1.333400 ms)

Prepare: number of updated asset objects reloaded= 0
========================================================================
Received Import Request.
  Time since last request: 19.703542 seconds.
  path: Assets/Scripts/UI/Team/UITeamItem.cs
  artifactKey: Guid(896c93c11c6bac247aedbb89b66cd93c) Importer(815301076,1909f56bfc062723c751e8b465ee728b)
Start importing Assets/Scripts/UI/Team/UITeamItem.cs using Guid(896c93c11c6bac247aedbb89b66cd93c) Importer(815301076,1909f56bfc062723c751e8b465ee728b) (PreviewImporter) -> (artifact id: '65c8ed1e6c51da685e3ce7c439b4cb55') in 0.0137069 seconds
Number of updated asset objects reloaded before import = 0Number of asset objects unloaded after import = 0

========================================================================
Received Prepare
Refreshing native plugins compatible for Editor in 12.44 ms, found 2 plugins.
Preloading 0 native plugins for Editor in 0.00 ms.
Unloading 0 Unused Serialized files (Serialized files now loaded: 0)
Unloading 2655 unused Assets / (458.3 KB). Loaded Objects now: 3290.
Memory consumption went from 134.3 MB to 133.9 MB.
Total: 27.886600 ms (FindLiveObjects: 0.809000 ms CreateObjectMapping: 1.140100 ms MarkObjects: 24.337200 ms  DeleteObjects: 1.598700 ms)

Prepare: number of updated asset objects reloaded= 0
========================================================================
Received Prepare
Refreshing native plugins compatible for Editor in 29.55 ms, found 2 plugins.
Preloading 0 native plugins for Editor in 0.00 ms.
Unloading 0 Unused Serialized files (Serialized files now loaded: 0)
Unloading 2655 unused Assets / (211.8 KB). Loaded Objects now: 3290.
Memory consumption went from 134.3 MB to 134.1 MB.
Total: 44.734100 ms (FindLiveObjects: 0.742800 ms CreateObjectMapping: 0.776400 ms MarkObjects: 40.326400 ms  DeleteObjects: 2.887000 ms)

Prepare: number of updated asset objects reloaded= 0
========================================================================
Received Import Request.
  Time since last request: 29.777362 seconds.
  path: Assets/Scripts/UI/Team/UITeamItem.cs
  artifactKey: Guid(896c93c11c6bac247aedbb89b66cd93c) Importer(815301076,1909f56bfc062723c751e8b465ee728b)
Start importing Assets/Scripts/UI/Team/UITeamItem.cs using Guid(896c93c11c6bac247aedbb89b66cd93c) Importer(815301076,1909f56bfc062723c751e8b465ee728b) (PreviewImporter) -> (artifact id: 'd4f9a5e53162dd1763ee3b7082f9b02f') in 0.0121266 seconds
Number of updated asset objects reloaded before import = 0Number of asset objects unloaded after import = 0

========================================================================
Received Prepare
Refreshing native plugins compatible for Editor in 41.82 ms, found 2 plugins.
Preloading 0 native plugins for Editor in 0.00 ms.
Unloading 0 Unused Serialized files (Serialized files now loaded: 0)
Unloading 2655 unused Assets / (0.7 MB). Loaded Objects now: 3290.
Memory consumption went from 134.3 MB to 133.6 MB.
Total: 44.920000 ms (FindLiveObjects: 5.208300 ms CreateObjectMapping: 0.981700 ms MarkObjects: 33.313600 ms  DeleteObjects: 5.414200 ms)

Prepare: number of updated asset objects reloaded= 0
========================================================================
Received Prepare
Refreshing native plugins compatible for Editor in 10.02 ms, found 2 plugins.
Preloading 0 native plugins for Editor in 0.00 ms.
Unloading 0 Unused Serialized files (Serialized files now loaded: 0)
Unloading 2655 unused Assets / (496.8 KB). Loaded Objects now: 3290.
Memory consumption went from 134.3 MB to 133.8 MB.
Total: 22.178500 ms (FindLiveObjects: 0.564300 ms CreateObjectMapping: 0.983300 ms MarkObjects: 19.516700 ms  DeleteObjects: 1.112900 ms)

Prepare: number of updated asset objects reloaded= 0
========================================================================
Received Prepare
Refreshing native plugins compatible for Editor in 12.40 ms, found 2 plugins.
Preloading 0 native plugins for Editor in 0.00 ms.
Unloading 0 Unused Serialized files (Serialized files now loaded: 0)
Unloading 2655 unused Assets / (464.1 KB). Loaded Objects now: 3290.
Memory consumption went from 134.3 MB to 133.9 MB.
Total: 26.610800 ms (FindLiveObjects: 0.436800 ms CreateObjectMapping: 2.680800 ms MarkObjects: 22.325100 ms  DeleteObjects: 1.166600 ms)

Prepare: number of updated asset objects reloaded= 0
========================================================================
Received Prepare
Refreshing native plugins compatible for Editor in 116.97 ms, found 2 plugins.
Preloading 0 native plugins for Editor in 0.00 ms.
Unloading 0 Unused Serialized files (Serialized files now loaded: 0)
Unloading 2655 unused Assets / (0.8 MB). Loaded Objects now: 3290.
Memory consumption went from 134.3 MB to 133.5 MB.
Total: 54.977100 ms (FindLiveObjects: 0.984500 ms CreateObjectMapping: 0.757000 ms MarkObjects: 51.372600 ms  DeleteObjects: 1.861200 ms)

Prepare: number of updated asset objects reloaded= 0
========================================================================
Received Prepare
Refreshing native plugins compatible for Editor in 17.54 ms, found 2 plugins.
Preloading 0 native plugins for Editor in 0.00 ms.
Unloading 0 Unused Serialized files (Serialized files now loaded: 0)
Unloading 2655 unused Assets / (351.8 KB). Loaded Objects now: 3290.
Memory consumption went from 134.3 MB to 134.0 MB.
Total: 22.035900 ms (FindLiveObjects: 1.107900 ms CreateObjectMapping: 0.624300 ms MarkObjects: 18.897900 ms  DeleteObjects: 1.404100 ms)

Prepare: number of updated asset objects reloaded= 0
========================================================================
Received Prepare
Refreshing native plugins compatible for Editor in 11.60 ms, found 2 plugins.
Preloading 0 native plugins for Editor in 0.00 ms.
Unloading 0 Unused Serialized files (Serialized files now loaded: 0)
Unloading 2655 unused Assets / (462.6 KB). Loaded Objects now: 3290.
Memory consumption went from 134.3 MB to 133.9 MB.
Total: 20.396100 ms (FindLiveObjects: 0.486800 ms CreateObjectMapping: 0.587300 ms MarkObjects: 17.996700 ms  DeleteObjects: 1.323800 ms)

Prepare: number of updated asset objects reloaded= 0
========================================================================
Received Import Request.
  Time since last request: 50.121114 seconds.
  path: Assets/Scripts/UI/Team/UITeamItem.cs
  artifactKey: Guid(896c93c11c6bac247aedbb89b66cd93c) Importer(815301076,1909f56bfc062723c751e8b465ee728b)
Start importing Assets/Scripts/UI/Team/UITeamItem.cs using Guid(896c93c11c6bac247aedbb89b66cd93c) Importer(815301076,1909f56bfc062723c751e8b465ee728b) (PreviewImporter) -> (artifact id: 'bea55b53575d0f471e5541d083099041') in 0.0373737 seconds
Number of updated asset objects reloaded before import = 0Number of asset objects unloaded after import = 0

========================================================================
Received Prepare
Refreshing native plugins compatible for Editor in 12.39 ms, found 2 plugins.
Preloading 0 native plugins for Editor in 0.00 ms.
Unloading 0 Unused Serialized files (Serialized files now loaded: 0)
Unloading 2655 unused Assets / (460.1 KB). Loaded Objects now: 3290.
Memory consumption went from 134.3 MB to 133.9 MB.
Total: 27.749600 ms (FindLiveObjects: 0.564500 ms CreateObjectMapping: 0.719700 ms MarkObjects: 24.804300 ms  DeleteObjects: 1.659800 ms)

Prepare: number of updated asset objects reloaded= 0
========================================================================
Received Prepare
Refreshing native plugins compatible for Editor in 39.39 ms, found 2 plugins.
Preloading 0 native plugins for Editor in 0.00 ms.
Unloading 0 Unused Serialized files (Serialized files now loaded: 0)
Unloading 2655 unused Assets / (0.7 MB). Loaded Objects now: 3290.
Memory consumption went from 134.3 MB to 133.6 MB.
Total: 28.135400 ms (FindLiveObjects: 1.484900 ms CreateObjectMapping: 0.607700 ms MarkObjects: 24.104600 ms  DeleteObjects: 1.936500 ms)

Prepare: number of updated asset objects reloaded= 0
========================================================================
Received Prepare
Refreshing native plugins compatible for Editor in 11.66 ms, found 2 plugins.
Preloading 0 native plugins for Editor in 0.00 ms.
Unloading 0 Unused Serialized files (Serialized files now loaded: 0)
Unloading 2655 unused Assets / (0.6 MB). Loaded Objects now: 3290.
Memory consumption went from 134.3 MB to 133.7 MB.
Total: 37.817000 ms (FindLiveObjects: 0.878400 ms CreateObjectMapping: 0.615000 ms MarkObjects: 35.015400 ms  DeleteObjects: 1.306500 ms)

Prepare: number of updated asset objects reloaded= 0
========================================================================
Received Prepare
Refreshing native plugins compatible for Editor in 10.78 ms, found 2 plugins.
Preloading 0 native plugins for Editor in 0.00 ms.
Unloading 0 Unused Serialized files (Serialized files now loaded: 0)
Unloading 2655 unused Assets / (0.8 MB). Loaded Objects now: 3290.
Memory consumption went from 134.3 MB to 133.6 MB.
Total: 18.701600 ms (FindLiveObjects: 0.563100 ms CreateObjectMapping: 0.720000 ms MarkObjects: 15.950800 ms  DeleteObjects: 1.466500 ms)

Prepare: number of updated asset objects reloaded= 0
========================================================================
Received Import Request.
  Time since last request: 75.617004 seconds.
  path: Assets/Scripts/UI/Team/UITeamItem.cs
  artifactKey: Guid(896c93c11c6bac247aedbb89b66cd93c) Importer(815301076,1909f56bfc062723c751e8b465ee728b)
Start importing Assets/Scripts/UI/Team/UITeamItem.cs using Guid(896c93c11c6bac247aedbb89b66cd93c) Importer(815301076,1909f56bfc062723c751e8b465ee728b) (PreviewImporter) -> (artifact id: '420fb7435fb6e74c1cbf6c355298afc4') in 0.0170566 seconds
Number of updated asset objects reloaded before import = 0Number of asset objects unloaded after import = 0

========================================================================
Received Prepare
Refreshing native plugins compatible for Editor in 15.48 ms, found 2 plugins.
Preloading 0 native plugins for Editor in 0.00 ms.
Unloading 0 Unused Serialized files (Serialized files now loaded: 0)
Unloading 2655 unused Assets / (120.6 KB). Loaded Objects now: 3290.
Memory consumption went from 134.3 MB to 134.2 MB.
Total: 25.229100 ms (FindLiveObjects: 0.490600 ms CreateObjectMapping: 0.846100 ms MarkObjects: 22.901900 ms  DeleteObjects: 0.989300 ms)

Prepare: number of updated asset objects reloaded= 0
========================================================================
Received Import Request.
  Time since last request: 2.352529 seconds.
  path: Assets/Scripts/UI/Team/UITeamItem.cs
  artifactKey: Guid(896c93c11c6bac247aedbb89b66cd93c) Importer(815301076,1909f56bfc062723c751e8b465ee728b)
Start importing Assets/Scripts/UI/Team/UITeamItem.cs using Guid(896c93c11c6bac247aedbb89b66cd93c) Importer(815301076,1909f56bfc062723c751e8b465ee728b) (PreviewImporter) -> (artifact id: 'c4ae0c8c048bbb79c7ba58cdeb432307') in 0.0131862 seconds
Number of updated asset objects reloaded before import = 0Number of asset objects unloaded after import = 0

========================================================================
Received Import Request.
  Time since last request: 15.844457 seconds.
  path: Assets/Scripts/UI/Team/UITeamItem.cs
  artifactKey: Guid(896c93c11c6bac247aedbb89b66cd93c) Importer(815301076,1909f56bfc062723c751e8b465ee728b)
Start importing Assets/Scripts/UI/Team/UITeamItem.cs using Guid(896c93c11c6bac247aedbb89b66cd93c) Importer(815301076,1909f56bfc062723c751e8b465ee728b) (PreviewImporter) -> (artifact id: 'c4ae0c8c048bbb79c7ba58cdeb432307') in 0.0010098 seconds
Number of updated asset objects reloaded before import = 0Number of asset objects unloaded after import = 0

========================================================================
Received Prepare
Refreshing native plugins compatible for Editor in 9.00 ms, found 2 plugins.
Preloading 0 native plugins for Editor in 0.00 ms.
Unloading 0 Unused Serialized files (Serialized files now loaded: 0)
Unloading 2655 unused Assets / (398.2 KB). Loaded Objects now: 3290.
Memory consumption went from 134.3 MB to 133.9 MB.
Total: 17.892400 ms (FindLiveObjects: 0.388900 ms CreateObjectMapping: 0.651200 ms MarkObjects: 15.684100 ms  DeleteObjects: 1.166700 ms)

Prepare: number of updated asset objects reloaded= 0
========================================================================
Received Prepare
Refreshing native plugins compatible for Editor in 7.84 ms, found 2 plugins.
Preloading 0 native plugins for Editor in 0.00 ms.
Unloading 0 Unused Serialized files (Serialized files now loaded: 0)
Unloading 2655 unused Assets / (84.4 KB). Loaded Objects now: 3290.
Memory consumption went from 134.3 MB to 134.2 MB.
Total: 71.488500 ms (FindLiveObjects: 1.932800 ms CreateObjectMapping: 0.781500 ms MarkObjects: 65.268900 ms  DeleteObjects: 3.503900 ms)

Prepare: number of updated asset objects reloaded= 0
========================================================================
Received Prepare
Refreshing native plugins compatible for Editor in 11.02 ms, found 2 plugins.
Preloading 0 native plugins for Editor in 0.00 ms.
Unloading 0 Unused Serialized files (Serialized files now loaded: 0)
Unloading 2655 unused Assets / (479.5 KB). Loaded Objects now: 3290.
Memory consumption went from 134.3 MB to 133.9 MB.
Total: 55.740700 ms (FindLiveObjects: 0.661300 ms CreateObjectMapping: 1.680400 ms MarkObjects: 52.209200 ms  DeleteObjects: 1.188300 ms)

Prepare: number of updated asset objects reloaded= 0
========================================================================
Received Prepare
Refreshing native plugins compatible for Editor in 11.25 ms, found 2 plugins.
Preloading 0 native plugins for Editor in 0.00 ms.
Unloading 0 Unused Serialized files (Serialized files now loaded: 0)
Unloading 2655 unused Assets / (65.0 KB). Loaded Objects now: 3290.
Memory consumption went from 134.3 MB to 134.3 MB.
Total: 105.091300 ms (FindLiveObjects: 0.591300 ms CreateObjectMapping: 0.785800 ms MarkObjects: 102.763000 ms  DeleteObjects: 0.949900 ms)

Prepare: number of updated asset objects reloaded= 0
========================================================================
Received Prepare
Refreshing native plugins compatible for Editor in 23.62 ms, found 2 plugins.
Preloading 0 native plugins for Editor in 0.00 ms.
Unloading 0 Unused Serialized files (Serialized files now loaded: 0)
Unloading 2655 unused Assets / (0.5 MB). Loaded Objects now: 3290.
Memory consumption went from 134.3 MB to 133.8 MB.
Total: 19.665600 ms (FindLiveObjects: 0.517600 ms CreateObjectMapping: 0.704600 ms MarkObjects: 17.198400 ms  DeleteObjects: 1.243400 ms)

Prepare: number of updated asset objects reloaded= 0
========================================================================
Received Prepare
Refreshing native plugins compatible for Editor in 9.80 ms, found 2 plugins.
Preloading 0 native plugins for Editor in 0.00 ms.
Unloading 0 Unused Serialized files (Serialized files now loaded: 0)
Unloading 2655 unused Assets / (0.5 MB). Loaded Objects now: 3290.
Memory consumption went from 134.3 MB to 133.8 MB.
Total: 25.609900 ms (FindLiveObjects: 0.510600 ms CreateObjectMapping: 0.588700 ms MarkObjects: 23.465200 ms  DeleteObjects: 1.043700 ms)

Prepare: number of updated asset objects reloaded= 0
========================================================================
Received Prepare
Refreshing native plugins compatible for Editor in 61.38 ms, found 2 plugins.
Preloading 0 native plugins for Editor in 0.00 ms.
Unloading 0 Unused Serialized files (Serialized files now loaded: 0)
Unloading 2655 unused Assets / (351.4 KB). Loaded Objects now: 3290.
Memory consumption went from 134.3 MB to 134.0 MB.
Total: 38.956200 ms (FindLiveObjects: 1.269000 ms CreateObjectMapping: 1.043600 ms MarkObjects: 35.254100 ms  DeleteObjects: 1.387700 ms)

Prepare: number of updated asset objects reloaded= 0
========================================================================
Received Prepare
Refreshing native plugins compatible for Editor in 15.54 ms, found 2 plugins.
Preloading 0 native plugins for Editor in 0.00 ms.
Unloading 0 Unused Serialized files (Serialized files now loaded: 0)
Unloading 2655 unused Assets / (65.0 KB). Loaded Objects now: 3290.
Memory consumption went from 134.3 MB to 134.3 MB.
Total: 101.593700 ms (FindLiveObjects: 1.379000 ms CreateObjectMapping: 0.825800 ms MarkObjects: 93.361300 ms  DeleteObjects: 6.026400 ms)

Prepare: number of updated asset objects reloaded= 0
========================================================================
Received Prepare
Refreshing native plugins compatible for Editor in 60.06 ms, found 2 plugins.
Preloading 0 native plugins for Editor in 0.00 ms.
Unloading 0 Unused Serialized files (Serialized files now loaded: 0)
Unloading 2655 unused Assets / (0.5 MB). Loaded Objects now: 3290.
Memory consumption went from 134.3 MB to 133.8 MB.
Total: 35.059600 ms (FindLiveObjects: 0.790700 ms CreateObjectMapping: 19.208500 ms MarkObjects: 13.873100 ms  DeleteObjects: 1.185400 ms)

Prepare: number of updated asset objects reloaded= 0
========================================================================
Received Prepare
Refreshing native plugins compatible for Editor in 16.87 ms, found 2 plugins.
Preloading 0 native plugins for Editor in 0.00 ms.
Unloading 0 Unused Serialized files (Serialized files now loaded: 0)
Unloading 2655 unused Assets / (424.9 KB). Loaded Objects now: 3290.
Memory consumption went from 134.3 MB to 133.9 MB.
Total: 49.798500 ms (FindLiveObjects: 0.535800 ms CreateObjectMapping: 0.829900 ms MarkObjects: 41.706100 ms  DeleteObjects: 6.725200 ms)

Prepare: number of updated asset objects reloaded= 0
========================================================================
Received Prepare
Refreshing native plugins compatible for Editor in 20.10 ms, found 2 plugins.
Preloading 0 native plugins for Editor in 0.00 ms.
Unloading 0 Unused Serialized files (Serialized files now loaded: 0)
Unloading 2655 unused Assets / (0.8 MB). Loaded Objects now: 3290.
Memory consumption went from 134.3 MB to 133.6 MB.
Total: 134.317200 ms (FindLiveObjects: 5.933000 ms CreateObjectMapping: 42.046100 ms MarkObjects: 83.334600 ms  DeleteObjects: 3.001700 ms)

Prepare: number of updated asset objects reloaded= 0
========================================================================
Received Prepare
Refreshing native plugins compatible for Editor in 15.22 ms, found 2 plugins.
Preloading 0 native plugins for Editor in 0.00 ms.
Unloading 0 Unused Serialized files (Serialized files now loaded: 0)
Unloading 2655 unused Assets / (395.4 KB). Loaded Objects now: 3290.
Memory consumption went from 134.3 MB to 133.9 MB.
Total: 32.964300 ms (FindLiveObjects: 0.493700 ms CreateObjectMapping: 1.029500 ms MarkObjects: 29.782100 ms  DeleteObjects: 1.657100 ms)

Prepare: number of updated asset objects reloaded= 0
========================================================================
Received Prepare
Refreshing native plugins compatible for Editor in 19.81 ms, found 2 plugins.
Preloading 0 native plugins for Editor in 0.00 ms.
Unloading 0 Unused Serialized files (Serialized files now loaded: 0)
Unloading 2655 unused Assets / (88.2 KB). Loaded Objects now: 3290.
Memory consumption went from 134.3 MB to 134.2 MB.
Total: 56.343400 ms (FindLiveObjects: 0.992000 ms CreateObjectMapping: 1.511200 ms MarkObjects: 52.439700 ms  DeleteObjects: 1.398800 ms)

Prepare: number of updated asset objects reloaded= 0
========================================================================
Received Prepare
Refreshing native plugins compatible for Editor in 9.75 ms, found 2 plugins.
Preloading 0 native plugins for Editor in 0.00 ms.
Unloading 0 Unused Serialized files (Serialized files now loaded: 0)
Unloading 2655 unused Assets / (471.2 KB). Loaded Objects now: 3290.
Memory consumption went from 134.3 MB to 133.9 MB.
Total: 23.524200 ms (FindLiveObjects: 0.616100 ms CreateObjectMapping: 0.584400 ms MarkObjects: 21.089800 ms  DeleteObjects: 1.232300 ms)

Prepare: number of updated asset objects reloaded= 0
========================================================================
Received Prepare
Refreshing native plugins compatible for Editor in 11.80 ms, found 2 plugins.
Preloading 0 native plugins for Editor in 0.00 ms.
Unloading 0 Unused Serialized files (Serialized files now loaded: 0)
Unloading 2655 unused Assets / (0.7 MB). Loaded Objects now: 3290.
Memory consumption went from 134.3 MB to 133.6 MB.
Total: 140.595900 ms (FindLiveObjects: 0.459700 ms CreateObjectMapping: 0.479000 ms MarkObjects: 136.999700 ms  DeleteObjects: 2.656300 ms)

Prepare: number of updated asset objects reloaded= 0
========================================================================
Received Prepare
Refreshing native plugins compatible for Editor in 13.50 ms, found 2 plugins.
Preloading 0 native plugins for Editor in 0.00 ms.
Unloading 0 Unused Serialized files (Serialized files now loaded: 0)
Unloading 2655 unused Assets / (0.5 MB). Loaded Objects now: 3290.
Memory consumption went from 134.3 MB to 133.8 MB.
Total: 101.729600 ms (FindLiveObjects: 2.117100 ms CreateObjectMapping: 1.563600 ms MarkObjects: 96.340900 ms  DeleteObjects: 1.705300 ms)

Prepare: number of updated asset objects reloaded= 0
========================================================================
Received Prepare
Refreshing native plugins compatible for Editor in 8.47 ms, found 2 plugins.
Preloading 0 native plugins for Editor in 0.00 ms.
Unloading 0 Unused Serialized files (Serialized files now loaded: 0)
Unloading 2655 unused Assets / (0.8 MB). Loaded Objects now: 3290.
Memory consumption went from 134.3 MB to 133.5 MB.
Total: 28.596000 ms (FindLiveObjects: 0.790300 ms CreateObjectMapping: 0.844700 ms MarkObjects: 21.376300 ms  DeleteObjects: 5.582700 ms)

Prepare: number of updated asset objects reloaded= 0
========================================================================
Received Prepare
Refreshing native plugins compatible for Editor in 12.75 ms, found 2 plugins.
Preloading 0 native plugins for Editor in 0.00 ms.
Unloading 0 Unused Serialized files (Serialized files now loaded: 0)
Unloading 2655 unused Assets / (2.1 MB). Loaded Objects now: 3290.
Memory consumption went from 134.3 MB to 132.2 MB.
Total: 67.337400 ms (FindLiveObjects: 1.784500 ms CreateObjectMapping: 2.954800 ms MarkObjects: 21.820700 ms  DeleteObjects: 40.775900 ms)

Prepare: number of updated asset objects reloaded= 0
========================================================================
Received Prepare
Refreshing native plugins compatible for Editor in 27.53 ms, found 2 plugins.
Preloading 0 native plugins for Editor in 0.00 ms.
Unloading 0 Unused Serialized files (Serialized files now loaded: 0)
Unloading 2655 unused Assets / (69.8 KB). Loaded Objects now: 3290.
Memory consumption went from 134.3 MB to 134.3 MB.
Total: 35.120100 ms (FindLiveObjects: 11.444600 ms CreateObjectMapping: 1.133000 ms MarkObjects: 21.613100 ms  DeleteObjects: 0.928200 ms)

Prepare: number of updated asset objects reloaded= 0
========================================================================
Received Prepare
Refreshing native plugins compatible for Editor in 8.67 ms, found 2 plugins.
Preloading 0 native plugins for Editor in 0.00 ms.
Unloading 0 Unused Serialized files (Serialized files now loaded: 0)
Unloading 2655 unused Assets / (65.0 KB). Loaded Objects now: 3290.
Memory consumption went from 134.3 MB to 134.3 MB.
Total: 54.201700 ms (FindLiveObjects: 1.229500 ms CreateObjectMapping: 0.699600 ms MarkObjects: 51.124500 ms  DeleteObjects: 1.146900 ms)

Prepare: number of updated asset objects reloaded= 0
========================================================================
Received Prepare
Refreshing native plugins compatible for Editor in 11.12 ms, found 2 plugins.
Preloading 0 native plugins for Editor in 0.00 ms.
Unloading 0 Unused Serialized files (Serialized files now loaded: 0)
Unloading 2655 unused Assets / (65.0 KB). Loaded Objects now: 3290.
Memory consumption went from 134.3 MB to 134.3 MB.
Total: 34.813900 ms (FindLiveObjects: 0.527900 ms CreateObjectMapping: 0.661500 ms MarkObjects: 28.978300 ms  DeleteObjects: 4.644200 ms)

Prepare: number of updated asset objects reloaded= 0
========================================================================
Received Prepare
Refreshing native plugins compatible for Editor in 10.01 ms, found 2 plugins.
Preloading 0 native plugins for Editor in 0.00 ms.
Unloading 0 Unused Serialized files (Serialized files now loaded: 0)
Unloading 2655 unused Assets / (0.6 MB). Loaded Objects now: 3290.
Memory consumption went from 134.3 MB to 133.7 MB.
Total: 21.150500 ms (FindLiveObjects: 0.417800 ms CreateObjectMapping: 1.160000 ms MarkObjects: 18.642500 ms  DeleteObjects: 0.928900 ms)

Prepare: number of updated asset objects reloaded= 0
========================================================================
Received Prepare
Refreshing native plugins compatible for Editor in 13.81 ms, found 2 plugins.
Preloading 0 native plugins for Editor in 0.00 ms.
Unloading 0 Unused Serialized files (Serialized files now loaded: 0)
Unloading 2655 unused Assets / (0.6 MB). Loaded Objects now: 3290.
Memory consumption went from 134.3 MB to 133.7 MB.
Total: 52.546200 ms (FindLiveObjects: 0.932400 ms CreateObjectMapping: 0.372200 ms MarkObjects: 49.526400 ms  DeleteObjects: 1.713100 ms)

Prepare: number of updated asset objects reloaded= 0
========================================================================
Received Prepare
Refreshing native plugins compatible for Editor in 16.38 ms, found 2 plugins.
Preloading 0 native plugins for Editor in 0.00 ms.
Unloading 0 Unused Serialized files (Serialized files now loaded: 0)
Unloading 2655 unused Assets / (0.7 MB). Loaded Objects now: 3290.
Memory consumption went from 134.3 MB to 133.6 MB.
Total: 28.420000 ms (FindLiveObjects: 0.755600 ms CreateObjectMapping: 1.612600 ms MarkObjects: 24.605600 ms  DeleteObjects: 1.444900 ms)

Prepare: number of updated asset objects reloaded= 0
========================================================================
Received Prepare
Refreshing native plugins compatible for Editor in 60.24 ms, found 2 plugins.
Preloading 0 native plugins for Editor in 0.00 ms.
Unloading 0 Unused Serialized files (Serialized files now loaded: 0)
Unloading 2655 unused Assets / (0.9 MB). Loaded Objects now: 3290.
Memory consumption went from 134.3 MB to 133.4 MB.
Total: 83.907600 ms (FindLiveObjects: 1.455200 ms CreateObjectMapping: 1.478200 ms MarkObjects: 78.828100 ms  DeleteObjects: 2.144000 ms)

Prepare: number of updated asset objects reloaded= 0
========================================================================
Received Prepare
Refreshing native plugins compatible for Editor in 10.29 ms, found 2 plugins.
Preloading 0 native plugins for Editor in 0.00 ms.
Unloading 0 Unused Serialized files (Serialized files now loaded: 0)
Unloading 2655 unused Assets / (0.6 MB). Loaded Objects now: 3290.
Memory consumption went from 134.3 MB to 133.7 MB.
Total: 30.212400 ms (FindLiveObjects: 0.619300 ms CreateObjectMapping: 2.443700 ms MarkObjects: 25.951900 ms  DeleteObjects: 1.196200 ms)

Prepare: number of updated asset objects reloaded= 0
========================================================================
Received Prepare
Refreshing native plugins compatible for Editor in 14.70 ms, found 2 plugins.
Preloading 0 native plugins for Editor in 0.00 ms.
Unloading 0 Unused Serialized files (Serialized files now loaded: 0)
Unloading 2655 unused Assets / (0.7 MB). Loaded Objects now: 3290.
Memory consumption went from 134.3 MB to 133.6 MB.
Total: 22.583700 ms (FindLiveObjects: 0.451400 ms CreateObjectMapping: 0.980800 ms MarkObjects: 19.986300 ms  DeleteObjects: 1.164200 ms)

Prepare: number of updated asset objects reloaded= 0
========================================================================
Received Prepare
Refreshing native plugins compatible for Editor in 14.59 ms, found 2 plugins.
Preloading 0 native plugins for Editor in 0.00 ms.
Unloading 0 Unused Serialized files (Serialized files now loaded: 0)
Unloading 2655 unused Assets / (456.4 KB). Loaded Objects now: 3290.
Memory consumption went from 134.3 MB to 133.9 MB.
Total: 32.364700 ms (FindLiveObjects: 0.733200 ms CreateObjectMapping: 0.550700 ms MarkObjects: 29.910900 ms  DeleteObjects: 1.168100 ms)

Prepare: number of updated asset objects reloaded= 0
========================================================================
Received Prepare
Refreshing native plugins compatible for Editor in 19.10 ms, found 2 plugins.
Preloading 0 native plugins for Editor in 0.00 ms.
Unloading 0 Unused Serialized files (Serialized files now loaded: 0)
Unloading 2655 unused Assets / (64.9 KB). Loaded Objects now: 3290.
Memory consumption went from 134.3 MB to 134.3 MB.
Total: 37.856800 ms (FindLiveObjects: 2.811300 ms CreateObjectMapping: 0.820700 ms MarkObjects: 32.439800 ms  DeleteObjects: 1.783700 ms)

Prepare: number of updated asset objects reloaded= 0
========================================================================
Received Prepare
Refreshing native plugins compatible for Editor in 8.23 ms, found 2 plugins.
Preloading 0 native plugins for Editor in 0.00 ms.
Unloading 0 Unused Serialized files (Serialized files now loaded: 0)
Unloading 2655 unused Assets / (0.6 MB). Loaded Objects now: 3290.
Memory consumption went from 134.3 MB to 133.7 MB.
Total: 14.927300 ms (FindLiveObjects: 0.550200 ms CreateObjectMapping: 0.467500 ms MarkObjects: 12.549200 ms  DeleteObjects: 1.358100 ms)

Prepare: number of updated asset objects reloaded= 0
========================================================================
Received Prepare
Refreshing native plugins compatible for Editor in 16.98 ms, found 2 plugins.
Preloading 0 native plugins for Editor in 0.00 ms.
Unloading 0 Unused Serialized files (Serialized files now loaded: 0)
Unloading 2655 unused Assets / (416.1 KB). Loaded Objects now: 3290.
Memory consumption went from 134.3 MB to 133.9 MB.
Total: 79.090000 ms (FindLiveObjects: 0.464300 ms CreateObjectMapping: 0.979600 ms MarkObjects: 74.584300 ms  DeleteObjects: 3.060000 ms)

Prepare: number of updated asset objects reloaded= 0
========================================================================
Received Prepare
Refreshing native plugins compatible for Editor in 10.48 ms, found 2 plugins.
Preloading 0 native plugins for Editor in 0.00 ms.
Unloading 0 Unused Serialized files (Serialized files now loaded: 0)
Unloading 2655 unused Assets / (0.8 MB). Loaded Objects now: 3290.
Memory consumption went from 134.3 MB to 133.6 MB.
Total: 21.486100 ms (FindLiveObjects: 0.503000 ms CreateObjectMapping: 0.600400 ms MarkObjects: 18.586100 ms  DeleteObjects: 1.795000 ms)

Prepare: number of updated asset objects reloaded= 0
========================================================================
Received Prepare
Refreshing native plugins compatible for Editor in 36.11 ms, found 2 plugins.
Preloading 0 native plugins for Editor in 0.00 ms.
Unloading 0 Unused Serialized files (Serialized files now loaded: 0)
Unloading 2655 unused Assets / (415.3 KB). Loaded Objects now: 3290.
Memory consumption went from 134.3 MB to 133.9 MB.
Total: 69.905900 ms (FindLiveObjects: 0.788700 ms CreateObjectMapping: 9.381200 ms MarkObjects: 57.303600 ms  DeleteObjects: 2.431100 ms)

Prepare: number of updated asset objects reloaded= 0
========================================================================
Received Prepare
Refreshing native plugins compatible for Editor in 12.23 ms, found 2 plugins.
Preloading 0 native plugins for Editor in 0.00 ms.
Unloading 0 Unused Serialized files (Serialized files now loaded: 0)
Unloading 2655 unused Assets / (443.1 KB). Loaded Objects now: 3290.
Memory consumption went from 134.3 MB to 133.9 MB.
Total: 32.122900 ms (FindLiveObjects: 3.242500 ms CreateObjectMapping: 0.678700 ms MarkObjects: 26.362100 ms  DeleteObjects: 1.838100 ms)

Prepare: number of updated asset objects reloaded= 0
========================================================================
Received Prepare
Refreshing native plugins compatible for Editor in 17.76 ms, found 2 plugins.
Preloading 0 native plugins for Editor in 0.00 ms.
Unloading 0 Unused Serialized files (Serialized files now loaded: 0)
Unloading 2655 unused Assets / (0.8 MB). Loaded Objects now: 3290.
Memory consumption went from 134.3 MB to 133.5 MB.
Total: 28.962500 ms (FindLiveObjects: 0.680000 ms CreateObjectMapping: 1.178000 ms MarkObjects: 24.259400 ms  DeleteObjects: 2.843600 ms)

Prepare: number of updated asset objects reloaded= 0
========================================================================
Received Prepare
Refreshing native plugins compatible for Editor in 12.47 ms, found 2 plugins.
Preloading 0 native plugins for Editor in 0.00 ms.
Unloading 0 Unused Serialized files (Serialized files now loaded: 0)
Unloading 2655 unused Assets / (0.6 MB). Loaded Objects now: 3290.
Memory consumption went from 134.3 MB to 133.8 MB.
Total: 31.369700 ms (FindLiveObjects: 0.619900 ms CreateObjectMapping: 1.151000 ms MarkObjects: 28.408900 ms  DeleteObjects: 1.188000 ms)

Prepare: number of updated asset objects reloaded= 0
========================================================================
Received Prepare
Refreshing native plugins compatible for Editor in 68.18 ms, found 2 plugins.
Preloading 0 native plugins for Editor in 0.00 ms.
Unloading 0 Unused Serialized files (Serialized files now loaded: 0)
Unloading 2655 unused Assets / (64.9 KB). Loaded Objects now: 3290.
Memory consumption went from 134.3 MB to 134.3 MB.
Total: 141.172500 ms (FindLiveObjects: 0.431600 ms CreateObjectMapping: 0.561700 ms MarkObjects: 138.698200 ms  DeleteObjects: 1.479500 ms)

Prepare: number of updated asset objects reloaded= 0
========================================================================
Received Prepare
Refreshing native plugins compatible for Editor in 10.53 ms, found 2 plugins.
Preloading 0 native plugins for Editor in 0.00 ms.
Unloading 0 Unused Serialized files (Serialized files now loaded: 0)
Unloading 2655 unused Assets / (411.4 KB). Loaded Objects now: 3290.
Memory consumption went from 134.3 MB to 133.9 MB.
Total: 14.451300 ms (FindLiveObjects: 0.502600 ms CreateObjectMapping: 0.548200 ms MarkObjects: 12.080800 ms  DeleteObjects: 1.318400 ms)

Prepare: number of updated asset objects reloaded= 0
========================================================================
Received Prepare
Refreshing native plugins compatible for Editor in 11.05 ms, found 2 plugins.
Preloading 0 native plugins for Editor in 0.00 ms.
Unloading 0 Unused Serialized files (Serialized files now loaded: 0)
Unloading 2655 unused Assets / (0.8 MB). Loaded Objects now: 3290.
Memory consumption went from 134.3 MB to 133.5 MB.
Total: 15.061900 ms (FindLiveObjects: 0.655700 ms CreateObjectMapping: 0.805000 ms MarkObjects: 12.402900 ms  DeleteObjects: 1.195900 ms)

Prepare: number of updated asset objects reloaded= 0
========================================================================
Received Prepare
Refreshing native plugins compatible for Editor in 6.61 ms, found 2 plugins.
Preloading 0 native plugins for Editor in 0.00 ms.
Unloading 0 Unused Serialized files (Serialized files now loaded: 0)
Unloading 2655 unused Assets / (0.6 MB). Loaded Objects now: 3290.
Memory consumption went from 134.3 MB to 133.7 MB.
Total: 15.894700 ms (FindLiveObjects: 0.918900 ms CreateObjectMapping: 0.590500 ms MarkObjects: 13.610300 ms  DeleteObjects: 0.773400 ms)

Prepare: number of updated asset objects reloaded= 0
========================================================================
Received Prepare
Refreshing native plugins compatible for Editor in 9.62 ms, found 2 plugins.
Preloading 0 native plugins for Editor in 0.00 ms.
Unloading 0 Unused Serialized files (Serialized files now loaded: 0)
Unloading 2655 unused Assets / (0.6 MB). Loaded Objects now: 3290.
Memory consumption went from 134.3 MB to 133.8 MB.
Total: 15.226900 ms (FindLiveObjects: 0.504100 ms CreateObjectMapping: 0.705900 ms MarkObjects: 13.157500 ms  DeleteObjects: 0.858300 ms)

Prepare: number of updated asset objects reloaded= 0
========================================================================
Received Prepare
Refreshing native plugins compatible for Editor in 14.55 ms, found 2 plugins.
Preloading 0 native plugins for Editor in 0.00 ms.
Unloading 0 Unused Serialized files (Serialized files now loaded: 0)
Unloading 2655 unused Assets / (0.6 MB). Loaded Objects now: 3290.
Memory consumption went from 134.3 MB to 133.7 MB.
Total: 16.054100 ms (FindLiveObjects: 0.471300 ms CreateObjectMapping: 0.696000 ms MarkObjects: 13.642600 ms  DeleteObjects: 1.242900 ms)

Prepare: number of updated asset objects reloaded= 0
========================================================================
Received Prepare
Refreshing native plugins compatible for Editor in 7.27 ms, found 2 plugins.
Preloading 0 native plugins for Editor in 0.00 ms.
Unloading 0 Unused Serialized files (Serialized files now loaded: 0)
Unloading 2655 unused Assets / (64.9 KB). Loaded Objects now: 3290.
Memory consumption went from 134.3 MB to 134.3 MB.
Total: 18.909000 ms (FindLiveObjects: 0.470000 ms CreateObjectMapping: 0.609700 ms MarkObjects: 15.723000 ms  DeleteObjects: 2.104900 ms)

Prepare: number of updated asset objects reloaded= 0
========================================================================
Received Prepare
Refreshing native plugins compatible for Editor in 35.76 ms, found 2 plugins.
Preloading 0 native plugins for Editor in 0.00 ms.
Unloading 0 Unused Serialized files (Serialized files now loaded: 0)
Unloading 2655 unused Assets / (0.5 MB). Loaded Objects now: 3290.
Memory consumption went from 134.3 MB to 133.8 MB.
Total: 21.765400 ms (FindLiveObjects: 0.498100 ms CreateObjectMapping: 0.641400 ms MarkObjects: 19.135700 ms  DeleteObjects: 1.488900 ms)

Prepare: number of updated asset objects reloaded= 0
========================================================================
Received Prepare
Refreshing native plugins compatible for Editor in 7.56 ms, found 2 plugins.
Preloading 0 native plugins for Editor in 0.00 ms.
Unloading 0 Unused Serialized files (Serialized files now loaded: 0)
Unloading 2655 unused Assets / (0.6 MB). Loaded Objects now: 3290.
Memory consumption went from 134.3 MB to 133.7 MB.
Total: 13.041900 ms (FindLiveObjects: 0.476700 ms CreateObjectMapping: 0.678400 ms MarkObjects: 11.082300 ms  DeleteObjects: 0.803200 ms)

Prepare: number of updated asset objects reloaded= 0
========================================================================
Received Prepare
Refreshing native plugins compatible for Editor in 8.06 ms, found 2 plugins.
Preloading 0 native plugins for Editor in 0.00 ms.
Unloading 0 Unused Serialized files (Serialized files now loaded: 0)
Unloading 2655 unused Assets / (0.6 MB). Loaded Objects now: 3290.
Memory consumption went from 134.3 MB to 133.8 MB.
Total: 17.602500 ms (FindLiveObjects: 0.488500 ms CreateObjectMapping: 0.628500 ms MarkObjects: 15.492500 ms  DeleteObjects: 0.991900 ms)

Prepare: number of updated asset objects reloaded= 0
========================================================================
Received Prepare
Refreshing native plugins compatible for Editor in 8.15 ms, found 2 plugins.
Preloading 0 native plugins for Editor in 0.00 ms.
Unloading 0 Unused Serialized files (Serialized files now loaded: 0)
Unloading 2655 unused Assets / (0.9 MB). Loaded Objects now: 3290.
Memory consumption went from 134.3 MB to 133.4 MB.
Total: 15.886800 ms (FindLiveObjects: 0.423900 ms CreateObjectMapping: 0.541700 ms MarkObjects: 13.712100 ms  DeleteObjects: 1.207800 ms)

Prepare: number of updated asset objects reloaded= 0
========================================================================
Received Prepare
Refreshing native plugins compatible for Editor in 8.75 ms, found 2 plugins.
Preloading 0 native plugins for Editor in 0.00 ms.
Unloading 0 Unused Serialized files (Serialized files now loaded: 0)
Unloading 2655 unused Assets / (0.7 MB). Loaded Objects now: 3290.
Memory consumption went from 134.3 MB to 133.6 MB.
Total: 13.116600 ms (FindLiveObjects: 0.371100 ms CreateObjectMapping: 0.417300 ms MarkObjects: 10.941200 ms  DeleteObjects: 1.385700 ms)

Prepare: number of updated asset objects reloaded= 0
========================================================================
Received Prepare
Refreshing native plugins compatible for Editor in 11.96 ms, found 2 plugins.
Preloading 0 native plugins for Editor in 0.00 ms.
Unloading 0 Unused Serialized files (Serialized files now loaded: 0)
Unloading 2655 unused Assets / (0.6 MB). Loaded Objects now: 3290.
Memory consumption went from 134.3 MB to 133.7 MB.
Total: 17.656400 ms (FindLiveObjects: 0.443700 ms CreateObjectMapping: 0.567900 ms MarkObjects: 15.701800 ms  DeleteObjects: 0.941800 ms)

Prepare: number of updated asset objects reloaded= 0
========================================================================
Received Prepare
Refreshing native plugins compatible for Editor in 24.64 ms, found 2 plugins.
Preloading 0 native plugins for Editor in 0.00 ms.
Unloading 0 Unused Serialized files (Serialized files now loaded: 0)
Unloading 2655 unused Assets / (0.7 MB). Loaded Objects now: 3290.
Memory consumption went from 134.3 MB to 133.6 MB.
Total: 27.856600 ms (FindLiveObjects: 0.759100 ms CreateObjectMapping: 0.934700 ms MarkObjects: 24.613600 ms  DeleteObjects: 1.547600 ms)

Prepare: number of updated asset objects reloaded= 0
========================================================================
Received Prepare
Refreshing native plugins compatible for Editor in 9.50 ms, found 2 plugins.
Preloading 0 native plugins for Editor in 0.00 ms.
Unloading 0 Unused Serialized files (Serialized files now loaded: 0)
Unloading 2655 unused Assets / (0.7 MB). Loaded Objects now: 3290.
Memory consumption went from 134.3 MB to 133.6 MB.
Total: 12.608500 ms (FindLiveObjects: 0.353900 ms CreateObjectMapping: 0.502000 ms MarkObjects: 10.554100 ms  DeleteObjects: 1.197200 ms)

Prepare: number of updated asset objects reloaded= 0
========================================================================
Received Prepare
Refreshing native plugins compatible for Editor in 11.57 ms, found 2 plugins.
Preloading 0 native plugins for Editor in 0.00 ms.
Unloading 0 Unused Serialized files (Serialized files now loaded: 0)
Unloading 2655 unused Assets / (0.5 MB). Loaded Objects now: 3290.
Memory consumption went from 134.3 MB to 133.8 MB.
Total: 20.312700 ms (FindLiveObjects: 0.516200 ms CreateObjectMapping: 0.614300 ms MarkObjects: 18.071200 ms  DeleteObjects: 1.109700 ms)

Prepare: number of updated asset objects reloaded= 0
========================================================================
Received Prepare
Refreshing native plugins compatible for Editor in 7.41 ms, found 2 plugins.
Preloading 0 native plugins for Editor in 0.00 ms.
Unloading 0 Unused Serialized files (Serialized files now loaded: 0)
Unloading 2655 unused Assets / (0.6 MB). Loaded Objects now: 3290.
Memory consumption went from 134.3 MB to 133.7 MB.
Total: 16.753900 ms (FindLiveObjects: 0.355100 ms CreateObjectMapping: 0.337100 ms MarkObjects: 14.962700 ms  DeleteObjects: 1.097900 ms)

Prepare: number of updated asset objects reloaded= 0
========================================================================
Received Prepare
Refreshing native plugins compatible for Editor in 11.83 ms, found 2 plugins.
Preloading 0 native plugins for Editor in 0.00 ms.
Unloading 0 Unused Serialized files (Serialized files now loaded: 0)
Unloading 2655 unused Assets / (0.7 MB). Loaded Objects now: 3290.
Memory consumption went from 134.3 MB to 133.6 MB.
Total: 26.005000 ms (FindLiveObjects: 0.608700 ms CreateObjectMapping: 0.749000 ms MarkObjects: 22.749800 ms  DeleteObjects: 1.896200 ms)

Prepare: number of updated asset objects reloaded= 0
========================================================================
Received Prepare
Refreshing native plugins compatible for Editor in 9.52 ms, found 2 plugins.
Preloading 0 native plugins for Editor in 0.00 ms.
Unloading 0 Unused Serialized files (Serialized files now loaded: 0)
Unloading 2655 unused Assets / (0.7 MB). Loaded Objects now: 3290.
Memory consumption went from 134.3 MB to 133.7 MB.
Total: 17.620300 ms (FindLiveObjects: 0.610500 ms CreateObjectMapping: 0.660200 ms MarkObjects: 15.401600 ms  DeleteObjects: 0.947100 ms)

Prepare: number of updated asset objects reloaded= 0
========================================================================
Received Prepare
Refreshing native plugins compatible for Editor in 11.50 ms, found 2 plugins.
Preloading 0 native plugins for Editor in 0.00 ms.
Unloading 0 Unused Serialized files (Serialized files now loaded: 0)
Unloading 2655 unused Assets / (1.0 MB). Loaded Objects now: 3290.
Memory consumption went from 134.3 MB to 133.4 MB.
Total: 26.989000 ms (FindLiveObjects: 0.761400 ms CreateObjectMapping: 1.291200 ms MarkObjects: 20.487600 ms  DeleteObjects: 4.447100 ms)

Prepare: number of updated asset objects reloaded= 0
========================================================================
Received Prepare
Refreshing native plugins compatible for Editor in 12.16 ms, found 2 plugins.
Preloading 0 native plugins for Editor in 0.00 ms.
Unloading 0 Unused Serialized files (Serialized files now loaded: 0)
Unloading 2655 unused Assets / (0.7 MB). Loaded Objects now: 3290.
Memory consumption went from 134.3 MB to 133.6 MB.
Total: 14.239900 ms (FindLiveObjects: 0.341000 ms CreateObjectMapping: 0.316300 ms MarkObjects: 12.507700 ms  DeleteObjects: 1.073400 ms)

Prepare: number of updated asset objects reloaded= 0
========================================================================
Received Prepare
Refreshing native plugins compatible for Editor in 14.67 ms, found 2 plugins.
Preloading 0 native plugins for Editor in 0.00 ms.
Unloading 0 Unused Serialized files (Serialized files now loaded: 0)
Unloading 2655 unused Assets / (0.7 MB). Loaded Objects now: 3290.
Memory consumption went from 134.3 MB to 133.7 MB.
Total: 106.912400 ms (FindLiveObjects: 1.033200 ms CreateObjectMapping: 0.713100 ms MarkObjects: 102.389200 ms  DeleteObjects: 2.774800 ms)

Prepare: number of updated asset objects reloaded= 0
========================================================================
Received Prepare
Refreshing native plugins compatible for Editor in 10.41 ms, found 2 plugins.
Preloading 0 native plugins for Editor in 0.00 ms.
Unloading 0 Unused Serialized files (Serialized files now loaded: 0)
Unloading 2655 unused Assets / (0.8 MB). Loaded Objects now: 3290.
Memory consumption went from 134.3 MB to 133.6 MB.
Total: 19.206600 ms (FindLiveObjects: 0.444100 ms CreateObjectMapping: 0.502100 ms MarkObjects: 17.070500 ms  DeleteObjects: 1.188200 ms)

Prepare: number of updated asset objects reloaded= 0
========================================================================
Received Prepare
Refreshing native plugins compatible for Editor in 71.28 ms, found 2 plugins.
Preloading 0 native plugins for Editor in 0.00 ms.
Unloading 0 Unused Serialized files (Serialized files now loaded: 0)
Unloading 2655 unused Assets / (0.6 MB). Loaded Objects now: 3290.
Memory consumption went from 134.3 MB to 133.7 MB.
Total: 72.457700 ms (FindLiveObjects: 0.399100 ms CreateObjectMapping: 2.457800 ms MarkObjects: 68.130900 ms  DeleteObjects: 1.468700 ms)

Prepare: number of updated asset objects reloaded= 0
========================================================================
Received Prepare
Refreshing native plugins compatible for Editor in 9.13 ms, found 2 plugins.
Preloading 0 native plugins for Editor in 0.00 ms.
Unloading 0 Unused Serialized files (Serialized files now loaded: 0)
Unloading 2655 unused Assets / (379.8 KB). Loaded Objects now: 3290.
Memory consumption went from 134.3 MB to 134.0 MB.
Total: 21.699800 ms (FindLiveObjects: 0.892900 ms CreateObjectMapping: 0.534000 ms MarkObjects: 17.914400 ms  DeleteObjects: 2.357000 ms)

Prepare: number of updated asset objects reloaded= 0
========================================================================
Received Prepare
Refreshing native plugins compatible for Editor in 8.17 ms, found 2 plugins.
Preloading 0 native plugins for Editor in 0.00 ms.
Unloading 0 Unused Serialized files (Serialized files now loaded: 0)
Unloading 2655 unused Assets / (0.5 MB). Loaded Objects now: 3290.
Memory consumption went from 134.3 MB to 133.8 MB.
Total: 16.786200 ms (FindLiveObjects: 0.384200 ms CreateObjectMapping: 0.353800 ms MarkObjects: 14.707200 ms  DeleteObjects: 1.339400 ms)

Prepare: number of updated asset objects reloaded= 0
========================================================================
Received Prepare
Refreshing native plugins compatible for Editor in 10.53 ms, found 2 plugins.
Preloading 0 native plugins for Editor in 0.00 ms.
Unloading 0 Unused Serialized files (Serialized files now loaded: 0)
Unloading 2655 unused Assets / (0.6 MB). Loaded Objects now: 3290.
Memory consumption went from 134.3 MB to 133.7 MB.
Total: 16.935300 ms (FindLiveObjects: 1.281500 ms CreateObjectMapping: 1.312500 ms MarkObjects: 13.206400 ms  DeleteObjects: 1.133400 ms)

Prepare: number of updated asset objects reloaded= 0
========================================================================
Received Prepare
Refreshing native plugins compatible for Editor in 18.71 ms, found 2 plugins.
Preloading 0 native plugins for Editor in 0.00 ms.
Unloading 0 Unused Serialized files (Serialized files now loaded: 0)
Unloading 2655 unused Assets / (395.7 KB). Loaded Objects now: 3290.
Memory consumption went from 134.3 MB to 133.9 MB.
Total: 37.323600 ms (FindLiveObjects: 8.754200 ms CreateObjectMapping: 1.985500 ms MarkObjects: 24.653300 ms  DeleteObjects: 1.929300 ms)

Prepare: number of updated asset objects reloaded= 0
========================================================================
Received Prepare
Refreshing native plugins compatible for Editor in 6.77 ms, found 2 plugins.
Preloading 0 native plugins for Editor in 0.00 ms.
Unloading 0 Unused Serialized files (Serialized files now loaded: 0)
Unloading 2655 unused Assets / (0.7 MB). Loaded Objects now: 3290.
Memory consumption went from 134.3 MB to 133.7 MB.
Total: 11.755300 ms (FindLiveObjects: 0.399400 ms CreateObjectMapping: 0.549500 ms MarkObjects: 9.827400 ms  DeleteObjects: 0.977300 ms)

Prepare: number of updated asset objects reloaded= 0
========================================================================
Received Prepare
Refreshing native plugins compatible for Editor in 15.12 ms, found 2 plugins.
Preloading 0 native plugins for Editor in 0.00 ms.
Unloading 0 Unused Serialized files (Serialized files now loaded: 0)
Unloading 2655 unused Assets / (0.8 MB). Loaded Objects now: 3290.
Memory consumption went from 134.3 MB to 133.6 MB.
Total: 17.137600 ms (FindLiveObjects: 0.498800 ms CreateObjectMapping: 0.706100 ms MarkObjects: 15.023300 ms  DeleteObjects: 0.908000 ms)

Prepare: number of updated asset objects reloaded= 0
========================================================================
Received Prepare
Refreshing native plugins compatible for Editor in 23.36 ms, found 2 plugins.
Preloading 0 native plugins for Editor in 0.00 ms.
Unloading 0 Unused Serialized files (Serialized files now loaded: 0)
Unloading 2655 unused Assets / (389.6 KB). Loaded Objects now: 3290.
Memory consumption went from 134.3 MB to 134.0 MB.
Total: 35.554300 ms (FindLiveObjects: 0.720200 ms CreateObjectMapping: 0.897900 ms MarkObjects: 32.306700 ms  DeleteObjects: 1.626600 ms)

Prepare: number of updated asset objects reloaded= 0
========================================================================
Received Prepare
Refreshing native plugins compatible for Editor in 19.48 ms, found 2 plugins.
Preloading 0 native plugins for Editor in 0.00 ms.
Unloading 0 Unused Serialized files (Serialized files now loaded: 0)
Unloading 2655 unused Assets / (0.6 MB). Loaded Objects now: 3290.
Memory consumption went from 134.3 MB to 133.8 MB.
Total: 75.759300 ms (FindLiveObjects: 0.773300 ms CreateObjectMapping: 1.481700 ms MarkObjects: 69.487500 ms  DeleteObjects: 4.015700 ms)

Prepare: number of updated asset objects reloaded= 0
========================================================================
Received Prepare
Refreshing native plugins compatible for Editor in 13.41 ms, found 2 plugins.
Preloading 0 native plugins for Editor in 0.00 ms.
Unloading 0 Unused Serialized files (Serialized files now loaded: 0)
Unloading 2655 unused Assets / (0.7 MB). Loaded Objects now: 3290.
Memory consumption went from 134.3 MB to 133.7 MB.
Total: 18.255900 ms (FindLiveObjects: 1.207200 ms CreateObjectMapping: 0.743700 ms MarkObjects: 14.936400 ms  DeleteObjects: 1.366700 ms)

Prepare: number of updated asset objects reloaded= 0
========================================================================
Received Prepare
Refreshing native plugins compatible for Editor in 26.24 ms, found 2 plugins.
Preloading 0 native plugins for Editor in 0.00 ms.
Unloading 0 Unused Serialized files (Serialized files now loaded: 0)
Unloading 2655 unused Assets / (0.6 MB). Loaded Objects now: 3290.
Memory consumption went from 134.3 MB to 133.7 MB.
Total: 71.512100 ms (FindLiveObjects: 4.604700 ms CreateObjectMapping: 3.175300 ms MarkObjects: 62.606100 ms  DeleteObjects: 1.124200 ms)

Prepare: number of updated asset objects reloaded= 0
========================================================================
Received Prepare
Refreshing native plugins compatible for Editor in 6.83 ms, found 2 plugins.
Preloading 0 native plugins for Editor in 0.00 ms.
Unloading 0 Unused Serialized files (Serialized files now loaded: 0)
Unloading 2655 unused Assets / (0.5 MB). Loaded Objects now: 3290.
Memory consumption went from 134.3 MB to 133.8 MB.
Total: 15.818000 ms (FindLiveObjects: 0.449500 ms CreateObjectMapping: 1.074800 ms MarkObjects: 13.163000 ms  DeleteObjects: 1.129300 ms)

Prepare: number of updated asset objects reloaded= 0
========================================================================
Received Prepare
Refreshing native plugins compatible for Editor in 10.11 ms, found 2 plugins.
Preloading 0 native plugins for Editor in 0.00 ms.
Unloading 0 Unused Serialized files (Serialized files now loaded: 0)
Unloading 2655 unused Assets / (0.7 MB). Loaded Objects now: 3290.
Memory consumption went from 134.3 MB to 133.6 MB.
Total: 20.748000 ms (FindLiveObjects: 0.702000 ms CreateObjectMapping: 0.716800 ms MarkObjects: 16.797600 ms  DeleteObjects: 2.530100 ms)

Prepare: number of updated asset objects reloaded= 0
========================================================================
Received Prepare
Refreshing native plugins compatible for Editor in 15.20 ms, found 2 plugins.
Preloading 0 native plugins for Editor in 0.00 ms.
Unloading 0 Unused Serialized files (Serialized files now loaded: 0)
Unloading 2655 unused Assets / (1.5 MB). Loaded Objects now: 3290.
Memory consumption went from 134.3 MB to 132.8 MB.
Total: 36.977100 ms (FindLiveObjects: 0.579600 ms CreateObjectMapping: 0.622400 ms MarkObjects: 23.704600 ms  DeleteObjects: 12.069000 ms)

Prepare: number of updated asset objects reloaded= 0
========================================================================
Received Prepare
Refreshing native plugins compatible for Editor in 7.51 ms, found 2 plugins.
Preloading 0 native plugins for Editor in 0.00 ms.
Unloading 0 Unused Serialized files (Serialized files now loaded: 0)
Unloading 2656 unused Assets / (0.6 MB). Loaded Objects now: 3291.
Memory consumption went from 134.3 MB to 133.8 MB.
Total: 15.979000 ms (FindLiveObjects: 0.448500 ms CreateObjectMapping: 0.671400 ms MarkObjects: 13.743800 ms  DeleteObjects: 1.113800 ms)

Prepare: number of updated asset objects reloaded= 0
========================================================================
Received Import Request.
  Time since last request: 2360.346948 seconds.
  path: Assets/Scripts/Managers/TeamManager.cs
  artifactKey: Guid(38744a2fa08892f4ea50bec675f27e2d) Importer(815301076,1909f56bfc062723c751e8b465ee728b)
Start importing Assets/Scripts/Managers/TeamManager.cs using Guid(38744a2fa08892f4ea50bec675f27e2d) Importer(815301076,1909f56bfc062723c751e8b465ee728b) (PreviewImporter) -> (artifact id: 'd5570154483e18be891a8a05c04d2558') in 0.674609 seconds
Number of updated asset objects reloaded before import = 0Number of asset objects unloaded after import = 0

========================================================================
Received Prepare
Refreshing native plugins compatible for Editor in 6.95 ms, found 2 plugins.
Preloading 0 native plugins for Editor in 0.00 ms.
Unloading 0 Unused Serialized files (Serialized files now loaded: 0)
Unloading 2656 unused Assets / (0.9 MB). Loaded Objects now: 3291.
Memory consumption went from 134.3 MB to 133.5 MB.
Total: 13.989500 ms (FindLiveObjects: 0.349600 ms CreateObjectMapping: 0.316600 ms MarkObjects: 12.216600 ms  DeleteObjects: 1.105500 ms)

Prepare: number of updated asset objects reloaded= 0
========================================================================
Received Prepare
Refreshing native plugins compatible for Editor in 17.10 ms, found 2 plugins.
Preloading 0 native plugins for Editor in 0.00 ms.
Unloading 0 Unused Serialized files (Serialized files now loaded: 0)
Unloading 2656 unused Assets / (236.0 KB). Loaded Objects now: 3291.
Memory consumption went from 134.3 MB to 134.1 MB.
Total: 19.770500 ms (FindLiveObjects: 0.345400 ms CreateObjectMapping: 0.587600 ms MarkObjects: 17.049800 ms  DeleteObjects: 1.786400 ms)

Prepare: number of updated asset objects reloaded= 0
========================================================================
Received Prepare
Refreshing native plugins compatible for Editor in 8.48 ms, found 2 plugins.
Preloading 0 native plugins for Editor in 0.00 ms.
Unloading 0 Unused Serialized files (Serialized files now loaded: 0)
Unloading 2656 unused Assets / (280.1 KB). Loaded Objects now: 3291.
Memory consumption went from 134.3 MB to 134.1 MB.
Total: 15.457600 ms (FindLiveObjects: 0.466600 ms CreateObjectMapping: 0.563700 ms MarkObjects: 12.911000 ms  DeleteObjects: 1.515100 ms)

Prepare: number of updated asset objects reloaded= 0
========================================================================
Received Prepare
Refreshing native plugins compatible for Editor in 10.00 ms, found 2 plugins.
Preloading 0 native plugins for Editor in 0.00 ms.
Unloading 0 Unused Serialized files (Serialized files now loaded: 0)
Unloading 2656 unused Assets / (0.9 MB). Loaded Objects now: 3291.
Memory consumption went from 134.3 MB to 133.4 MB.
Total: 58.667400 ms (FindLiveObjects: 3.488500 ms CreateObjectMapping: 2.519000 ms MarkObjects: 35.391700 ms  DeleteObjects: 17.267000 ms)

Prepare: number of updated asset objects reloaded= 0
========================================================================
Received Prepare
Refreshing native plugins compatible for Editor in 9.09 ms, found 2 plugins.
Preloading 0 native plugins for Editor in 0.00 ms.
Unloading 0 Unused Serialized files (Serialized files now loaded: 0)
Unloading 2656 unused Assets / (388.1 KB). Loaded Objects now: 3291.
Memory consumption went from 134.3 MB to 134.0 MB.
Total: 17.966900 ms (FindLiveObjects: 0.630400 ms CreateObjectMapping: 0.805900 ms MarkObjects: 15.297200 ms  DeleteObjects: 1.231700 ms)

Prepare: number of updated asset objects reloaded= 0
========================================================================
Received Prepare
Refreshing native plugins compatible for Editor in 9.97 ms, found 2 plugins.
Preloading 0 native plugins for Editor in 0.00 ms.
Unloading 0 Unused Serialized files (Serialized files now loaded: 0)
Unloading 2656 unused Assets / (65.0 KB). Loaded Objects now: 3291.
Memory consumption went from 134.3 MB to 134.3 MB.
Total: 28.387300 ms (FindLiveObjects: 0.574800 ms CreateObjectMapping: 1.112300 ms MarkObjects: 25.742700 ms  DeleteObjects: 0.956000 ms)

Prepare: number of updated asset objects reloaded= 0
========================================================================
Received Prepare
Refreshing native plugins compatible for Editor in 25.98 ms, found 2 plugins.
Preloading 0 native plugins for Editor in 0.00 ms.
Unloading 0 Unused Serialized files (Serialized files now loaded: 0)
Unloading 2656 unused Assets / (335.5 KB). Loaded Objects now: 3291.
Memory consumption went from 134.3 MB to 134.0 MB.
Total: 30.339700 ms (FindLiveObjects: 5.145700 ms CreateObjectMapping: 0.909000 ms MarkObjects: 20.528600 ms  DeleteObjects: 3.754600 ms)

Prepare: number of updated asset objects reloaded= 0
========================================================================
Received Prepare
Refreshing native plugins compatible for Editor in 55.61 ms, found 2 plugins.
Preloading 0 native plugins for Editor in 0.00 ms.
Unloading 0 Unused Serialized files (Serialized files now loaded: 0)
Unloading 2656 unused Assets / (0.6 MB). Loaded Objects now: 3291.
Memory consumption went from 134.3 MB to 133.8 MB.
Total: 15.724000 ms (FindLiveObjects: 0.515700 ms CreateObjectMapping: 0.749900 ms MarkObjects: 12.963100 ms  DeleteObjects: 1.492700 ms)

Prepare: number of updated asset objects reloaded= 0
========================================================================
Received Prepare
Begin MonoManager ReloadAssembly
Duplicate assembly 'log4net.dll' with different versions detected, using 'Assets/References/log4net.dll, AssemblyName=log4net, Version=2.0.8.0, Culture=neutral, PublicKeyToken=null' and ignoring 'Packages/com.unity.collab-proxy/Lib/Editor/PlasticSCM/log4netPlastic.dll, AssemblyName=log4net, Version=1.2.15.0, Culture=neutral, PublicKeyToken=669e0ddf0bb1aa2a'.Duplicate assembly 'Newtonsoft.Json.dll' with different versions detected, using 'Packages/com.unity.nuget.newtonsoft-json/Runtime/Newtonsoft.Json.dll, AssemblyName=Newtonsoft.Json, Version=13.0.0.0, Culture=neutral, PublicKeyToken=30ad4fe6b2a6aeed' and ignoring 'Assets/JsonDotNet/Assemblies/Standalone/Newtonsoft.Json.dll, AssemblyName=Newtonsoft.Json, Version=8.0.0.0, Culture=neutral, PublicKeyToken=null'.Symbol file LoadedFromMemory is not a mono symbol file
Symbol file LoadedFromMemory is not a mono symbol file
Symbol file LoadedFromMemory is not a mono symbol file
- Loaded All Assemblies, in  9.771 seconds
Refreshing native plugins compatible for Editor in 7.37 ms, found 2 plugins.
Native extension for iOS target not found
Native extension for Android target not found
Native extension for WindowsStandalone target not found
Mono: successfully reloaded assembly
- Finished resetting the current domain, in  2.265 seconds
Domain Reload Profiling: 12036ms
	BeginReloadAssembly (1671ms)
		ExecutionOrderSort (0ms)
		DisableScriptedObjects (176ms)
		BackupInstance (0ms)
		ReleaseScriptingObjects (0ms)
		CreateAndSetChildDomain (616ms)
	RebuildCommonClasses (111ms)
	RebuildNativeTypeToScriptingClass (27ms)
	initialDomainReloadingComplete (92ms)
	LoadAllAssembliesAndSetupDomain (7868ms)
		LoadAssemblies (7687ms)
		RebuildTransferFunctionScriptingTraits (0ms)
		AnalyzeDomain (718ms)
			TypeCache.Refresh (131ms)
				TypeCache.ScanAssembly (7ms)
			BuildScriptInfoCaches (439ms)
			ResolveRequiredComponents (11ms)
	FinalizeReload (2266ms)
		ReleaseScriptCaches (0ms)
		RebuildScriptCaches (0ms)
		SetupLoadedEditorAssemblies (1876ms)
			LogAssemblyErrors (0ms)
			InitializePlatformSupportModulesInManaged (108ms)
			SetLoadedEditorAssemblies (4ms)
			BeforeProcessingInitializeOnLoad (93ms)
			ProcessInitializeOnLoadAttributes (1124ms)
			ProcessInitializeOnLoadMethodAttributes (535ms)
			AfterProcessingInitializeOnLoad (12ms)
			EditorAssembliesLoaded (1ms)
		ExecutionOrderSort2 (0ms)
		AwakeInstancesAfterBackupRestoration (24ms)
Refreshing native plugins compatible for Editor in 6.57 ms, found 2 plugins.
Preloading 0 native plugins for Editor in 0.00 ms.
Unloading 0 Unused Serialized files (Serialized files now loaded: 0)
Unloading 2691 unused Assets / (0.7 MB). Loaded Objects now: 3291.
Memory consumption went from 136.3 MB to 135.6 MB.
Total: 14.442000 ms (FindLiveObjects: 0.404400 ms CreateObjectMapping: 0.486700 ms MarkObjects: 12.162800 ms  DeleteObjects: 1.386800 ms)

Prepare: number of updated asset objects reloaded= 0
========================================================================
Received Prepare
Refreshing native plugins compatible for Editor in 6.38 ms, found 2 plugins.
Preloading 0 native plugins for Editor in 0.00 ms.
Unloading 0 Unused Serialized files (Serialized files now loaded: 0)
Unloading 2656 unused Assets / (0.7 MB). Loaded Objects now: 3291.
Memory consumption went from 136.2 MB to 135.6 MB.
Total: 13.021000 ms (FindLiveObjects: 0.353500 ms CreateObjectMapping: 0.408000 ms MarkObjects: 11.459100 ms  DeleteObjects: 0.799200 ms)

Prepare: number of updated asset objects reloaded= 0
========================================================================
Received Prepare
Begin MonoManager ReloadAssembly
Duplicate assembly 'log4net.dll' with different versions detected, using 'Assets/References/log4net.dll, AssemblyName=log4net, Version=2.0.8.0, Culture=neutral, PublicKeyToken=null' and ignoring 'Packages/com.unity.collab-proxy/Lib/Editor/PlasticSCM/log4netPlastic.dll, AssemblyName=log4net, Version=1.2.15.0, Culture=neutral, PublicKeyToken=669e0ddf0bb1aa2a'.Duplicate assembly 'Newtonsoft.Json.dll' with different versions detected, using 'Packages/com.unity.nuget.newtonsoft-json/Runtime/Newtonsoft.Json.dll, AssemblyName=Newtonsoft.Json, Version=13.0.0.0, Culture=neutral, PublicKeyToken=30ad4fe6b2a6aeed' and ignoring 'Assets/JsonDotNet/Assemblies/Standalone/Newtonsoft.Json.dll, AssemblyName=Newtonsoft.Json, Version=8.0.0.0, Culture=neutral, PublicKeyToken=null'.Symbol file LoadedFromMemory is not a mono symbol file
Symbol file LoadedFromMemory is not a mono symbol file
Symbol file LoadedFromMemory is not a mono symbol file
- Loaded All Assemblies, in  2.742 seconds
Refreshing native plugins compatible for Editor in 11.54 ms, found 2 plugins.
Native extension for iOS target not found
Native extension for Android target not found
Native extension for WindowsStandalone target not found
Mono: successfully reloaded assembly
- Finished resetting the current domain, in  2.617 seconds
Domain Reload Profiling: 5347ms
	BeginReloadAssembly (498ms)
		ExecutionOrderSort (0ms)
		DisableScriptedObjects (11ms)
		BackupInstance (0ms)
		ReleaseScriptingObjects (0ms)
		CreateAndSetChildDomain (99ms)
	RebuildCommonClasses (86ms)
	RebuildNativeTypeToScriptingClass (40ms)
	initialDomainReloadingComplete (76ms)
	LoadAllAssembliesAndSetupDomain (2030ms)
		LoadAssemblies (2165ms)
		RebuildTransferFunctionScriptingTraits (0ms)
		AnalyzeDomain (199ms)
			TypeCache.Refresh (13ms)
				TypeCache.ScanAssembly (2ms)
			BuildScriptInfoCaches (173ms)
			ResolveRequiredComponents (10ms)
	FinalizeReload (2618ms)
		ReleaseScriptCaches (0ms)
		RebuildScriptCaches (0ms)
		SetupLoadedEditorAssemblies (2106ms)
			LogAssemblyErrors (0ms)
			InitializePlatformSupportModulesInManaged (60ms)
			SetLoadedEditorAssemblies (9ms)
			BeforeProcessingInitializeOnLoad (143ms)
			ProcessInitializeOnLoadAttributes (1264ms)
			ProcessInitializeOnLoadMethodAttributes (618ms)
			AfterProcessingInitializeOnLoad (11ms)
			EditorAssembliesLoaded (0ms)
		ExecutionOrderSort2 (0ms)
		AwakeInstancesAfterBackupRestoration (35ms)
Refreshing native plugins compatible for Editor in 17.62 ms, found 2 plugins.
Preloading 0 native plugins for Editor in 0.00 ms.
Unloading 0 Unused Serialized files (Serialized files now loaded: 0)
Unloading 2691 unused Assets / (0.9 MB). Loaded Objects now: 3291.
Memory consumption went from 138.2 MB to 137.3 MB.
Total: 31.027200 ms (FindLiveObjects: 2.845100 ms CreateObjectMapping: 1.395800 ms MarkObjects: 25.043500 ms  DeleteObjects: 1.741200 ms)

Prepare: number of updated asset objects reloaded= 0
========================================================================
Received Prepare
Refreshing native plugins compatible for Editor in 11.41 ms, found 2 plugins.
Preloading 0 native plugins for Editor in 0.00 ms.
Unloading 0 Unused Serialized files (Serialized files now loaded: 0)
Unloading 2656 unused Assets / (0.7 MB). Loaded Objects now: 3291.
Memory consumption went from 138.2 MB to 137.5 MB.
Total: 18.798800 ms (FindLiveObjects: 0.561400 ms CreateObjectMapping: 1.196300 ms MarkObjects: 15.462400 ms  DeleteObjects: 1.577100 ms)

Prepare: number of updated asset objects reloaded= 0
========================================================================
Received Prepare
Begin MonoManager ReloadAssembly
Duplicate assembly 'log4net.dll' with different versions detected, using 'Assets/References/log4net.dll, AssemblyName=log4net, Version=2.0.8.0, Culture=neutral, PublicKeyToken=null' and ignoring 'Packages/com.unity.collab-proxy/Lib/Editor/PlasticSCM/log4netPlastic.dll, AssemblyName=log4net, Version=1.2.15.0, Culture=neutral, PublicKeyToken=669e0ddf0bb1aa2a'.Duplicate assembly 'Newtonsoft.Json.dll' with different versions detected, using 'Packages/com.unity.nuget.newtonsoft-json/Runtime/Newtonsoft.Json.dll, AssemblyName=Newtonsoft.Json, Version=13.0.0.0, Culture=neutral, PublicKeyToken=30ad4fe6b2a6aeed' and ignoring 'Assets/JsonDotNet/Assemblies/Standalone/Newtonsoft.Json.dll, AssemblyName=Newtonsoft.Json, Version=8.0.0.0, Culture=neutral, PublicKeyToken=null'.Symbol file LoadedFromMemory is not a mono symbol file
Symbol file LoadedFromMemory is not a mono symbol file
Symbol file LoadedFromMemory is not a mono symbol file
- Loaded All Assemblies, in  1.907 seconds
Refreshing native plugins compatible for Editor in 12.23 ms, found 2 plugins.
Native extension for iOS target not found
Native extension for Android target not found
Native extension for WindowsStandalone target not found
Mono: successfully reloaded assembly
- Finished resetting the current domain, in  2.565 seconds
Domain Reload Profiling: 4460ms
	BeginReloadAssembly (415ms)
		ExecutionOrderSort (0ms)
		DisableScriptedObjects (8ms)
		BackupInstance (0ms)
		ReleaseScriptingObjects (0ms)
		CreateAndSetChildDomain (98ms)
	RebuildCommonClasses (93ms)
	RebuildNativeTypeToScriptingClass (33ms)
	initialDomainReloadingComplete (105ms)
	LoadAllAssembliesAndSetupDomain (1250ms)
		LoadAssemblies (1194ms)
		RebuildTransferFunctionScriptingTraits (0ms)
		AnalyzeDomain (300ms)
			TypeCache.Refresh (20ms)
				TypeCache.ScanAssembly (6ms)
			BuildScriptInfoCaches (262ms)
			ResolveRequiredComponents (12ms)
	FinalizeReload (2566ms)
		ReleaseScriptCaches (0ms)
		RebuildScriptCaches (0ms)
		SetupLoadedEditorAssemblies (2079ms)
			LogAssemblyErrors (0ms)
			InitializePlatformSupportModulesInManaged (141ms)
			SetLoadedEditorAssemblies (10ms)
			BeforeProcessingInitializeOnLoad (130ms)
			ProcessInitializeOnLoadAttributes (1278ms)
			ProcessInitializeOnLoadMethodAttributes (491ms)
			AfterProcessingInitializeOnLoad (28ms)
			EditorAssembliesLoaded (1ms)
		ExecutionOrderSort2 (0ms)
		AwakeInstancesAfterBackupRestoration (49ms)
Refreshing native plugins compatible for Editor in 7.47 ms, found 2 plugins.
Preloading 0 native plugins for Editor in 0.00 ms.
Unloading 0 Unused Serialized files (Serialized files now loaded: 0)
Unloading 2691 unused Assets / (0.6 MB). Loaded Objects now: 3291.
Memory consumption went from 140.1 MB to 139.5 MB.
Total: 12.481100 ms (FindLiveObjects: 0.386800 ms CreateObjectMapping: 0.350100 ms MarkObjects: 9.375800 ms  DeleteObjects: 2.366800 ms)

Prepare: number of updated asset objects reloaded= 0
========================================================================
Received Import Request.
  Time since last request: 6468.035208 seconds.
  path: Assets/Levels/Loading.unity
  artifactKey: Guid(73c87c17996e52b4aa4fe7606bd64776) Importer(815301076,1909f56bfc062723c751e8b465ee728b)
Start importing Assets/Levels/Loading.unity using Guid(73c87c17996e52b4aa4fe7606bd64776) Importer(815301076,1909f56bfc062723c751e8b465ee728b) (PreviewImporter) -> (artifact id: '09ce5309caa26edf9f53b80470565437') in 1.066706 seconds
Number of updated asset objects reloaded before import = 0Number of asset objects unloaded after import = 0

========================================================================
Received Prepare
Begin MonoManager ReloadAssembly
Duplicate assembly 'log4net.dll' with different versions detected, using 'Assets/References/log4net.dll, AssemblyName=log4net, Version=2.0.8.0, Culture=neutral, PublicKeyToken=null' and ignoring 'Packages/com.unity.collab-proxy/Lib/Editor/PlasticSCM/log4netPlastic.dll, AssemblyName=log4net, Version=1.2.15.0, Culture=neutral, PublicKeyToken=669e0ddf0bb1aa2a'.Duplicate assembly 'Newtonsoft.Json.dll' with different versions detected, using 'Packages/com.unity.nuget.newtonsoft-json/Runtime/Newtonsoft.Json.dll, AssemblyName=Newtonsoft.Json, Version=13.0.0.0, Culture=neutral, PublicKeyToken=30ad4fe6b2a6aeed' and ignoring 'Assets/JsonDotNet/Assemblies/Standalone/Newtonsoft.Json.dll, AssemblyName=Newtonsoft.Json, Version=8.0.0.0, Culture=neutral, PublicKeyToken=null'.Symbol file LoadedFromMemory is not a mono symbol file
Symbol file LoadedFromMemory is not a mono symbol file
Symbol file LoadedFromMemory is not a mono symbol file
- Loaded All Assemblies, in 10.629 seconds
Refreshing native plugins compatible for Editor in 162.56 ms, found 2 plugins.
Native extension for iOS target not found
Native extension for Android target not found
Native extension for WindowsStandalone target not found
Mono: successfully reloaded assembly
- Finished resetting the current domain, in  2.448 seconds
Domain Reload Profiling: 13080ms
	BeginReloadAssembly (1044ms)
		ExecutionOrderSort (0ms)
		DisableScriptedObjects (68ms)
		BackupInstance (0ms)
		ReleaseScriptingObjects (2ms)
		CreateAndSetChildDomain (403ms)
	RebuildCommonClasses (80ms)
	RebuildNativeTypeToScriptingClass (23ms)
	initialDomainReloadingComplete (72ms)
	LoadAllAssembliesAndSetupDomain (9412ms)
		LoadAssemblies (9417ms)
		RebuildTransferFunctionScriptingTraits (0ms)
		AnalyzeDomain (348ms)
			TypeCache.Refresh (35ms)
				TypeCache.ScanAssembly (0ms)
			BuildScriptInfoCaches (290ms)
			ResolveRequiredComponents (6ms)
	FinalizeReload (2449ms)
		ReleaseScriptCaches (0ms)
		RebuildScriptCaches (0ms)
		SetupLoadedEditorAssemblies (2017ms)
			LogAssemblyErrors (0ms)
			InitializePlatformSupportModulesInManaged (367ms)
			SetLoadedEditorAssemblies (6ms)
			BeforeProcessingInitializeOnLoad (95ms)
			ProcessInitializeOnLoadAttributes (1081ms)
			ProcessInitializeOnLoadMethodAttributes (445ms)
			AfterProcessingInitializeOnLoad (20ms)
			EditorAssembliesLoaded (1ms)
		ExecutionOrderSort2 (0ms)
		AwakeInstancesAfterBackupRestoration (31ms)
Refreshing native plugins compatible for Editor in 8.41 ms, found 2 plugins.
Preloading 0 native plugins for Editor in 0.00 ms.
Unloading 0 Unused Serialized files (Serialized files now loaded: 0)
Unloading 2691 unused Assets / (0.5 MB). Loaded Objects now: 3291.
Memory consumption went from 142.0 MB to 141.5 MB.
Total: 20.499200 ms (FindLiveObjects: 0.462200 ms CreateObjectMapping: 0.707200 ms MarkObjects: 17.371900 ms  DeleteObjects: 1.955400 ms)

Prepare: number of updated asset objects reloaded= 0
