Using pre-set license
Built from '2023.2/china_unity/20f1' branch; Version is '2023.2.20f1c1 (ceda3f59bbc9) revision 13556287'; Using compiler version '193431935'; Build Type 'Release'
OS: 'Windows 10  (10.0.19045) 64bit Core' Language: 'zh' Physical Memory: 16291 MB
BatchMode: 1, IsHumanControllingUs: 0, StartBugReporterOnCrash: 0, Is64bit: 1, IsPro: 1

COMMAND LINE ARGUMENTS:
F:\unity\2023.2.20f1c1\Editor\Unity.exe
-adb2
-batchMode
-noUpm
-name
AssetImportWorker1
-projectPath
F:/var/mmorpg/myrpg/Src/Client
-logFile
Logs/AssetImportWorker1.log
-srvPort
63195
-job-worker-count
3
-background-job-worker-count
8
-asset-garbage-collectors
1
Successfully changed project path to: F:/var/mmorpg/myrpg/Src/Client
F:/var/mmorpg/myrpg/Src/Client
[UnityMemory] Configuration Parameters - Can be set up in boot.config
    "memorysetup-bucket-allocator-granularity=16"
    "memorysetup-bucket-allocator-bucket-count=8"
    "memorysetup-bucket-allocator-block-size=33554432"
    "memorysetup-bucket-allocator-block-count=8"
    "memorysetup-main-allocator-block-size=16777216"
    "memorysetup-thread-allocator-block-size=16777216"
    "memorysetup-gfx-main-allocator-block-size=16777216"
    "memorysetup-gfx-thread-allocator-block-size=16777216"
    "memorysetup-cache-allocator-block-size=4194304"
    "memorysetup-typetree-allocator-block-size=2097152"
    "memorysetup-profiler-bucket-allocator-granularity=16"
    "memorysetup-profiler-bucket-allocator-bucket-count=8"
    "memorysetup-profiler-bucket-allocator-block-size=33554432"
    "memorysetup-profiler-bucket-allocator-block-count=8"
    "memorysetup-profiler-allocator-block-size=16777216"
    "memorysetup-profiler-editor-allocator-block-size=1048576"
    "memorysetup-temp-allocator-size-main=16777216"
    "memorysetup-job-temp-allocator-block-size=2097152"
    "memorysetup-job-temp-allocator-block-size-background=1048576"
    "memorysetup-job-temp-allocator-reduction-small-platforms=262144"
    "memorysetup-allocator-temp-initial-block-size-main=262144"
    "memorysetup-allocator-temp-initial-block-size-worker=262144"
    "memorysetup-temp-allocator-size-background-worker=32768"
    "memorysetup-temp-allocator-size-job-worker=262144"
    "memorysetup-temp-allocator-size-preload-manager=33554432"
    "memorysetup-temp-allocator-size-nav-mesh-worker=65536"
    "memorysetup-temp-allocator-size-audio-worker=65536"
    "memorysetup-temp-allocator-size-cloud-worker=32768"
    "memorysetup-temp-allocator-size-gi-baking-worker=262144"
    "memorysetup-temp-allocator-size-gi-baking-worker=262144"
    "memorysetup-temp-allocator-size-gi-baking-worker=262144"
    "memorysetup-temp-allocator-size-gi-baking-worker=262144"
    "memorysetup-temp-allocator-size-gfx=262144"
Player connection [20736] Host "[IP] 26.48.45.111 [Port] 0 [Flags] 2 [Guid] 3895495784 [EditorId] 3895495784 [Version] 1048832 [Id] WindowsEditor(7,DESKTOP-UJLBIMK) [Debug] 1 [PackageName] WindowsEditor [ProjectName] Editor" joined multi-casting on [225.0.0.222:54997]...
Player connection [20736] Host "[IP] 26.48.45.111 [Port] 0 [Flags] 2 [Guid] 3895495784 [EditorId] 3895495784 [Version] 1048832 [Id] WindowsEditor(7,DESKTOP-UJLBIMK) [Debug] 1 [PackageName] WindowsEditor [ProjectName] Editor" joined alternative multi-casting on [225.0.0.222:34997]...
JobSystem: Creating JobQueue using job-worker-count value 3
[Physics::Module] Initialized MultithreadedJobDispatcher with 3 workers.
Library Redirect Path: Library/
Refreshing native plugins compatible for Editor in 5.97 ms, found 2 plugins.
Preloading 0 native plugins for Editor in 0.00 ms.
Initialize engine version: 2023.2.20f1c1 (ceda3f59bbc9)
[Subsystems] Discovering subsystems at path F:/unity/2023.2.20f1c1/Editor/Data/Resources/UnitySubsystems
[Subsystems] Discovering subsystems at path F:/var/mmorpg/myrpg/Src/Client/Assets
GfxDevice: creating device client; kGfxThreadingModeNonThreaded
Direct3D:
    Version:  Direct3D 11.0 [level 11.1]
    Renderer: NVIDIA GeForce GTX 1650 (ID=0x1f99)
    Vendor:   NVIDIA
    VRAM:     3935 MB
    Driver:   32.0.15.9597
Initialize mono
Mono path[0] = 'F:/unity/2023.2.20f1c1/Editor/Data/Managed'
Mono path[1] = 'F:/unity/2023.2.20f1c1/Editor/Data/MonoBleedingEdge/lib/mono/unityjit-win32'
Mono config path = 'F:/unity/2023.2.20f1c1/Editor/Data/MonoBleedingEdge/etc'
Using monoOptions --debugger-agent=transport=dt_socket,embedding=1,server=y,suspend=n,address=127.0.0.1:56804
Begin MonoManager ReloadAssembly
Registering precompiled unity dll's ...
Register platform support module: F:/unity/2023.2.20f1c1/Editor/Data/PlaybackEngines/WindowsStandaloneSupport/UnityEditor.WindowsStandalone.Extensions.dll
Register platform support module: F:/unity/2023.2.20f1c1/Editor/Data/PlaybackEngines/AndroidPlayer/UnityEditor.Android.Extensions.dll
Register platform support module: F:/unity/2023.2.20f1c1/Editor/Data/PlaybackEngines/iOSSupport/UnityEditor.iOS.Extensions.dll
Registered in 0.007467 seconds.
- Loaded All Assemblies, in  0.446 seconds
[usbmuxd] Start listen thread
[usbmuxd] Listen thread started
Native extension for iOS target not found
Native extension for Android target not found
Android Extension - Scanning For ADB Devices 364 ms
Native extension for WindowsStandalone target not found
Mono: successfully reloaded assembly
- Finished resetting the current domain, in  0.788 seconds
Domain Reload Profiling: 1232ms
	BeginReloadAssembly (151ms)
		ExecutionOrderSort (0ms)
		DisableScriptedObjects (0ms)
		BackupInstance (0ms)
		ReleaseScriptingObjects (0ms)
		CreateAndSetChildDomain (1ms)
	RebuildCommonClasses (38ms)
	RebuildNativeTypeToScriptingClass (14ms)
	initialDomainReloadingComplete (57ms)
	LoadAllAssembliesAndSetupDomain (183ms)
		LoadAssemblies (148ms)
		RebuildTransferFunctionScriptingTraits (0ms)
		AnalyzeDomain (179ms)
			TypeCache.Refresh (178ms)
				TypeCache.ScanAssembly (163ms)
			BuildScriptInfoCaches (0ms)
			ResolveRequiredComponents (0ms)
	FinalizeReload (789ms)
		ReleaseScriptCaches (0ms)
		RebuildScriptCaches (0ms)
		SetupLoadedEditorAssemblies (733ms)
			LogAssemblyErrors (0ms)
			InitializePlatformSupportModulesInManaged (487ms)
			SetLoadedEditorAssemblies (5ms)
			BeforeProcessingInitializeOnLoad (9ms)
			ProcessInitializeOnLoadAttributes (165ms)
			ProcessInitializeOnLoadMethodAttributes (67ms)
			AfterProcessingInitializeOnLoad (0ms)
			EditorAssembliesLoaded (0ms)
		ExecutionOrderSort2 (0ms)
		AwakeInstancesAfterBackupRestoration (0ms)
========================================================================
Worker process is ready to serve import requests
Import Worker Mode flag is 0x00
Begin MonoManager ReloadAssembly
Duplicate assembly 'log4net.dll' with different versions detected, using 'Assets/References/log4net.dll, AssemblyName=log4net, Version=2.0.8.0, Culture=neutral, PublicKeyToken=null' and ignoring 'Packages/com.unity.collab-proxy/Lib/Editor/PlasticSCM/log4netPlastic.dll, AssemblyName=log4net, Version=1.2.15.0, Culture=neutral, PublicKeyToken=669e0ddf0bb1aa2a'.Duplicate assembly 'Newtonsoft.Json.dll' with different versions detected, using 'Packages/com.unity.nuget.newtonsoft-json/Runtime/Newtonsoft.Json.dll, AssemblyName=Newtonsoft.Json, Version=13.0.0.0, Culture=neutral, PublicKeyToken=30ad4fe6b2a6aeed' and ignoring 'Assets/JsonDotNet/Assemblies/Standalone/Newtonsoft.Json.dll, AssemblyName=Newtonsoft.Json, Version=8.0.0.0, Culture=neutral, PublicKeyToken=null'.Symbol file LoadedFromMemory is not a mono symbol file
Symbol file LoadedFromMemory is not a mono symbol file
Symbol file LoadedFromMemory is not a mono symbol file
- Loaded All Assemblies, in  2.130 seconds
Refreshing native plugins compatible for Editor in 5.34 ms, found 2 plugins.
Native extension for iOS target not found
Native extension for Android target not found
Native extension for WindowsStandalone target not found
Refreshing native plugins compatible for Editor in 5.45 ms, found 2 plugins.
Mono: successfully reloaded assembly
- Finished resetting the current domain, in  0.959 seconds
Domain Reload Profiling: 3085ms
	BeginReloadAssembly (387ms)
		ExecutionOrderSort (0ms)
		DisableScriptedObjects (6ms)
		BackupInstance (0ms)
		ReleaseScriptingObjects (0ms)
		CreateAndSetChildDomain (31ms)
	RebuildCommonClasses (38ms)
	RebuildNativeTypeToScriptingClass (14ms)
	initialDomainReloadingComplete (41ms)
	LoadAllAssembliesAndSetupDomain (1644ms)
		LoadAssemblies (1570ms)
		RebuildTransferFunctionScriptingTraits (0ms)
		AnalyzeDomain (192ms)
			TypeCache.Refresh (161ms)
				TypeCache.ScanAssembly (139ms)
			BuildScriptInfoCaches (24ms)
			ResolveRequiredComponents (4ms)
	FinalizeReload (960ms)
		ReleaseScriptCaches (0ms)
		RebuildScriptCaches (0ms)
		SetupLoadedEditorAssemblies (744ms)
			LogAssemblyErrors (0ms)
			InitializePlatformSupportModulesInManaged (24ms)
			SetLoadedEditorAssemblies (5ms)
			BeforeProcessingInitializeOnLoad (47ms)
			ProcessInitializeOnLoadAttributes (448ms)
			ProcessInitializeOnLoadMethodAttributes (212ms)
			AfterProcessingInitializeOnLoad (7ms)
			EditorAssembliesLoaded (0ms)
		ExecutionOrderSort2 (0ms)
		AwakeInstancesAfterBackupRestoration (14ms)
Launched and connected shader compiler UnityShaderCompiler.exe after 0.01 seconds
Refreshing native plugins compatible for Editor in 5.70 ms, found 2 plugins.
Preloading 0 native plugins for Editor in 0.00 ms.
Unloading 28 Unused Serialized files (Serialized files now loaded: 0)
Unloading 2680 unused Assets / (0.6 MB). Loaded Objects now: 3278.
Memory consumption went from 119.3 MB to 118.7 MB.
Total: 9.744700 ms (FindLiveObjects: 0.334000 ms CreateObjectMapping: 0.276800 ms MarkObjects: 8.412200 ms  DeleteObjects: 0.720900 ms)

========================================================================
Received Prepare
Refreshing native plugins compatible for Editor in 7.38 ms, found 2 plugins.
Preloading 0 native plugins for Editor in 0.00 ms.
Unloading 0 Unused Serialized files (Serialized files now loaded: 0)
Unloading 2646 unused Assets / (0.7 MB). Loaded Objects now: 3279.
Memory consumption went from 111.5 MB to 110.8 MB.
Total: 10.794200 ms (FindLiveObjects: 0.345100 ms CreateObjectMapping: 0.578300 ms MarkObjects: 9.108200 ms  DeleteObjects: 0.761700 ms)

Prepare: number of updated asset objects reloaded= 0
========================================================================
Received Prepare
Begin MonoManager ReloadAssembly
Duplicate assembly 'log4net.dll' with different versions detected, using 'Assets/References/log4net.dll, AssemblyName=log4net, Version=2.0.8.0, Culture=neutral, PublicKeyToken=null' and ignoring 'Packages/com.unity.collab-proxy/Lib/Editor/PlasticSCM/log4netPlastic.dll, AssemblyName=log4net, Version=1.2.15.0, Culture=neutral, PublicKeyToken=669e0ddf0bb1aa2a'.Duplicate assembly 'Newtonsoft.Json.dll' with different versions detected, using 'Packages/com.unity.nuget.newtonsoft-json/Runtime/Newtonsoft.Json.dll, AssemblyName=Newtonsoft.Json, Version=13.0.0.0, Culture=neutral, PublicKeyToken=30ad4fe6b2a6aeed' and ignoring 'Assets/JsonDotNet/Assemblies/Standalone/Newtonsoft.Json.dll, AssemblyName=Newtonsoft.Json, Version=8.0.0.0, Culture=neutral, PublicKeyToken=null'.Symbol file LoadedFromMemory is not a mono symbol file
Symbol file LoadedFromMemory is not a mono symbol file
Symbol file LoadedFromMemory is not a mono symbol file
- Loaded All Assemblies, in  0.799 seconds
Refreshing native plugins compatible for Editor in 5.24 ms, found 2 plugins.
Native extension for iOS target not found
Native extension for Android target not found
Native extension for WindowsStandalone target not found
Mono: successfully reloaded assembly
- Finished resetting the current domain, in  0.976 seconds
Domain Reload Profiling: 1771ms
	BeginReloadAssembly (291ms)
		ExecutionOrderSort (0ms)
		DisableScriptedObjects (9ms)
		BackupInstance (0ms)
		ReleaseScriptingObjects (0ms)
		CreateAndSetChildDomain (76ms)
	RebuildCommonClasses (60ms)
	RebuildNativeTypeToScriptingClass (21ms)
	initialDomainReloadingComplete (33ms)
	LoadAllAssembliesAndSetupDomain (390ms)
		LoadAssemblies (423ms)
		RebuildTransferFunctionScriptingTraits (0ms)
		AnalyzeDomain (127ms)
			TypeCache.Refresh (9ms)
				TypeCache.ScanAssembly (1ms)
			BuildScriptInfoCaches (111ms)
			ResolveRequiredComponents (4ms)
	FinalizeReload (976ms)
		ReleaseScriptCaches (0ms)
		RebuildScriptCaches (0ms)
		SetupLoadedEditorAssemblies (751ms)
			LogAssemblyErrors (0ms)
			InitializePlatformSupportModulesInManaged (23ms)
			SetLoadedEditorAssemblies (5ms)
			BeforeProcessingInitializeOnLoad (57ms)
			ProcessInitializeOnLoadAttributes (475ms)
			ProcessInitializeOnLoadMethodAttributes (184ms)
			AfterProcessingInitializeOnLoad (6ms)
			EditorAssembliesLoaded (0ms)
		ExecutionOrderSort2 (0ms)
		AwakeInstancesAfterBackupRestoration (14ms)
Refreshing native plugins compatible for Editor in 5.25 ms, found 2 plugins.
Preloading 0 native plugins for Editor in 0.00 ms.
Unloading 0 Unused Serialized files (Serialized files now loaded: 0)
Unloading 2679 unused Assets / (0.5 MB). Loaded Objects now: 3279.
Memory consumption went from 114.5 MB to 113.9 MB.
Total: 9.576800 ms (FindLiveObjects: 0.327000 ms CreateObjectMapping: 0.272900 ms MarkObjects: 8.348700 ms  DeleteObjects: 0.627300 ms)

Prepare: number of updated asset objects reloaded= 0
========================================================================
Received Prepare
Refreshing native plugins compatible for Editor in 4.98 ms, found 2 plugins.
Preloading 0 native plugins for Editor in 0.00 ms.
Unloading 0 Unused Serialized files (Serialized files now loaded: 0)
Unloading 2646 unused Assets / (0.7 MB). Loaded Objects now: 3279.
Memory consumption went from 114.5 MB to 113.8 MB.
Total: 10.200500 ms (FindLiveObjects: 0.479600 ms CreateObjectMapping: 0.621500 ms MarkObjects: 8.395700 ms  DeleteObjects: 0.702600 ms)

Prepare: number of updated asset objects reloaded= 0
========================================================================
Received Prepare
Refreshing native plugins compatible for Editor in 8.19 ms, found 2 plugins.
Preloading 0 native plugins for Editor in 0.00 ms.
Unloading 0 Unused Serialized files (Serialized files now loaded: 0)
Unloading 2646 unused Assets / (0.6 MB). Loaded Objects now: 3279.
Memory consumption went from 114.5 MB to 113.9 MB.
Total: 11.431700 ms (FindLiveObjects: 0.349500 ms CreateObjectMapping: 0.301800 ms MarkObjects: 9.912000 ms  DeleteObjects: 0.867300 ms)

Prepare: number of updated asset objects reloaded= 0
========================================================================
Received Prepare
Refreshing native plugins compatible for Editor in 5.67 ms, found 2 plugins.
Preloading 0 native plugins for Editor in 0.00 ms.
Unloading 0 Unused Serialized files (Serialized files now loaded: 0)
Unloading 2646 unused Assets / (0.7 MB). Loaded Objects now: 3279.
Memory consumption went from 114.5 MB to 113.8 MB.
Total: 10.512000 ms (FindLiveObjects: 0.377900 ms CreateObjectMapping: 0.363200 ms MarkObjects: 8.956200 ms  DeleteObjects: 0.813600 ms)

Prepare: number of updated asset objects reloaded= 0
========================================================================
Received Prepare
Refreshing native plugins compatible for Editor in 6.66 ms, found 2 plugins.
Preloading 0 native plugins for Editor in 0.00 ms.
Unloading 0 Unused Serialized files (Serialized files now loaded: 0)
Unloading 2646 unused Assets / (0.7 MB). Loaded Objects now: 3279.
Memory consumption went from 114.5 MB to 113.8 MB.
Total: 9.810500 ms (FindLiveObjects: 0.346100 ms CreateObjectMapping: 0.311400 ms MarkObjects: 8.430800 ms  DeleteObjects: 0.721300 ms)

Prepare: number of updated asset objects reloaded= 0
========================================================================
Received Prepare
Refreshing native plugins compatible for Editor in 7.86 ms, found 2 plugins.
Preloading 0 native plugins for Editor in 0.00 ms.
Unloading 0 Unused Serialized files (Serialized files now loaded: 0)
Unloading 2646 unused Assets / (0.8 MB). Loaded Objects now: 3279.
Memory consumption went from 114.5 MB to 113.7 MB.
Total: 14.587400 ms (FindLiveObjects: 0.417800 ms CreateObjectMapping: 0.473600 ms MarkObjects: 12.540200 ms  DeleteObjects: 1.154000 ms)

Prepare: number of updated asset objects reloaded= 0
========================================================================
Received Prepare
Refreshing native plugins compatible for Editor in 5.02 ms, found 2 plugins.
Preloading 0 native plugins for Editor in 0.00 ms.
Unloading 0 Unused Serialized files (Serialized files now loaded: 0)
Unloading 2646 unused Assets / (0.6 MB). Loaded Objects now: 3279.
Memory consumption went from 114.5 MB to 113.8 MB.
Total: 9.944900 ms (FindLiveObjects: 0.319500 ms CreateObjectMapping: 0.278600 ms MarkObjects: 8.654100 ms  DeleteObjects: 0.691800 ms)

Prepare: number of updated asset objects reloaded= 0
========================================================================
Received Prepare
Refreshing native plugins compatible for Editor in 6.89 ms, found 2 plugins.
Preloading 0 native plugins for Editor in 0.00 ms.
Unloading 0 Unused Serialized files (Serialized files now loaded: 0)
Unloading 2646 unused Assets / (0.7 MB). Loaded Objects now: 3279.
Memory consumption went from 114.5 MB to 113.8 MB.
Total: 10.451600 ms (FindLiveObjects: 0.334600 ms CreateObjectMapping: 0.591300 ms MarkObjects: 8.840700 ms  DeleteObjects: 0.683700 ms)

Prepare: number of updated asset objects reloaded= 0
========================================================================
Received Prepare
Refreshing native plugins compatible for Editor in 5.12 ms, found 2 plugins.
Preloading 0 native plugins for Editor in 0.00 ms.
Unloading 0 Unused Serialized files (Serialized files now loaded: 0)
Unloading 2646 unused Assets / (0.7 MB). Loaded Objects now: 3279.
Memory consumption went from 114.5 MB to 113.8 MB.
Total: 12.428800 ms (FindLiveObjects: 0.335000 ms CreateObjectMapping: 0.290600 ms MarkObjects: 11.080200 ms  DeleteObjects: 0.721900 ms)

Prepare: number of updated asset objects reloaded= 0
========================================================================
Received Prepare
Refreshing native plugins compatible for Editor in 6.37 ms, found 2 plugins.
Preloading 0 native plugins for Editor in 0.00 ms.
Unloading 0 Unused Serialized files (Serialized files now loaded: 0)
Unloading 2646 unused Assets / (0.9 MB). Loaded Objects now: 3279.
Memory consumption went from 114.5 MB to 113.5 MB.
Total: 15.845400 ms (FindLiveObjects: 0.524700 ms CreateObjectMapping: 0.947700 ms MarkObjects: 13.287700 ms  DeleteObjects: 1.084400 ms)

Prepare: number of updated asset objects reloaded= 0
========================================================================
Received Prepare
Refreshing native plugins compatible for Editor in 6.18 ms, found 2 plugins.
Preloading 0 native plugins for Editor in 0.00 ms.
Unloading 0 Unused Serialized files (Serialized files now loaded: 0)
Unloading 2646 unused Assets / (0.7 MB). Loaded Objects now: 3279.
Memory consumption went from 114.5 MB to 113.7 MB.
Total: 11.383500 ms (FindLiveObjects: 0.335700 ms CreateObjectMapping: 0.293800 ms MarkObjects: 9.718100 ms  DeleteObjects: 1.034800 ms)

Prepare: number of updated asset objects reloaded= 0
========================================================================
Received Prepare
Refreshing native plugins compatible for Editor in 5.39 ms, found 2 plugins.
Preloading 0 native plugins for Editor in 0.00 ms.
Unloading 0 Unused Serialized files (Serialized files now loaded: 0)
Unloading 2646 unused Assets / (0.7 MB). Loaded Objects now: 3279.
Memory consumption went from 114.5 MB to 113.8 MB.
Total: 10.140400 ms (FindLiveObjects: 0.384700 ms CreateObjectMapping: 0.293700 ms MarkObjects: 8.740200 ms  DeleteObjects: 0.720600 ms)

Prepare: number of updated asset objects reloaded= 0
========================================================================
Received Prepare
Refreshing native plugins compatible for Editor in 6.94 ms, found 2 plugins.
Preloading 0 native plugins for Editor in 0.00 ms.
Unloading 0 Unused Serialized files (Serialized files now loaded: 0)
Unloading 2646 unused Assets / (0.6 MB). Loaded Objects now: 3279.
Memory consumption went from 114.5 MB to 113.8 MB.
Total: 11.524000 ms (FindLiveObjects: 0.422500 ms CreateObjectMapping: 0.573500 ms MarkObjects: 9.827900 ms  DeleteObjects: 0.699000 ms)

Prepare: number of updated asset objects reloaded= 0
========================================================================
Received Prepare
Refreshing native plugins compatible for Editor in 6.27 ms, found 2 plugins.
Preloading 0 native plugins for Editor in 0.00 ms.
Unloading 0 Unused Serialized files (Serialized files now loaded: 0)
Unloading 2646 unused Assets / (0.6 MB). Loaded Objects now: 3279.
Memory consumption went from 114.5 MB to 113.9 MB.
Total: 12.356400 ms (FindLiveObjects: 0.373100 ms CreateObjectMapping: 0.753300 ms MarkObjects: 10.534200 ms  DeleteObjects: 0.694600 ms)

Prepare: number of updated asset objects reloaded= 0
========================================================================
Received Prepare
Refreshing native plugins compatible for Editor in 6.76 ms, found 2 plugins.
Preloading 0 native plugins for Editor in 0.00 ms.
Unloading 0 Unused Serialized files (Serialized files now loaded: 0)
Unloading 2646 unused Assets / (0.6 MB). Loaded Objects now: 3279.
Memory consumption went from 114.5 MB to 113.9 MB.
Total: 15.288400 ms (FindLiveObjects: 0.718000 ms CreateObjectMapping: 0.706300 ms MarkObjects: 12.890200 ms  DeleteObjects: 0.972400 ms)

Prepare: number of updated asset objects reloaded= 0
========================================================================
Received Prepare
Refreshing native plugins compatible for Editor in 6.41 ms, found 2 plugins.
Preloading 0 native plugins for Editor in 0.00 ms.
Unloading 0 Unused Serialized files (Serialized files now loaded: 0)
Unloading 2646 unused Assets / (0.8 MB). Loaded Objects now: 3279.
Memory consumption went from 114.5 MB to 113.7 MB.
Total: 25.578800 ms (FindLiveObjects: 0.449800 ms CreateObjectMapping: 0.648500 ms MarkObjects: 23.061800 ms  DeleteObjects: 1.417600 ms)

Prepare: number of updated asset objects reloaded= 0
========================================================================
Received Prepare
Refreshing native plugins compatible for Editor in 4.89 ms, found 2 plugins.
Preloading 0 native plugins for Editor in 0.00 ms.
Unloading 0 Unused Serialized files (Serialized files now loaded: 0)
Unloading 2646 unused Assets / (0.7 MB). Loaded Objects now: 3279.
Memory consumption went from 114.5 MB to 113.8 MB.
Total: 12.537600 ms (FindLiveObjects: 0.322300 ms CreateObjectMapping: 0.284500 ms MarkObjects: 11.245000 ms  DeleteObjects: 0.684700 ms)

Prepare: number of updated asset objects reloaded= 0
========================================================================
Received Prepare
Refreshing native plugins compatible for Editor in 5.41 ms, found 2 plugins.
Preloading 0 native plugins for Editor in 0.00 ms.
Unloading 0 Unused Serialized files (Serialized files now loaded: 0)
Unloading 2646 unused Assets / (0.6 MB). Loaded Objects now: 3279.
Memory consumption went from 114.5 MB to 113.8 MB.
Total: 9.829100 ms (FindLiveObjects: 0.327800 ms CreateObjectMapping: 0.301000 ms MarkObjects: 8.515400 ms  DeleteObjects: 0.684000 ms)

Prepare: number of updated asset objects reloaded= 0
========================================================================
Received Prepare
Refreshing native plugins compatible for Editor in 8.39 ms, found 2 plugins.
Preloading 0 native plugins for Editor in 0.00 ms.
Unloading 0 Unused Serialized files (Serialized files now loaded: 0)
Unloading 2646 unused Assets / (0.5 MB). Loaded Objects now: 3279.
Memory consumption went from 114.5 MB to 113.9 MB.
Total: 15.168300 ms (FindLiveObjects: 0.442700 ms CreateObjectMapping: 0.514900 ms MarkObjects: 13.198600 ms  DeleteObjects: 1.011100 ms)

Prepare: number of updated asset objects reloaded= 0
========================================================================
Received Prepare
Refreshing native plugins compatible for Editor in 21.06 ms, found 2 plugins.
Preloading 0 native plugins for Editor in 0.00 ms.
Unloading 0 Unused Serialized files (Serialized files now loaded: 0)
Unloading 2646 unused Assets / (0.8 MB). Loaded Objects now: 3279.
Memory consumption went from 114.5 MB to 113.7 MB.
Total: 21.096400 ms (FindLiveObjects: 1.489000 ms CreateObjectMapping: 2.843100 ms MarkObjects: 15.472200 ms  DeleteObjects: 1.290500 ms)

Prepare: number of updated asset objects reloaded= 0
========================================================================
Received Prepare
Refreshing native plugins compatible for Editor in 4.98 ms, found 2 plugins.
Preloading 0 native plugins for Editor in 0.00 ms.
Unloading 0 Unused Serialized files (Serialized files now loaded: 0)
Unloading 2646 unused Assets / (0.6 MB). Loaded Objects now: 3279.
Memory consumption went from 114.5 MB to 113.8 MB.
Total: 9.703000 ms (FindLiveObjects: 0.343900 ms CreateObjectMapping: 0.290400 ms MarkObjects: 8.394300 ms  DeleteObjects: 0.673600 ms)

Prepare: number of updated asset objects reloaded= 0
========================================================================
Received Prepare
Refreshing native plugins compatible for Editor in 8.49 ms, found 2 plugins.
Preloading 0 native plugins for Editor in 0.00 ms.
Unloading 0 Unused Serialized files (Serialized files now loaded: 0)
Unloading 2646 unused Assets / (0.6 MB). Loaded Objects now: 3279.
Memory consumption went from 114.5 MB to 113.8 MB.
Total: 12.682200 ms (FindLiveObjects: 0.377400 ms CreateObjectMapping: 0.409500 ms MarkObjects: 10.968200 ms  DeleteObjects: 0.925900 ms)

Prepare: number of updated asset objects reloaded= 0
========================================================================
Received Prepare
Refreshing native plugins compatible for Editor in 7.68 ms, found 2 plugins.
Preloading 0 native plugins for Editor in 0.00 ms.
Unloading 0 Unused Serialized files (Serialized files now loaded: 0)
Unloading 2646 unused Assets / (432.0 KB). Loaded Objects now: 3279.
Memory consumption went from 114.5 MB to 114.1 MB.
Total: 12.817100 ms (FindLiveObjects: 0.446000 ms CreateObjectMapping: 0.472300 ms MarkObjects: 10.160700 ms  DeleteObjects: 1.736900 ms)

Prepare: number of updated asset objects reloaded= 0
========================================================================
Received Prepare
Refreshing native plugins compatible for Editor in 5.32 ms, found 2 plugins.
Preloading 0 native plugins for Editor in 0.00 ms.
Unloading 0 Unused Serialized files (Serialized files now loaded: 0)
Unloading 2646 unused Assets / (0.6 MB). Loaded Objects now: 3279.
Memory consumption went from 114.5 MB to 113.9 MB.
Total: 9.530300 ms (FindLiveObjects: 0.418600 ms CreateObjectMapping: 0.447000 ms MarkObjects: 8.001100 ms  DeleteObjects: 0.663000 ms)

Prepare: number of updated asset objects reloaded= 0
========================================================================
Received Prepare
Refreshing native plugins compatible for Editor in 5.64 ms, found 2 plugins.
Preloading 0 native plugins for Editor in 0.00 ms.
Unloading 0 Unused Serialized files (Serialized files now loaded: 0)
Unloading 2646 unused Assets / (0.5 MB). Loaded Objects now: 3279.
Memory consumption went from 114.5 MB to 113.9 MB.
Total: 10.419300 ms (FindLiveObjects: 0.344100 ms CreateObjectMapping: 0.554200 ms MarkObjects: 8.803800 ms  DeleteObjects: 0.715800 ms)

Prepare: number of updated asset objects reloaded= 0
========================================================================
Received Prepare
Refreshing native plugins compatible for Editor in 4.98 ms, found 2 plugins.
Preloading 0 native plugins for Editor in 0.00 ms.
Unloading 0 Unused Serialized files (Serialized files now loaded: 0)
Unloading 2646 unused Assets / (0.8 MB). Loaded Objects now: 3279.
Memory consumption went from 114.5 MB to 113.6 MB.
Total: 13.021200 ms (FindLiveObjects: 0.324500 ms CreateObjectMapping: 0.296100 ms MarkObjects: 11.118300 ms  DeleteObjects: 1.281200 ms)

Prepare: number of updated asset objects reloaded= 0
========================================================================
Received Prepare
Refreshing native plugins compatible for Editor in 6.85 ms, found 2 plugins.
Preloading 0 native plugins for Editor in 0.00 ms.
Unloading 0 Unused Serialized files (Serialized files now loaded: 0)
Unloading 2646 unused Assets / (0.6 MB). Loaded Objects now: 3279.
Memory consumption went from 114.5 MB to 113.8 MB.
Total: 13.210900 ms (FindLiveObjects: 0.351800 ms CreateObjectMapping: 0.347600 ms MarkObjects: 11.621900 ms  DeleteObjects: 0.888500 ms)

Prepare: number of updated asset objects reloaded= 0
========================================================================
Received Prepare
Refreshing native plugins compatible for Editor in 5.86 ms, found 2 plugins.
Preloading 0 native plugins for Editor in 0.00 ms.
Unloading 0 Unused Serialized files (Serialized files now loaded: 0)
Unloading 2646 unused Assets / (0.7 MB). Loaded Objects now: 3279.
Memory consumption went from 114.5 MB to 113.8 MB.
Total: 10.846400 ms (FindLiveObjects: 0.361800 ms CreateObjectMapping: 0.329900 ms MarkObjects: 9.385500 ms  DeleteObjects: 0.767900 ms)

Prepare: number of updated asset objects reloaded= 0
========================================================================
Received Prepare
Refreshing native plugins compatible for Editor in 8.40 ms, found 2 plugins.
Preloading 0 native plugins for Editor in 0.00 ms.
Unloading 0 Unused Serialized files (Serialized files now loaded: 0)
Unloading 2646 unused Assets / (0.9 MB). Loaded Objects now: 3279.
Memory consumption went from 114.5 MB to 113.6 MB.
Total: 69.341600 ms (FindLiveObjects: 1.596200 ms CreateObjectMapping: 3.436200 ms MarkObjects: 62.738300 ms  DeleteObjects: 1.569500 ms)

Prepare: number of updated asset objects reloaded= 0
========================================================================
Received Prepare
Refreshing native plugins compatible for Editor in 7.27 ms, found 2 plugins.
Preloading 0 native plugins for Editor in 0.00 ms.
Unloading 0 Unused Serialized files (Serialized files now loaded: 0)
Unloading 2646 unused Assets / (0.6 MB). Loaded Objects now: 3279.
Memory consumption went from 114.5 MB to 113.9 MB.
Total: 13.543200 ms (FindLiveObjects: 0.383900 ms CreateObjectMapping: 0.401300 ms MarkObjects: 11.925700 ms  DeleteObjects: 0.831400 ms)

Prepare: number of updated asset objects reloaded= 0
========================================================================
Received Prepare
Refreshing native plugins compatible for Editor in 6.03 ms, found 2 plugins.
Preloading 0 native plugins for Editor in 0.00 ms.
Unloading 0 Unused Serialized files (Serialized files now loaded: 0)
Unloading 2646 unused Assets / (0.7 MB). Loaded Objects now: 3279.
Memory consumption went from 114.5 MB to 113.8 MB.
Total: 15.393400 ms (FindLiveObjects: 0.354900 ms CreateObjectMapping: 1.243400 ms MarkObjects: 12.791600 ms  DeleteObjects: 1.002500 ms)

Prepare: number of updated asset objects reloaded= 0
========================================================================
Received Prepare
Refreshing native plugins compatible for Editor in 6.44 ms, found 2 plugins.
Preloading 0 native plugins for Editor in 0.00 ms.
Unloading 0 Unused Serialized files (Serialized files now loaded: 0)
Unloading 2646 unused Assets / (0.6 MB). Loaded Objects now: 3279.
Memory consumption went from 114.5 MB to 113.9 MB.
Total: 11.363700 ms (FindLiveObjects: 0.398800 ms CreateObjectMapping: 0.424400 ms MarkObjects: 9.661800 ms  DeleteObjects: 0.877800 ms)

Prepare: number of updated asset objects reloaded= 0
========================================================================
Received Prepare
Refreshing native plugins compatible for Editor in 6.92 ms, found 2 plugins.
Preloading 0 native plugins for Editor in 0.00 ms.
Unloading 0 Unused Serialized files (Serialized files now loaded: 0)
Unloading 2646 unused Assets / (0.7 MB). Loaded Objects now: 3279.
Memory consumption went from 114.5 MB to 113.8 MB.
Total: 13.618600 ms (FindLiveObjects: 0.346000 ms CreateObjectMapping: 0.385400 ms MarkObjects: 11.871700 ms  DeleteObjects: 1.014400 ms)

Prepare: number of updated asset objects reloaded= 0
========================================================================
Received Prepare
Refreshing native plugins compatible for Editor in 7.21 ms, found 2 plugins.
Preloading 0 native plugins for Editor in 0.00 ms.
Unloading 0 Unused Serialized files (Serialized files now loaded: 0)
Unloading 2646 unused Assets / (0.6 MB). Loaded Objects now: 3279.
Memory consumption went from 114.5 MB to 113.8 MB.
Total: 12.682100 ms (FindLiveObjects: 0.448000 ms CreateObjectMapping: 0.600200 ms MarkObjects: 10.427200 ms  DeleteObjects: 1.205600 ms)

Prepare: number of updated asset objects reloaded= 0
========================================================================
Received Prepare
Refreshing native plugins compatible for Editor in 9.63 ms, found 2 plugins.
Preloading 0 native plugins for Editor in 0.00 ms.
Unloading 0 Unused Serialized files (Serialized files now loaded: 0)
Unloading 2646 unused Assets / (0.7 MB). Loaded Objects now: 3279.
Memory consumption went from 114.5 MB to 113.8 MB.
Total: 15.757700 ms (FindLiveObjects: 0.444400 ms CreateObjectMapping: 0.566100 ms MarkObjects: 13.512900 ms  DeleteObjects: 1.233100 ms)

Prepare: number of updated asset objects reloaded= 0
========================================================================
Received Prepare
Begin MonoManager ReloadAssembly
Duplicate assembly 'log4net.dll' with different versions detected, using 'Assets/References/log4net.dll, AssemblyName=log4net, Version=2.0.8.0, Culture=neutral, PublicKeyToken=null' and ignoring 'Packages/com.unity.collab-proxy/Lib/Editor/PlasticSCM/log4netPlastic.dll, AssemblyName=log4net, Version=1.2.15.0, Culture=neutral, PublicKeyToken=669e0ddf0bb1aa2a'.Duplicate assembly 'Newtonsoft.Json.dll' with different versions detected, using 'Packages/com.unity.nuget.newtonsoft-json/Runtime/Newtonsoft.Json.dll, AssemblyName=Newtonsoft.Json, Version=13.0.0.0, Culture=neutral, PublicKeyToken=30ad4fe6b2a6aeed' and ignoring 'Assets/JsonDotNet/Assemblies/Standalone/Newtonsoft.Json.dll, AssemblyName=Newtonsoft.Json, Version=8.0.0.0, Culture=neutral, PublicKeyToken=null'.Symbol file LoadedFromMemory is not a mono symbol file
Symbol file LoadedFromMemory is not a mono symbol file
Symbol file LoadedFromMemory is not a mono symbol file
- Loaded All Assemblies, in  2.035 seconds
Refreshing native plugins compatible for Editor in 5.63 ms, found 2 plugins.
Native extension for iOS target not found
Native extension for Android target not found
Native extension for WindowsStandalone target not found
Mono: successfully reloaded assembly
- Finished resetting the current domain, in  1.340 seconds
Domain Reload Profiling: 3372ms
	BeginReloadAssembly (284ms)
		ExecutionOrderSort (0ms)
		DisableScriptedObjects (9ms)
		BackupInstance (0ms)
		ReleaseScriptingObjects (0ms)
		CreateAndSetChildDomain (54ms)
	RebuildCommonClasses (57ms)
	RebuildNativeTypeToScriptingClass (20ms)
	initialDomainReloadingComplete (35ms)
	LoadAllAssembliesAndSetupDomain (1635ms)
		LoadAssemblies (1686ms)
		RebuildTransferFunctionScriptingTraits (0ms)
		AnalyzeDomain (121ms)
			TypeCache.Refresh (12ms)
				TypeCache.ScanAssembly (2ms)
			BuildScriptInfoCaches (103ms)
			ResolveRequiredComponents (4ms)
	FinalizeReload (1341ms)
		ReleaseScriptCaches (0ms)
		RebuildScriptCaches (0ms)
		SetupLoadedEditorAssemblies (1070ms)
			LogAssemblyErrors (0ms)
			InitializePlatformSupportModulesInManaged (26ms)
			SetLoadedEditorAssemblies (6ms)
			BeforeProcessingInitializeOnLoad (56ms)
			ProcessInitializeOnLoadAttributes (750ms)
			ProcessInitializeOnLoadMethodAttributes (221ms)
			AfterProcessingInitializeOnLoad (9ms)
			EditorAssembliesLoaded (0ms)
		ExecutionOrderSort2 (0ms)
		AwakeInstancesAfterBackupRestoration (14ms)
Refreshing native plugins compatible for Editor in 5.46 ms, found 2 plugins.
Preloading 0 native plugins for Editor in 0.00 ms.
Unloading 0 Unused Serialized files (Serialized files now loaded: 0)
Unloading 2679 unused Assets / (0.7 MB). Loaded Objects now: 3279.
Memory consumption went from 116.4 MB to 115.8 MB.
Total: 11.388200 ms (FindLiveObjects: 0.410400 ms CreateObjectMapping: 0.347100 ms MarkObjects: 9.933200 ms  DeleteObjects: 0.696200 ms)

Prepare: number of updated asset objects reloaded= 0
========================================================================
Received Prepare
Refreshing native plugins compatible for Editor in 8.21 ms, found 2 plugins.
Preloading 0 native plugins for Editor in 0.00 ms.
Unloading 0 Unused Serialized files (Serialized files now loaded: 0)
Unloading 2647 unused Assets / (0.7 MB). Loaded Objects now: 3280.
Memory consumption went from 116.4 MB to 115.7 MB.
Total: 12.108500 ms (FindLiveObjects: 0.402700 ms CreateObjectMapping: 0.501900 ms MarkObjects: 10.237500 ms  DeleteObjects: 0.965000 ms)

Prepare: number of updated asset objects reloaded= 0
========================================================================
Received Prepare
Begin MonoManager ReloadAssembly
Duplicate assembly 'log4net.dll' with different versions detected, using 'Assets/References/log4net.dll, AssemblyName=log4net, Version=2.0.8.0, Culture=neutral, PublicKeyToken=null' and ignoring 'Packages/com.unity.collab-proxy/Lib/Editor/PlasticSCM/log4netPlastic.dll, AssemblyName=log4net, Version=1.2.15.0, Culture=neutral, PublicKeyToken=669e0ddf0bb1aa2a'.Duplicate assembly 'Newtonsoft.Json.dll' with different versions detected, using 'Packages/com.unity.nuget.newtonsoft-json/Runtime/Newtonsoft.Json.dll, AssemblyName=Newtonsoft.Json, Version=13.0.0.0, Culture=neutral, PublicKeyToken=30ad4fe6b2a6aeed' and ignoring 'Assets/JsonDotNet/Assemblies/Standalone/Newtonsoft.Json.dll, AssemblyName=Newtonsoft.Json, Version=8.0.0.0, Culture=neutral, PublicKeyToken=null'.Symbol file LoadedFromMemory is not a mono symbol file
Symbol file LoadedFromMemory is not a mono symbol file
Symbol file LoadedFromMemory is not a mono symbol file
- Loaded All Assemblies, in  0.822 seconds
Refreshing native plugins compatible for Editor in 6.45 ms, found 2 plugins.
Native extension for iOS target not found
Native extension for Android target not found
Native extension for WindowsStandalone target not found
Mono: successfully reloaded assembly
- Finished resetting the current domain, in  1.227 seconds
Domain Reload Profiling: 2046ms
	BeginReloadAssembly (295ms)
		ExecutionOrderSort (0ms)
		DisableScriptedObjects (8ms)
		BackupInstance (0ms)
		ReleaseScriptingObjects (0ms)
		CreateAndSetChildDomain (44ms)
	RebuildCommonClasses (55ms)
	RebuildNativeTypeToScriptingClass (20ms)
	initialDomainReloadingComplete (41ms)
	LoadAllAssembliesAndSetupDomain (408ms)
		LoadAssemblies (483ms)
		RebuildTransferFunctionScriptingTraits (0ms)
		AnalyzeDomain (126ms)
			TypeCache.Refresh (10ms)
				TypeCache.ScanAssembly (1ms)
			BuildScriptInfoCaches (107ms)
			ResolveRequiredComponents (6ms)
	FinalizeReload (1227ms)
		ReleaseScriptCaches (0ms)
		RebuildScriptCaches (0ms)
		SetupLoadedEditorAssemblies (981ms)
			LogAssemblyErrors (0ms)
			InitializePlatformSupportModulesInManaged (26ms)
			SetLoadedEditorAssemblies (5ms)
			BeforeProcessingInitializeOnLoad (55ms)
			ProcessInitializeOnLoadAttributes (625ms)
			ProcessInitializeOnLoadMethodAttributes (261ms)
			AfterProcessingInitializeOnLoad (9ms)
			EditorAssembliesLoaded (0ms)
		ExecutionOrderSort2 (0ms)
		AwakeInstancesAfterBackupRestoration (17ms)
Refreshing native plugins compatible for Editor in 6.69 ms, found 2 plugins.
Preloading 0 native plugins for Editor in 0.00 ms.
Unloading 0 Unused Serialized files (Serialized files now loaded: 0)
Unloading 2680 unused Assets / (0.6 MB). Loaded Objects now: 3280.
Memory consumption went from 118.4 MB to 117.8 MB.
Total: 12.278200 ms (FindLiveObjects: 0.369400 ms CreateObjectMapping: 0.361800 ms MarkObjects: 10.870700 ms  DeleteObjects: 0.675100 ms)

Prepare: number of updated asset objects reloaded= 0
========================================================================
Received Import Request.
  Time since last request: 9504.191905 seconds.
  path: Assets/Scripts/UI/InputBox.cs
  artifactKey: Guid(58bf3d6de0fbbeb4b8550ac9492d4f82) Importer(815301076,1909f56bfc062723c751e8b465ee728b)
Start importing Assets/Scripts/UI/InputBox.cs using Guid(58bf3d6de0fbbeb4b8550ac9492d4f82) Importer(815301076,1909f56bfc062723c751e8b465ee728b) (PreviewImporter) -> (artifact id: '3416069b299da4e61185736a9d68cd58') in 0.3877792 seconds
Number of updated asset objects reloaded before import = 0Number of asset objects unloaded after import = 0

========================================================================
Received Prepare
Refreshing native plugins compatible for Editor in 7.08 ms, found 2 plugins.
Preloading 0 native plugins for Editor in 0.00 ms.
Unloading 0 Unused Serialized files (Serialized files now loaded: 0)
Unloading 2647 unused Assets / (0.6 MB). Loaded Objects now: 3282.
Memory consumption went from 118.9 MB to 118.3 MB.
Total: 11.551400 ms (FindLiveObjects: 0.415800 ms CreateObjectMapping: 0.443300 ms MarkObjects: 9.658400 ms  DeleteObjects: 1.033000 ms)

Prepare: number of updated asset objects reloaded= 0
========================================================================
Received Prepare
Begin MonoManager ReloadAssembly
Duplicate assembly 'log4net.dll' with different versions detected, using 'Assets/References/log4net.dll, AssemblyName=log4net, Version=2.0.8.0, Culture=neutral, PublicKeyToken=null' and ignoring 'Packages/com.unity.collab-proxy/Lib/Editor/PlasticSCM/log4netPlastic.dll, AssemblyName=log4net, Version=1.2.15.0, Culture=neutral, PublicKeyToken=669e0ddf0bb1aa2a'.Duplicate assembly 'Newtonsoft.Json.dll' with different versions detected, using 'Packages/com.unity.nuget.newtonsoft-json/Runtime/Newtonsoft.Json.dll, AssemblyName=Newtonsoft.Json, Version=13.0.0.0, Culture=neutral, PublicKeyToken=30ad4fe6b2a6aeed' and ignoring 'Assets/JsonDotNet/Assemblies/Standalone/Newtonsoft.Json.dll, AssemblyName=Newtonsoft.Json, Version=8.0.0.0, Culture=neutral, PublicKeyToken=null'.Symbol file LoadedFromMemory is not a mono symbol file
Symbol file LoadedFromMemory is not a mono symbol file
Symbol file LoadedFromMemory is not a mono symbol file
- Loaded All Assemblies, in  0.954 seconds
Refreshing native plugins compatible for Editor in 5.28 ms, found 2 plugins.
Native extension for iOS target not found
Native extension for Android target not found
Native extension for WindowsStandalone target not found
Mono: successfully reloaded assembly
- Finished resetting the current domain, in  1.025 seconds
Domain Reload Profiling: 1976ms
	BeginReloadAssembly (242ms)
		ExecutionOrderSort (0ms)
		DisableScriptedObjects (9ms)
		BackupInstance (0ms)
		ReleaseScriptingObjects (0ms)
		CreateAndSetChildDomain (61ms)
	RebuildCommonClasses (48ms)
	RebuildNativeTypeToScriptingClass (17ms)
	initialDomainReloadingComplete (38ms)
	LoadAllAssembliesAndSetupDomain (606ms)
		LoadAssemblies (589ms)
		RebuildTransferFunctionScriptingTraits (0ms)
		AnalyzeDomain (142ms)
			TypeCache.Refresh (16ms)
				TypeCache.ScanAssembly (2ms)
			BuildScriptInfoCaches (120ms)
			ResolveRequiredComponents (4ms)
	FinalizeReload (1025ms)
		ReleaseScriptCaches (0ms)
		RebuildScriptCaches (0ms)
		SetupLoadedEditorAssemblies (807ms)
			LogAssemblyErrors (0ms)
			InitializePlatformSupportModulesInManaged (23ms)
			SetLoadedEditorAssemblies (5ms)
			BeforeProcessingInitializeOnLoad (54ms)
			ProcessInitializeOnLoadAttributes (504ms)
			ProcessInitializeOnLoadMethodAttributes (215ms)
			AfterProcessingInitializeOnLoad (6ms)
			EditorAssembliesLoaded (0ms)
		ExecutionOrderSort2 (0ms)
		AwakeInstancesAfterBackupRestoration (13ms)
Refreshing native plugins compatible for Editor in 8.75 ms, found 2 plugins.
Preloading 0 native plugins for Editor in 0.00 ms.
Unloading 0 Unused Serialized files (Serialized files now loaded: 0)
Unloading 2680 unused Assets / (0.7 MB). Loaded Objects now: 3282.
Memory consumption went from 120.8 MB to 120.1 MB.
Total: 18.804300 ms (FindLiveObjects: 0.493700 ms CreateObjectMapping: 0.641500 ms MarkObjects: 15.974700 ms  DeleteObjects: 1.692500 ms)

Prepare: number of updated asset objects reloaded= 0
========================================================================
Received Prepare
Refreshing native plugins compatible for Editor in 7.79 ms, found 2 plugins.
Preloading 0 native plugins for Editor in 0.00 ms.
Unloading 0 Unused Serialized files (Serialized files now loaded: 0)
Unloading 2647 unused Assets / (0.8 MB). Loaded Objects now: 3282.
Memory consumption went from 120.8 MB to 120.0 MB.
Total: 16.206800 ms (FindLiveObjects: 0.428100 ms CreateObjectMapping: 0.490000 ms MarkObjects: 14.016300 ms  DeleteObjects: 1.271100 ms)

Prepare: number of updated asset objects reloaded= 0
========================================================================
Received Import Request.
  Time since last request: 18.264479 seconds.
  path: Assets/Scripts/UI/InputBox.cs
  artifactKey: Guid(58bf3d6de0fbbeb4b8550ac9492d4f82) Importer(815301076,1909f56bfc062723c751e8b465ee728b)
Start importing Assets/Scripts/UI/InputBox.cs using Guid(58bf3d6de0fbbeb4b8550ac9492d4f82) Importer(815301076,1909f56bfc062723c751e8b465ee728b) (PreviewImporter) -> (artifact id: '3a62ffdcdc2524c38589a2eea04a15ac') in 0.0161764 seconds
Number of updated asset objects reloaded before import = 0Number of asset objects unloaded after import = 0

========================================================================
Received Prepare
Begin MonoManager ReloadAssembly
Duplicate assembly 'log4net.dll' with different versions detected, using 'Assets/References/log4net.dll, AssemblyName=log4net, Version=2.0.8.0, Culture=neutral, PublicKeyToken=null' and ignoring 'Packages/com.unity.collab-proxy/Lib/Editor/PlasticSCM/log4netPlastic.dll, AssemblyName=log4net, Version=1.2.15.0, Culture=neutral, PublicKeyToken=669e0ddf0bb1aa2a'.Duplicate assembly 'Newtonsoft.Json.dll' with different versions detected, using 'Packages/com.unity.nuget.newtonsoft-json/Runtime/Newtonsoft.Json.dll, AssemblyName=Newtonsoft.Json, Version=13.0.0.0, Culture=neutral, PublicKeyToken=30ad4fe6b2a6aeed' and ignoring 'Assets/JsonDotNet/Assemblies/Standalone/Newtonsoft.Json.dll, AssemblyName=Newtonsoft.Json, Version=8.0.0.0, Culture=neutral, PublicKeyToken=null'.Symbol file LoadedFromMemory is not a mono symbol file
Symbol file LoadedFromMemory is not a mono symbol file
Symbol file LoadedFromMemory is not a mono symbol file
- Loaded All Assemblies, in  0.943 seconds
Refreshing native plugins compatible for Editor in 7.25 ms, found 2 plugins.
Native extension for iOS target not found
Native extension for Android target not found
Native extension for WindowsStandalone target not found
Mono: successfully reloaded assembly
- Finished resetting the current domain, in  1.225 seconds
Domain Reload Profiling: 2162ms
	BeginReloadAssembly (256ms)
		ExecutionOrderSort (0ms)
		DisableScriptedObjects (9ms)
		BackupInstance (0ms)
		ReleaseScriptingObjects (0ms)
		CreateAndSetChildDomain (78ms)
	RebuildCommonClasses (55ms)
	RebuildNativeTypeToScriptingClass (20ms)
	initialDomainReloadingComplete (38ms)
	LoadAllAssembliesAndSetupDomain (567ms)
		LoadAssemblies (512ms)
		RebuildTransferFunctionScriptingTraits (0ms)
		AnalyzeDomain (176ms)
			TypeCache.Refresh (10ms)
				TypeCache.ScanAssembly (1ms)
			BuildScriptInfoCaches (155ms)
			ResolveRequiredComponents (6ms)
	FinalizeReload (1226ms)
		ReleaseScriptCaches (0ms)
		RebuildScriptCaches (0ms)
		SetupLoadedEditorAssemblies (987ms)
			LogAssemblyErrors (0ms)
			InitializePlatformSupportModulesInManaged (25ms)
			SetLoadedEditorAssemblies (4ms)
			BeforeProcessingInitializeOnLoad (61ms)
			ProcessInitializeOnLoadAttributes (637ms)
			ProcessInitializeOnLoadMethodAttributes (250ms)
			AfterProcessingInitializeOnLoad (9ms)
			EditorAssembliesLoaded (0ms)
		ExecutionOrderSort2 (0ms)
		AwakeInstancesAfterBackupRestoration (13ms)
Refreshing native plugins compatible for Editor in 4.92 ms, found 2 plugins.
Preloading 0 native plugins for Editor in 0.00 ms.
Unloading 0 Unused Serialized files (Serialized files now loaded: 0)
Unloading 2680 unused Assets / (0.6 MB). Loaded Objects now: 3282.
Memory consumption went from 122.8 MB to 122.2 MB.
Total: 10.940300 ms (FindLiveObjects: 0.340600 ms CreateObjectMapping: 0.336200 ms MarkObjects: 9.293600 ms  DeleteObjects: 0.968800 ms)

Prepare: number of updated asset objects reloaded= 0
========================================================================
Received Prepare
Refreshing native plugins compatible for Editor in 9.42 ms, found 2 plugins.
Preloading 0 native plugins for Editor in 0.00 ms.
Unloading 0 Unused Serialized files (Serialized files now loaded: 0)
Unloading 2647 unused Assets / (0.7 MB). Loaded Objects now: 3282.
Memory consumption went from 122.7 MB to 122.1 MB.
Total: 18.554900 ms (FindLiveObjects: 0.517500 ms CreateObjectMapping: 0.693900 ms MarkObjects: 15.979100 ms  DeleteObjects: 1.362800 ms)

Prepare: number of updated asset objects reloaded= 0
========================================================================
Received Prepare
Refreshing native plugins compatible for Editor in 8.43 ms, found 2 plugins.
Preloading 0 native plugins for Editor in 0.00 ms.
Unloading 0 Unused Serialized files (Serialized files now loaded: 0)
Unloading 2647 unused Assets / (415.1 KB). Loaded Objects now: 3282.
Memory consumption went from 122.7 MB to 122.3 MB.
Total: 21.609300 ms (FindLiveObjects: 0.418900 ms CreateObjectMapping: 0.609500 ms MarkObjects: 19.439000 ms  DeleteObjects: 1.140600 ms)

Prepare: number of updated asset objects reloaded= 0
========================================================================
Received Prepare
Begin MonoManager ReloadAssembly
Duplicate assembly 'log4net.dll' with different versions detected, using 'Assets/References/log4net.dll, AssemblyName=log4net, Version=2.0.8.0, Culture=neutral, PublicKeyToken=null' and ignoring 'Packages/com.unity.collab-proxy/Lib/Editor/PlasticSCM/log4netPlastic.dll, AssemblyName=log4net, Version=1.2.15.0, Culture=neutral, PublicKeyToken=669e0ddf0bb1aa2a'.Duplicate assembly 'Newtonsoft.Json.dll' with different versions detected, using 'Packages/com.unity.nuget.newtonsoft-json/Runtime/Newtonsoft.Json.dll, AssemblyName=Newtonsoft.Json, Version=13.0.0.0, Culture=neutral, PublicKeyToken=30ad4fe6b2a6aeed' and ignoring 'Assets/JsonDotNet/Assemblies/Standalone/Newtonsoft.Json.dll, AssemblyName=Newtonsoft.Json, Version=8.0.0.0, Culture=neutral, PublicKeyToken=null'.Symbol file LoadedFromMemory is not a mono symbol file
Symbol file LoadedFromMemory is not a mono symbol file
Symbol file LoadedFromMemory is not a mono symbol file
- Loaded All Assemblies, in  0.843 seconds
Refreshing native plugins compatible for Editor in 5.49 ms, found 2 plugins.
Native extension for iOS target not found
Native extension for Android target not found
Native extension for WindowsStandalone target not found
Mono: successfully reloaded assembly
- Finished resetting the current domain, in  1.198 seconds
Domain Reload Profiling: 2022ms
	BeginReloadAssembly (262ms)
		ExecutionOrderSort (0ms)
		DisableScriptedObjects (16ms)
		BackupInstance (0ms)
		ReleaseScriptingObjects (0ms)
		CreateAndSetChildDomain (54ms)
	RebuildCommonClasses (52ms)
	RebuildNativeTypeToScriptingClass (18ms)
	initialDomainReloadingComplete (61ms)
	LoadAllAssembliesAndSetupDomain (430ms)
		LoadAssemblies (452ms)
		RebuildTransferFunctionScriptingTraits (0ms)
		AnalyzeDomain (118ms)
			TypeCache.Refresh (8ms)
				TypeCache.ScanAssembly (1ms)
			BuildScriptInfoCaches (102ms)
			ResolveRequiredComponents (5ms)
	FinalizeReload (1198ms)
		ReleaseScriptCaches (0ms)
		RebuildScriptCaches (0ms)
		SetupLoadedEditorAssemblies (941ms)
			LogAssemblyErrors (0ms)
			InitializePlatformSupportModulesInManaged (31ms)
			SetLoadedEditorAssemblies (5ms)
			BeforeProcessingInitializeOnLoad (63ms)
			ProcessInitializeOnLoadAttributes (601ms)
			ProcessInitializeOnLoadMethodAttributes (231ms)
			AfterProcessingInitializeOnLoad (9ms)
			EditorAssembliesLoaded (0ms)
		ExecutionOrderSort2 (0ms)
		AwakeInstancesAfterBackupRestoration (16ms)
Refreshing native plugins compatible for Editor in 14.40 ms, found 2 plugins.
Preloading 0 native plugins for Editor in 0.00 ms.
Unloading 0 Unused Serialized files (Serialized files now loaded: 0)
Unloading 2680 unused Assets / (415.8 KB). Loaded Objects now: 3282.
Memory consumption went from 124.7 MB to 124.3 MB.
Total: 23.956800 ms (FindLiveObjects: 1.309200 ms CreateObjectMapping: 1.625000 ms MarkObjects: 18.893700 ms  DeleteObjects: 2.127400 ms)

Prepare: number of updated asset objects reloaded= 0
========================================================================
Received Prepare
Refreshing native plugins compatible for Editor in 6.10 ms, found 2 plugins.
Preloading 0 native plugins for Editor in 0.00 ms.
Unloading 0 Unused Serialized files (Serialized files now loaded: 0)
Unloading 2647 unused Assets / (0.7 MB). Loaded Objects now: 3282.
Memory consumption went from 124.7 MB to 124.0 MB.
Total: 11.865000 ms (FindLiveObjects: 0.517600 ms CreateObjectMapping: 0.562700 ms MarkObjects: 10.029200 ms  DeleteObjects: 0.754500 ms)

Prepare: number of updated asset objects reloaded= 0
========================================================================
Received Import Request.
  Time since last request: 50.030059 seconds.
  path: Assets/Scripts/UI/InputBox.cs
  artifactKey: Guid(58bf3d6de0fbbeb4b8550ac9492d4f82) Importer(815301076,1909f56bfc062723c751e8b465ee728b)
Start importing Assets/Scripts/UI/InputBox.cs using Guid(58bf3d6de0fbbeb4b8550ac9492d4f82) Importer(815301076,1909f56bfc062723c751e8b465ee728b) (PreviewImporter) -> (artifact id: 'c2497fcbd8d4ea8c045c51084828736c') in 0.022757 seconds
Number of updated asset objects reloaded before import = 0Number of asset objects unloaded after import = 0

========================================================================
Received Prepare
Refreshing native plugins compatible for Editor in 8.07 ms, found 2 plugins.
Preloading 0 native plugins for Editor in 0.00 ms.
Unloading 0 Unused Serialized files (Serialized files now loaded: 0)
Unloading 2647 unused Assets / (124.4 KB). Loaded Objects now: 3282.
Memory consumption went from 124.7 MB to 124.6 MB.
Total: 15.019100 ms (FindLiveObjects: 0.460100 ms CreateObjectMapping: 0.543700 ms MarkObjects: 11.593200 ms  DeleteObjects: 2.421000 ms)

Prepare: number of updated asset objects reloaded= 0
========================================================================
Received Import Request.
  Time since last request: 10.067146 seconds.
  path: Assets/Scripts/UI/InputBox.cs
  artifactKey: Guid(58bf3d6de0fbbeb4b8550ac9492d4f82) Importer(815301076,1909f56bfc062723c751e8b465ee728b)
Start importing Assets/Scripts/UI/InputBox.cs using Guid(58bf3d6de0fbbeb4b8550ac9492d4f82) Importer(815301076,1909f56bfc062723c751e8b465ee728b) (PreviewImporter) -> (artifact id: '4f008ef5de7adec6fc10b732ce5a40da') in 0.0042406 seconds
Number of updated asset objects reloaded before import = 0Number of asset objects unloaded after import = 0

========================================================================
Received Prepare
Refreshing native plugins compatible for Editor in 6.81 ms, found 2 plugins.
Preloading 0 native plugins for Editor in 0.00 ms.
Unloading 0 Unused Serialized files (Serialized files now loaded: 0)
Unloading 2647 unused Assets / (0.5 MB). Loaded Objects now: 3282.
Memory consumption went from 124.7 MB to 124.1 MB.
Total: 20.279100 ms (FindLiveObjects: 0.972100 ms CreateObjectMapping: 0.850000 ms MarkObjects: 16.869600 ms  DeleteObjects: 1.586300 ms)

Prepare: number of updated asset objects reloaded= 0
========================================================================
Received Import Request.
  Time since last request: 10.388385 seconds.
  path: Assets/Scripts/UI/InputBox.cs
  artifactKey: Guid(58bf3d6de0fbbeb4b8550ac9492d4f82) Importer(815301076,1909f56bfc062723c751e8b465ee728b)
Start importing Assets/Scripts/UI/InputBox.cs using Guid(58bf3d6de0fbbeb4b8550ac9492d4f82) Importer(815301076,1909f56bfc062723c751e8b465ee728b) (PreviewImporter) -> (artifact id: '31ce65a95d66111fb7ac37fcfc345fc7') in 0.0050162 seconds
Number of updated asset objects reloaded before import = 0Number of asset objects unloaded after import = 0

========================================================================
Received Prepare
Refreshing native plugins compatible for Editor in 9.22 ms, found 2 plugins.
Preloading 0 native plugins for Editor in 0.00 ms.
Unloading 0 Unused Serialized files (Serialized files now loaded: 0)
Unloading 2647 unused Assets / (0.6 MB). Loaded Objects now: 3282.
Memory consumption went from 124.7 MB to 124.1 MB.
Total: 14.370700 ms (FindLiveObjects: 0.391200 ms CreateObjectMapping: 0.430000 ms MarkObjects: 12.027500 ms  DeleteObjects: 1.520700 ms)

Prepare: number of updated asset objects reloaded= 0
========================================================================
Received Import Request.
  Time since last request: 19.530024 seconds.
  path: Assets/Scripts/UI/InputBox.cs
  artifactKey: Guid(58bf3d6de0fbbeb4b8550ac9492d4f82) Importer(815301076,1909f56bfc062723c751e8b465ee728b)
Start importing Assets/Scripts/UI/InputBox.cs using Guid(58bf3d6de0fbbeb4b8550ac9492d4f82) Importer(815301076,1909f56bfc062723c751e8b465ee728b) (PreviewImporter) -> (artifact id: '89bda1e1b7aabc4c6751d34f0280ead0') in 0.003955 seconds
Number of updated asset objects reloaded before import = 0Number of asset objects unloaded after import = 0

========================================================================
Received Prepare
Refreshing native plugins compatible for Editor in 7.09 ms, found 2 plugins.
Preloading 0 native plugins for Editor in 0.00 ms.
Unloading 0 Unused Serialized files (Serialized files now loaded: 0)
Unloading 2647 unused Assets / (0.6 MB). Loaded Objects now: 3282.
Memory consumption went from 124.7 MB to 124.1 MB.
Total: 45.323600 ms (FindLiveObjects: 6.862300 ms CreateObjectMapping: 2.068600 ms MarkObjects: 35.467100 ms  DeleteObjects: 0.924100 ms)

Prepare: number of updated asset objects reloaded= 0
========================================================================
Received Prepare
Refreshing native plugins compatible for Editor in 7.11 ms, found 2 plugins.
Preloading 0 native plugins for Editor in 0.00 ms.
Unloading 0 Unused Serialized files (Serialized files now loaded: 0)
Unloading 2647 unused Assets / (0.7 MB). Loaded Objects now: 3282.
Memory consumption went from 124.7 MB to 124.0 MB.
Total: 19.100300 ms (FindLiveObjects: 0.447500 ms CreateObjectMapping: 0.540000 ms MarkObjects: 16.644800 ms  DeleteObjects: 1.467000 ms)

Prepare: number of updated asset objects reloaded= 0
========================================================================
Received Import Request.
  Time since last request: 47.914571 seconds.
  path: Assets/Scripts/UI/InputBox.cs
  artifactKey: Guid(58bf3d6de0fbbeb4b8550ac9492d4f82) Importer(815301076,1909f56bfc062723c751e8b465ee728b)
Start importing Assets/Scripts/UI/InputBox.cs using Guid(58bf3d6de0fbbeb4b8550ac9492d4f82) Importer(815301076,1909f56bfc062723c751e8b465ee728b) (PreviewImporter) -> (artifact id: '342c7e245f0b42cf4208254c19170580') in 0.0074467 seconds
Number of updated asset objects reloaded before import = 0Number of asset objects unloaded after import = 0

========================================================================
Received Prepare
Refreshing native plugins compatible for Editor in 8.41 ms, found 2 plugins.
Preloading 0 native plugins for Editor in 0.00 ms.
Unloading 0 Unused Serialized files (Serialized files now loaded: 0)
Unloading 2647 unused Assets / (0.6 MB). Loaded Objects now: 3282.
Memory consumption went from 124.7 MB to 124.1 MB.
Total: 11.558100 ms (FindLiveObjects: 0.451600 ms CreateObjectMapping: 0.543000 ms MarkObjects: 9.907600 ms  DeleteObjects: 0.654900 ms)

Prepare: number of updated asset objects reloaded= 0
========================================================================
Received Prepare
Refreshing native plugins compatible for Editor in 5.05 ms, found 2 plugins.
Preloading 0 native plugins for Editor in 0.00 ms.
Unloading 0 Unused Serialized files (Serialized files now loaded: 0)
Unloading 2647 unused Assets / (0.6 MB). Loaded Objects now: 3282.
Memory consumption went from 124.7 MB to 124.0 MB.
Total: 9.676000 ms (FindLiveObjects: 0.330000 ms CreateObjectMapping: 0.298800 ms MarkObjects: 8.384200 ms  DeleteObjects: 0.662000 ms)

Prepare: number of updated asset objects reloaded= 0
========================================================================
Received Prepare
Refreshing native plugins compatible for Editor in 7.04 ms, found 2 plugins.
Preloading 0 native plugins for Editor in 0.00 ms.
Unloading 0 Unused Serialized files (Serialized files now loaded: 0)
Unloading 2647 unused Assets / (315.8 KB). Loaded Objects now: 3282.
Memory consumption went from 124.7 MB to 124.4 MB.
Total: 15.785700 ms (FindLiveObjects: 0.388700 ms CreateObjectMapping: 0.338800 ms MarkObjects: 13.584400 ms  DeleteObjects: 1.472500 ms)

Prepare: number of updated asset objects reloaded= 0
========================================================================
Received Prepare
Refreshing native plugins compatible for Editor in 9.20 ms, found 2 plugins.
Preloading 0 native plugins for Editor in 0.00 ms.
Unloading 0 Unused Serialized files (Serialized files now loaded: 0)
Unloading 2647 unused Assets / (0.5 MB). Loaded Objects now: 3282.
Memory consumption went from 124.7 MB to 124.2 MB.
Total: 46.546300 ms (FindLiveObjects: 0.420900 ms CreateObjectMapping: 1.610400 ms MarkObjects: 43.632400 ms  DeleteObjects: 0.881200 ms)

Prepare: number of updated asset objects reloaded= 0
========================================================================
Received Prepare
Refreshing native plugins compatible for Editor in 6.39 ms, found 2 plugins.
Preloading 0 native plugins for Editor in 0.00 ms.
Unloading 0 Unused Serialized files (Serialized files now loaded: 0)
Unloading 2647 unused Assets / (0.7 MB). Loaded Objects now: 3282.
Memory consumption went from 124.7 MB to 124.0 MB.
Total: 12.554900 ms (FindLiveObjects: 0.457400 ms CreateObjectMapping: 0.477800 ms MarkObjects: 10.484600 ms  DeleteObjects: 1.133400 ms)

Prepare: number of updated asset objects reloaded= 0
========================================================================
Received Prepare
Refreshing native plugins compatible for Editor in 5.55 ms, found 2 plugins.
Preloading 0 native plugins for Editor in 0.00 ms.
Unloading 0 Unused Serialized files (Serialized files now loaded: 0)
Unloading 2647 unused Assets / (0.6 MB). Loaded Objects now: 3282.
Memory consumption went from 124.7 MB to 124.0 MB.
Total: 13.135700 ms (FindLiveObjects: 0.497600 ms CreateObjectMapping: 0.531800 ms MarkObjects: 11.105200 ms  DeleteObjects: 1.000100 ms)

Prepare: number of updated asset objects reloaded= 0
========================================================================
Received Prepare
Begin MonoManager ReloadAssembly
Duplicate assembly 'log4net.dll' with different versions detected, using 'Assets/References/log4net.dll, AssemblyName=log4net, Version=2.0.8.0, Culture=neutral, PublicKeyToken=null' and ignoring 'Packages/com.unity.collab-proxy/Lib/Editor/PlasticSCM/log4netPlastic.dll, AssemblyName=log4net, Version=1.2.15.0, Culture=neutral, PublicKeyToken=669e0ddf0bb1aa2a'.Duplicate assembly 'Newtonsoft.Json.dll' with different versions detected, using 'Packages/com.unity.nuget.newtonsoft-json/Runtime/Newtonsoft.Json.dll, AssemblyName=Newtonsoft.Json, Version=13.0.0.0, Culture=neutral, PublicKeyToken=30ad4fe6b2a6aeed' and ignoring 'Assets/JsonDotNet/Assemblies/Standalone/Newtonsoft.Json.dll, AssemblyName=Newtonsoft.Json, Version=8.0.0.0, Culture=neutral, PublicKeyToken=null'.Symbol file LoadedFromMemory is not a mono symbol file
Symbol file LoadedFromMemory is not a mono symbol file
Symbol file LoadedFromMemory is not a mono symbol file
- Loaded All Assemblies, in  0.903 seconds
Refreshing native plugins compatible for Editor in 5.21 ms, found 2 plugins.
Native extension for iOS target not found
Native extension for Android target not found
Native extension for WindowsStandalone target not found
Mono: successfully reloaded assembly
- Finished resetting the current domain, in  1.147 seconds
Domain Reload Profiling: 2045ms
	BeginReloadAssembly (309ms)
		ExecutionOrderSort (0ms)
		DisableScriptedObjects (8ms)
		BackupInstance (0ms)
		ReleaseScriptingObjects (0ms)
		CreateAndSetChildDomain (88ms)
	RebuildCommonClasses (59ms)
	RebuildNativeTypeToScriptingClass (17ms)
	initialDomainReloadingComplete (36ms)
	LoadAllAssembliesAndSetupDomain (476ms)
		LoadAssemblies (485ms)
		RebuildTransferFunctionScriptingTraits (0ms)
		AnalyzeDomain (147ms)
			TypeCache.Refresh (12ms)
				TypeCache.ScanAssembly (1ms)
			BuildScriptInfoCaches (129ms)
			ResolveRequiredComponents (4ms)
	FinalizeReload (1148ms)
		ReleaseScriptCaches (0ms)
		RebuildScriptCaches (0ms)
		SetupLoadedEditorAssemblies (883ms)
			LogAssemblyErrors (0ms)
			InitializePlatformSupportModulesInManaged (39ms)
			SetLoadedEditorAssemblies (7ms)
			BeforeProcessingInitializeOnLoad (75ms)
			ProcessInitializeOnLoadAttributes (529ms)
			ProcessInitializeOnLoadMethodAttributes (227ms)
			AfterProcessingInitializeOnLoad (7ms)
			EditorAssembliesLoaded (0ms)
		ExecutionOrderSort2 (0ms)
		AwakeInstancesAfterBackupRestoration (23ms)
Refreshing native plugins compatible for Editor in 6.71 ms, found 2 plugins.
Preloading 0 native plugins for Editor in 0.00 ms.
Unloading 0 Unused Serialized files (Serialized files now loaded: 0)
Unloading 2680 unused Assets / (0.7 MB). Loaded Objects now: 3282.
Memory consumption went from 126.6 MB to 126.0 MB.
Total: 17.538700 ms (FindLiveObjects: 0.432500 ms CreateObjectMapping: 0.458000 ms MarkObjects: 15.880300 ms  DeleteObjects: 0.766900 ms)

Prepare: number of updated asset objects reloaded= 0
========================================================================
Received Prepare
Refreshing native plugins compatible for Editor in 5.58 ms, found 2 plugins.
Preloading 0 native plugins for Editor in 0.00 ms.
Unloading 0 Unused Serialized files (Serialized files now loaded: 0)
Unloading 2648 unused Assets / (0.6 MB). Loaded Objects now: 3283.
Memory consumption went from 126.6 MB to 126.0 MB.
Total: 12.117300 ms (FindLiveObjects: 0.367000 ms CreateObjectMapping: 0.388700 ms MarkObjects: 10.623100 ms  DeleteObjects: 0.737200 ms)

Prepare: number of updated asset objects reloaded= 0
========================================================================
Received Prepare
Begin MonoManager ReloadAssembly
Duplicate assembly 'log4net.dll' with different versions detected, using 'Assets/References/log4net.dll, AssemblyName=log4net, Version=2.0.8.0, Culture=neutral, PublicKeyToken=null' and ignoring 'Packages/com.unity.collab-proxy/Lib/Editor/PlasticSCM/log4netPlastic.dll, AssemblyName=log4net, Version=1.2.15.0, Culture=neutral, PublicKeyToken=669e0ddf0bb1aa2a'.Duplicate assembly 'Newtonsoft.Json.dll' with different versions detected, using 'Packages/com.unity.nuget.newtonsoft-json/Runtime/Newtonsoft.Json.dll, AssemblyName=Newtonsoft.Json, Version=13.0.0.0, Culture=neutral, PublicKeyToken=30ad4fe6b2a6aeed' and ignoring 'Assets/JsonDotNet/Assemblies/Standalone/Newtonsoft.Json.dll, AssemblyName=Newtonsoft.Json, Version=8.0.0.0, Culture=neutral, PublicKeyToken=null'.Symbol file LoadedFromMemory is not a mono symbol file
Symbol file LoadedFromMemory is not a mono symbol file
Symbol file LoadedFromMemory is not a mono symbol file
- Loaded All Assemblies, in  0.865 seconds
Refreshing native plugins compatible for Editor in 8.19 ms, found 2 plugins.
Native extension for iOS target not found
Native extension for Android target not found
Native extension for WindowsStandalone target not found
Mono: successfully reloaded assembly
- Finished resetting the current domain, in  1.622 seconds
Domain Reload Profiling: 2484ms
	BeginReloadAssembly (261ms)
		ExecutionOrderSort (0ms)
		DisableScriptedObjects (9ms)
		BackupInstance (0ms)
		ReleaseScriptingObjects (0ms)
		CreateAndSetChildDomain (54ms)
	RebuildCommonClasses (57ms)
	RebuildNativeTypeToScriptingClass (21ms)
	initialDomainReloadingComplete (40ms)
	LoadAllAssembliesAndSetupDomain (484ms)
		LoadAssemblies (486ms)
		RebuildTransferFunctionScriptingTraits (0ms)
		AnalyzeDomain (147ms)
			TypeCache.Refresh (13ms)
				TypeCache.ScanAssembly (1ms)
			BuildScriptInfoCaches (122ms)
			ResolveRequiredComponents (6ms)
	FinalizeReload (1623ms)
		ReleaseScriptCaches (0ms)
		RebuildScriptCaches (0ms)
		SetupLoadedEditorAssemblies (1280ms)
			LogAssemblyErrors (0ms)
			InitializePlatformSupportModulesInManaged (32ms)
			SetLoadedEditorAssemblies (7ms)
			BeforeProcessingInitializeOnLoad (72ms)
			ProcessInitializeOnLoadAttributes (834ms)
			ProcessInitializeOnLoadMethodAttributes (325ms)
			AfterProcessingInitializeOnLoad (9ms)
			EditorAssembliesLoaded (0ms)
		ExecutionOrderSort2 (0ms)
		AwakeInstancesAfterBackupRestoration (23ms)
Refreshing native plugins compatible for Editor in 10.20 ms, found 2 plugins.
Preloading 0 native plugins for Editor in 0.00 ms.
Unloading 0 Unused Serialized files (Serialized files now loaded: 0)
Unloading 2681 unused Assets / (1.0 MB). Loaded Objects now: 3283.
Memory consumption went from 128.5 MB to 127.5 MB.
Total: 19.860700 ms (FindLiveObjects: 0.557600 ms CreateObjectMapping: 0.538500 ms MarkObjects: 16.771300 ms  DeleteObjects: 1.991700 ms)

Prepare: number of updated asset objects reloaded= 0
========================================================================
Received Import Request.
  Time since last request: 1374.116597 seconds.
  path: Assets/Scripts/UI/Friends/UIFriends.cs
  artifactKey: Guid(0212b3d03076b3743a77fc1025bc1546) Importer(815301076,1909f56bfc062723c751e8b465ee728b)
Start importing Assets/Scripts/UI/Friends/UIFriends.cs using Guid(0212b3d03076b3743a77fc1025bc1546) Importer(815301076,1909f56bfc062723c751e8b465ee728b) (PreviewImporter) -> (artifact id: '5b548bb371ce9def74422c66ffc879d5') in 0.0545054 seconds
Number of updated asset objects reloaded before import = 0Number of asset objects unloaded after import = 0

========================================================================
Received Prepare
Refreshing native plugins compatible for Editor in 9.42 ms, found 2 plugins.
Preloading 0 native plugins for Editor in 0.00 ms.
Unloading 0 Unused Serialized files (Serialized files now loaded: 0)
Unloading 2648 unused Assets / (0.6 MB). Loaded Objects now: 3283.
Memory consumption went from 128.5 MB to 128.0 MB.
Total: 15.428000 ms (FindLiveObjects: 0.373400 ms CreateObjectMapping: 0.503200 ms MarkObjects: 13.412600 ms  DeleteObjects: 1.137600 ms)

Prepare: number of updated asset objects reloaded= 0
========================================================================
Received Prepare
Refreshing native plugins compatible for Editor in 6.50 ms, found 2 plugins.
Preloading 0 native plugins for Editor in 0.00 ms.
Unloading 0 Unused Serialized files (Serialized files now loaded: 0)
Unloading 2648 unused Assets / (0.6 MB). Loaded Objects now: 3283.
Memory consumption went from 128.5 MB to 127.9 MB.
Total: 13.534700 ms (FindLiveObjects: 0.445600 ms CreateObjectMapping: 0.495500 ms MarkObjects: 11.753500 ms  DeleteObjects: 0.839100 ms)

Prepare: number of updated asset objects reloaded= 0
========================================================================
Received Prepare
Begin MonoManager ReloadAssembly
Duplicate assembly 'log4net.dll' with different versions detected, using 'Assets/References/log4net.dll, AssemblyName=log4net, Version=2.0.8.0, Culture=neutral, PublicKeyToken=null' and ignoring 'Packages/com.unity.collab-proxy/Lib/Editor/PlasticSCM/log4netPlastic.dll, AssemblyName=log4net, Version=1.2.15.0, Culture=neutral, PublicKeyToken=669e0ddf0bb1aa2a'.Duplicate assembly 'Newtonsoft.Json.dll' with different versions detected, using 'Packages/com.unity.nuget.newtonsoft-json/Runtime/Newtonsoft.Json.dll, AssemblyName=Newtonsoft.Json, Version=13.0.0.0, Culture=neutral, PublicKeyToken=30ad4fe6b2a6aeed' and ignoring 'Assets/JsonDotNet/Assemblies/Standalone/Newtonsoft.Json.dll, AssemblyName=Newtonsoft.Json, Version=8.0.0.0, Culture=neutral, PublicKeyToken=null'.Symbol file LoadedFromMemory is not a mono symbol file
Symbol file LoadedFromMemory is not a mono symbol file
Symbol file LoadedFromMemory is not a mono symbol file
- Loaded All Assemblies, in  0.894 seconds
Refreshing native plugins compatible for Editor in 7.85 ms, found 2 plugins.
Native extension for iOS target not found
Native extension for Android target not found
Native extension for WindowsStandalone target not found
Mono: successfully reloaded assembly
- Finished resetting the current domain, in  1.055 seconds
Domain Reload Profiling: 1943ms
	BeginReloadAssembly (281ms)
		ExecutionOrderSort (0ms)
		DisableScriptedObjects (7ms)
		BackupInstance (0ms)
		ReleaseScriptingObjects (0ms)
		CreateAndSetChildDomain (75ms)
	RebuildCommonClasses (59ms)
	RebuildNativeTypeToScriptingClass (19ms)
	initialDomainReloadingComplete (43ms)
	LoadAllAssembliesAndSetupDomain (486ms)
		LoadAssemblies (499ms)
		RebuildTransferFunctionScriptingTraits (0ms)
		AnalyzeDomain (134ms)
			TypeCache.Refresh (12ms)
				TypeCache.ScanAssembly (3ms)
			BuildScriptInfoCaches (116ms)
			ResolveRequiredComponents (4ms)
	FinalizeReload (1055ms)
		ReleaseScriptCaches (0ms)
		RebuildScriptCaches (0ms)
		SetupLoadedEditorAssemblies (815ms)
			LogAssemblyErrors (0ms)
			InitializePlatformSupportModulesInManaged (35ms)
			SetLoadedEditorAssemblies (7ms)
			BeforeProcessingInitializeOnLoad (66ms)
			ProcessInitializeOnLoadAttributes (483ms)
			ProcessInitializeOnLoadMethodAttributes (216ms)
			AfterProcessingInitializeOnLoad (7ms)
			EditorAssembliesLoaded (0ms)
		ExecutionOrderSort2 (0ms)
		AwakeInstancesAfterBackupRestoration (12ms)
Refreshing native plugins compatible for Editor in 5.86 ms, found 2 plugins.
Preloading 0 native plugins for Editor in 0.00 ms.
Unloading 0 Unused Serialized files (Serialized files now loaded: 0)
Unloading 2681 unused Assets / (0.7 MB). Loaded Objects now: 3283.
Memory consumption went from 130.5 MB to 129.8 MB.
Total: 10.109800 ms (FindLiveObjects: 0.331400 ms CreateObjectMapping: 0.307700 ms MarkObjects: 8.748800 ms  DeleteObjects: 0.721000 ms)

Prepare: number of updated asset objects reloaded= 0
========================================================================
Received Prepare
Refreshing native plugins compatible for Editor in 7.35 ms, found 2 plugins.
Preloading 0 native plugins for Editor in 0.00 ms.
Unloading 0 Unused Serialized files (Serialized files now loaded: 0)
Unloading 2648 unused Assets / (0.8 MB). Loaded Objects now: 3283.
Memory consumption went from 130.5 MB to 129.7 MB.
Total: 14.016200 ms (FindLiveObjects: 0.359800 ms CreateObjectMapping: 0.346100 ms MarkObjects: 12.284600 ms  DeleteObjects: 1.024700 ms)

Prepare: number of updated asset objects reloaded= 0
========================================================================
Received Prepare
Begin MonoManager ReloadAssembly
Duplicate assembly 'log4net.dll' with different versions detected, using 'Assets/References/log4net.dll, AssemblyName=log4net, Version=2.0.8.0, Culture=neutral, PublicKeyToken=null' and ignoring 'Packages/com.unity.collab-proxy/Lib/Editor/PlasticSCM/log4netPlastic.dll, AssemblyName=log4net, Version=1.2.15.0, Culture=neutral, PublicKeyToken=669e0ddf0bb1aa2a'.Duplicate assembly 'Newtonsoft.Json.dll' with different versions detected, using 'Packages/com.unity.nuget.newtonsoft-json/Runtime/Newtonsoft.Json.dll, AssemblyName=Newtonsoft.Json, Version=13.0.0.0, Culture=neutral, PublicKeyToken=30ad4fe6b2a6aeed' and ignoring 'Assets/JsonDotNet/Assemblies/Standalone/Newtonsoft.Json.dll, AssemblyName=Newtonsoft.Json, Version=8.0.0.0, Culture=neutral, PublicKeyToken=null'.Symbol file LoadedFromMemory is not a mono symbol file
Symbol file LoadedFromMemory is not a mono symbol file
Symbol file LoadedFromMemory is not a mono symbol file
- Loaded All Assemblies, in  1.017 seconds
Refreshing native plugins compatible for Editor in 8.65 ms, found 2 plugins.
Native extension for iOS target not found
Native extension for Android target not found
Native extension for WindowsStandalone target not found
Mono: successfully reloaded assembly
- Finished resetting the current domain, in  1.277 seconds
Domain Reload Profiling: 2290ms
	BeginReloadAssembly (267ms)
		ExecutionOrderSort (0ms)
		DisableScriptedObjects (11ms)
		BackupInstance (0ms)
		ReleaseScriptingObjects (0ms)
		CreateAndSetChildDomain (49ms)
	RebuildCommonClasses (71ms)
	RebuildNativeTypeToScriptingClass (42ms)
	initialDomainReloadingComplete (64ms)
	LoadAllAssembliesAndSetupDomain (568ms)
		LoadAssemblies (571ms)
		RebuildTransferFunctionScriptingTraits (0ms)
		AnalyzeDomain (158ms)
			TypeCache.Refresh (13ms)
				TypeCache.ScanAssembly (2ms)
			BuildScriptInfoCaches (136ms)
			ResolveRequiredComponents (6ms)
	FinalizeReload (1278ms)
		ReleaseScriptCaches (0ms)
		RebuildScriptCaches (0ms)
		SetupLoadedEditorAssemblies (1028ms)
			LogAssemblyErrors (0ms)
			InitializePlatformSupportModulesInManaged (37ms)
			SetLoadedEditorAssemblies (6ms)
			BeforeProcessingInitializeOnLoad (73ms)
			ProcessInitializeOnLoadAttributes (664ms)
			ProcessInitializeOnLoadMethodAttributes (241ms)
			AfterProcessingInitializeOnLoad (7ms)
			EditorAssembliesLoaded (0ms)
		ExecutionOrderSort2 (0ms)
		AwakeInstancesAfterBackupRestoration (15ms)
Refreshing native plugins compatible for Editor in 7.75 ms, found 2 plugins.
Preloading 0 native plugins for Editor in 0.00 ms.
Unloading 0 Unused Serialized files (Serialized files now loaded: 0)
Unloading 2681 unused Assets / (0.6 MB). Loaded Objects now: 3283.
Memory consumption went from 132.4 MB to 131.8 MB.
Total: 10.595300 ms (FindLiveObjects: 0.351600 ms CreateObjectMapping: 0.374600 ms MarkObjects: 8.995900 ms  DeleteObjects: 0.872300 ms)

Prepare: number of updated asset objects reloaded= 0
========================================================================
Received Prepare
Refreshing native plugins compatible for Editor in 7.60 ms, found 2 plugins.
Preloading 0 native plugins for Editor in 0.00 ms.
Unloading 0 Unused Serialized files (Serialized files now loaded: 0)
Unloading 2648 unused Assets / (0.7 MB). Loaded Objects now: 3283.
Memory consumption went from 132.4 MB to 131.7 MB.
Total: 13.362100 ms (FindLiveObjects: 0.399800 ms CreateObjectMapping: 0.443400 ms MarkObjects: 11.159500 ms  DeleteObjects: 1.358300 ms)

Prepare: number of updated asset objects reloaded= 0
========================================================================
Received Prepare
Begin MonoManager ReloadAssembly
Duplicate assembly 'log4net.dll' with different versions detected, using 'Assets/References/log4net.dll, AssemblyName=log4net, Version=2.0.8.0, Culture=neutral, PublicKeyToken=null' and ignoring 'Packages/com.unity.collab-proxy/Lib/Editor/PlasticSCM/log4netPlastic.dll, AssemblyName=log4net, Version=1.2.15.0, Culture=neutral, PublicKeyToken=669e0ddf0bb1aa2a'.Duplicate assembly 'Newtonsoft.Json.dll' with different versions detected, using 'Packages/com.unity.nuget.newtonsoft-json/Runtime/Newtonsoft.Json.dll, AssemblyName=Newtonsoft.Json, Version=13.0.0.0, Culture=neutral, PublicKeyToken=30ad4fe6b2a6aeed' and ignoring 'Assets/JsonDotNet/Assemblies/Standalone/Newtonsoft.Json.dll, AssemblyName=Newtonsoft.Json, Version=8.0.0.0, Culture=neutral, PublicKeyToken=null'.Symbol file LoadedFromMemory is not a mono symbol file
Symbol file LoadedFromMemory is not a mono symbol file
Symbol file LoadedFromMemory is not a mono symbol file
- Loaded All Assemblies, in  0.832 seconds
Refreshing native plugins compatible for Editor in 5.79 ms, found 2 plugins.
Native extension for iOS target not found
Native extension for Android target not found
Native extension for WindowsStandalone target not found
Mono: successfully reloaded assembly
- Finished resetting the current domain, in  1.200 seconds
Domain Reload Profiling: 2030ms
	BeginReloadAssembly (246ms)
		ExecutionOrderSort (0ms)
		DisableScriptedObjects (6ms)
		BackupInstance (0ms)
		ReleaseScriptingObjects (0ms)
		CreateAndSetChildDomain (52ms)
	RebuildCommonClasses (60ms)
	RebuildNativeTypeToScriptingClass (17ms)
	initialDomainReloadingComplete (34ms)
	LoadAllAssembliesAndSetupDomain (473ms)
		LoadAssemblies (420ms)
		RebuildTransferFunctionScriptingTraits (0ms)
		AnalyzeDomain (190ms)
			TypeCache.Refresh (14ms)
				TypeCache.ScanAssembly (3ms)
			BuildScriptInfoCaches (166ms)
			ResolveRequiredComponents (7ms)
	FinalizeReload (1200ms)
		ReleaseScriptCaches (0ms)
		RebuildScriptCaches (0ms)
		SetupLoadedEditorAssemblies (950ms)
			LogAssemblyErrors (0ms)
			InitializePlatformSupportModulesInManaged (29ms)
			SetLoadedEditorAssemblies (5ms)
			BeforeProcessingInitializeOnLoad (66ms)
			ProcessInitializeOnLoadAttributes (560ms)
			ProcessInitializeOnLoadMethodAttributes (281ms)
			AfterProcessingInitializeOnLoad (9ms)
			EditorAssembliesLoaded (1ms)
		ExecutionOrderSort2 (0ms)
		AwakeInstancesAfterBackupRestoration (26ms)
Refreshing native plugins compatible for Editor in 7.47 ms, found 2 plugins.
Preloading 0 native plugins for Editor in 0.00 ms.
Unloading 0 Unused Serialized files (Serialized files now loaded: 0)
Unloading 2681 unused Assets / (502.7 KB). Loaded Objects now: 3283.
Memory consumption went from 134.3 MB to 133.8 MB.
Total: 13.058700 ms (FindLiveObjects: 0.346800 ms CreateObjectMapping: 0.315600 ms MarkObjects: 11.175100 ms  DeleteObjects: 1.219800 ms)

Prepare: number of updated asset objects reloaded= 0
========================================================================
Received Prepare
Refreshing native plugins compatible for Editor in 6.06 ms, found 2 plugins.
Preloading 0 native plugins for Editor in 0.00 ms.
Unloading 0 Unused Serialized files (Serialized files now loaded: 0)
Unloading 2648 unused Assets / (0.6 MB). Loaded Objects now: 3283.
Memory consumption went from 134.3 MB to 133.7 MB.
Total: 10.895500 ms (FindLiveObjects: 0.454500 ms CreateObjectMapping: 0.491400 ms MarkObjects: 9.275500 ms  DeleteObjects: 0.673200 ms)

Prepare: number of updated asset objects reloaded= 0
========================================================================
Received Prepare
Begin MonoManager ReloadAssembly
Duplicate assembly 'log4net.dll' with different versions detected, using 'Assets/References/log4net.dll, AssemblyName=log4net, Version=2.0.8.0, Culture=neutral, PublicKeyToken=null' and ignoring 'Packages/com.unity.collab-proxy/Lib/Editor/PlasticSCM/log4netPlastic.dll, AssemblyName=log4net, Version=1.2.15.0, Culture=neutral, PublicKeyToken=669e0ddf0bb1aa2a'.Duplicate assembly 'Newtonsoft.Json.dll' with different versions detected, using 'Packages/com.unity.nuget.newtonsoft-json/Runtime/Newtonsoft.Json.dll, AssemblyName=Newtonsoft.Json, Version=13.0.0.0, Culture=neutral, PublicKeyToken=30ad4fe6b2a6aeed' and ignoring 'Assets/JsonDotNet/Assemblies/Standalone/Newtonsoft.Json.dll, AssemblyName=Newtonsoft.Json, Version=8.0.0.0, Culture=neutral, PublicKeyToken=null'.Symbol file LoadedFromMemory is not a mono symbol file
Symbol file LoadedFromMemory is not a mono symbol file
Symbol file LoadedFromMemory is not a mono symbol file
- Loaded All Assemblies, in  0.856 seconds
Refreshing native plugins compatible for Editor in 5.04 ms, found 2 plugins.
Native extension for iOS target not found
Native extension for Android target not found
Native extension for WindowsStandalone target not found
Mono: successfully reloaded assembly
- Finished resetting the current domain, in  1.227 seconds
Domain Reload Profiling: 2077ms
	BeginReloadAssembly (217ms)
		ExecutionOrderSort (0ms)
		DisableScriptedObjects (7ms)
		BackupInstance (0ms)
		ReleaseScriptingObjects (0ms)
		CreateAndSetChildDomain (48ms)
	RebuildCommonClasses (51ms)
	RebuildNativeTypeToScriptingClass (25ms)
	initialDomainReloadingComplete (44ms)
	LoadAllAssembliesAndSetupDomain (512ms)
		LoadAssemblies (493ms)
		RebuildTransferFunctionScriptingTraits (0ms)
		AnalyzeDomain (140ms)
			TypeCache.Refresh (12ms)
				TypeCache.ScanAssembly (2ms)
			BuildScriptInfoCaches (120ms)
			ResolveRequiredComponents (5ms)
	FinalizeReload (1228ms)
		ReleaseScriptCaches (0ms)
		RebuildScriptCaches (0ms)
		SetupLoadedEditorAssemblies (968ms)
			LogAssemblyErrors (0ms)
			InitializePlatformSupportModulesInManaged (27ms)
			SetLoadedEditorAssemblies (5ms)
			BeforeProcessingInitializeOnLoad (73ms)
			ProcessInitializeOnLoadAttributes (632ms)
			ProcessInitializeOnLoadMethodAttributes (225ms)
			AfterProcessingInitializeOnLoad (6ms)
			EditorAssembliesLoaded (0ms)
		ExecutionOrderSort2 (0ms)
		AwakeInstancesAfterBackupRestoration (13ms)
Refreshing native plugins compatible for Editor in 4.96 ms, found 2 plugins.
Preloading 0 native plugins for Editor in 0.00 ms.
Unloading 0 Unused Serialized files (Serialized files now loaded: 0)
Unloading 2681 unused Assets / (0.6 MB). Loaded Objects now: 3283.
Memory consumption went from 136.3 MB to 135.6 MB.
Total: 12.617400 ms (FindLiveObjects: 0.356100 ms CreateObjectMapping: 0.633900 ms MarkObjects: 10.938500 ms  DeleteObjects: 0.688100 ms)

Prepare: number of updated asset objects reloaded= 0
========================================================================
Received Prepare
Refreshing native plugins compatible for Editor in 6.86 ms, found 2 plugins.
Preloading 0 native plugins for Editor in 0.00 ms.
Unloading 0 Unused Serialized files (Serialized files now loaded: 0)
Unloading 2648 unused Assets / (0.6 MB). Loaded Objects now: 3283.
Memory consumption went from 136.2 MB to 135.6 MB.
Total: 13.449300 ms (FindLiveObjects: 0.379300 ms CreateObjectMapping: 0.379400 ms MarkObjects: 11.612200 ms  DeleteObjects: 1.077300 ms)

Prepare: number of updated asset objects reloaded= 0
========================================================================
Received Prepare
Refreshing native plugins compatible for Editor in 4.94 ms, found 2 plugins.
Preloading 0 native plugins for Editor in 0.00 ms.
Unloading 0 Unused Serialized files (Serialized files now loaded: 0)
Unloading 2649 unused Assets / (0.6 MB). Loaded Objects now: 3284.
Memory consumption went from 136.2 MB to 135.6 MB.
Total: 12.167900 ms (FindLiveObjects: 0.385600 ms CreateObjectMapping: 0.369600 ms MarkObjects: 10.589800 ms  DeleteObjects: 0.821900 ms)

Prepare: number of updated asset objects reloaded= 0
========================================================================
Received Prepare
Begin MonoManager ReloadAssembly
Duplicate assembly 'log4net.dll' with different versions detected, using 'Assets/References/log4net.dll, AssemblyName=log4net, Version=2.0.8.0, Culture=neutral, PublicKeyToken=null' and ignoring 'Packages/com.unity.collab-proxy/Lib/Editor/PlasticSCM/log4netPlastic.dll, AssemblyName=log4net, Version=1.2.15.0, Culture=neutral, PublicKeyToken=669e0ddf0bb1aa2a'.Duplicate assembly 'Newtonsoft.Json.dll' with different versions detected, using 'Packages/com.unity.nuget.newtonsoft-json/Runtime/Newtonsoft.Json.dll, AssemblyName=Newtonsoft.Json, Version=13.0.0.0, Culture=neutral, PublicKeyToken=30ad4fe6b2a6aeed' and ignoring 'Assets/JsonDotNet/Assemblies/Standalone/Newtonsoft.Json.dll, AssemblyName=Newtonsoft.Json, Version=8.0.0.0, Culture=neutral, PublicKeyToken=null'.Symbol file LoadedFromMemory is not a mono symbol file
Symbol file LoadedFromMemory is not a mono symbol file
Symbol file LoadedFromMemory is not a mono symbol file
- Loaded All Assemblies, in  0.747 seconds
Refreshing native plugins compatible for Editor in 5.05 ms, found 2 plugins.
Native extension for iOS target not found
Native extension for Android target not found
Native extension for WindowsStandalone target not found
Mono: successfully reloaded assembly
- Finished resetting the current domain, in  1.192 seconds
Domain Reload Profiling: 1936ms
	BeginReloadAssembly (234ms)
		ExecutionOrderSort (0ms)
		DisableScriptedObjects (14ms)
		BackupInstance (0ms)
		ReleaseScriptingObjects (0ms)
		CreateAndSetChildDomain (59ms)
	RebuildCommonClasses (49ms)
	RebuildNativeTypeToScriptingClass (18ms)
	initialDomainReloadingComplete (36ms)
	LoadAllAssembliesAndSetupDomain (407ms)
		LoadAssemblies (394ms)
		RebuildTransferFunctionScriptingTraits (0ms)
		AnalyzeDomain (133ms)
			TypeCache.Refresh (8ms)
				TypeCache.ScanAssembly (1ms)
			BuildScriptInfoCaches (119ms)
			ResolveRequiredComponents (4ms)
	FinalizeReload (1193ms)
		ReleaseScriptCaches (0ms)
		RebuildScriptCaches (0ms)
		SetupLoadedEditorAssemblies (935ms)
			LogAssemblyErrors (0ms)
			InitializePlatformSupportModulesInManaged (37ms)
			SetLoadedEditorAssemblies (6ms)
			BeforeProcessingInitializeOnLoad (72ms)
			ProcessInitializeOnLoadAttributes (567ms)
			ProcessInitializeOnLoadMethodAttributes (245ms)
			AfterProcessingInitializeOnLoad (8ms)
			EditorAssembliesLoaded (0ms)
		ExecutionOrderSort2 (0ms)
		AwakeInstancesAfterBackupRestoration (14ms)
Refreshing native plugins compatible for Editor in 6.62 ms, found 2 plugins.
Preloading 0 native plugins for Editor in 0.00 ms.
Unloading 0 Unused Serialized files (Serialized files now loaded: 0)
Unloading 2682 unused Assets / (0.6 MB). Loaded Objects now: 3284.
Memory consumption went from 138.2 MB to 137.6 MB.
Total: 14.426700 ms (FindLiveObjects: 0.360100 ms CreateObjectMapping: 0.325100 ms MarkObjects: 12.825200 ms  DeleteObjects: 0.915300 ms)

Prepare: number of updated asset objects reloaded= 0
========================================================================
Received Import Request.
  Time since last request: 165.913333 seconds.
  path: Assets/Scripts/UI/Friends/UIFriendItem.cs
  artifactKey: Guid(fed4753de186d1a4ea38cf6998a87a81) Importer(815301076,1909f56bfc062723c751e8b465ee728b)
Start importing Assets/Scripts/UI/Friends/UIFriendItem.cs using Guid(fed4753de186d1a4ea38cf6998a87a81) Importer(815301076,1909f56bfc062723c751e8b465ee728b) (PreviewImporter) -> (artifact id: '80e34d7f4a1522df077acb7631e2110e') in 0.0540564 seconds
Number of updated asset objects reloaded before import = 0Number of asset objects unloaded after import = 0

========================================================================
Received Prepare
Refreshing native plugins compatible for Editor in 5.29 ms, found 2 plugins.
Preloading 0 native plugins for Editor in 0.00 ms.
Unloading 0 Unused Serialized files (Serialized files now loaded: 0)
Unloading 2649 unused Assets / (0.6 MB). Loaded Objects now: 3284.
Memory consumption went from 138.2 MB to 137.6 MB.
Total: 9.708500 ms (FindLiveObjects: 0.346800 ms CreateObjectMapping: 0.335900 ms MarkObjects: 8.350100 ms  DeleteObjects: 0.674300 ms)

Prepare: number of updated asset objects reloaded= 0
========================================================================
Received Prepare
Refreshing native plugins compatible for Editor in 5.59 ms, found 2 plugins.
Preloading 0 native plugins for Editor in 0.00 ms.
Unloading 0 Unused Serialized files (Serialized files now loaded: 0)
Unloading 2649 unused Assets / (0.6 MB). Loaded Objects now: 3284.
Memory consumption went from 138.2 MB to 137.5 MB.
Total: 12.863500 ms (FindLiveObjects: 0.335400 ms CreateObjectMapping: 0.322400 ms MarkObjects: 11.536600 ms  DeleteObjects: 0.668100 ms)

Prepare: number of updated asset objects reloaded= 0
========================================================================
Received Prepare
Refreshing native plugins compatible for Editor in 5.29 ms, found 2 plugins.
Preloading 0 native plugins for Editor in 0.00 ms.
Unloading 0 Unused Serialized files (Serialized files now loaded: 0)
Unloading 2649 unused Assets / (0.6 MB). Loaded Objects now: 3284.
Memory consumption went from 138.2 MB to 137.5 MB.
Total: 10.348800 ms (FindLiveObjects: 0.340100 ms CreateObjectMapping: 0.317100 ms MarkObjects: 8.634300 ms  DeleteObjects: 1.056300 ms)

Prepare: number of updated asset objects reloaded= 0
========================================================================
Received Prepare
Refreshing native plugins compatible for Editor in 9.78 ms, found 2 plugins.
Preloading 0 native plugins for Editor in 0.00 ms.
Unloading 0 Unused Serialized files (Serialized files now loaded: 0)
Unloading 2649 unused Assets / (0.6 MB). Loaded Objects now: 3284.
Memory consumption went from 138.2 MB to 137.6 MB.
Total: 19.041300 ms (FindLiveObjects: 1.016600 ms CreateObjectMapping: 1.657100 ms MarkObjects: 14.743800 ms  DeleteObjects: 1.622600 ms)

Prepare: number of updated asset objects reloaded= 0
========================================================================
Received Prepare
Refreshing native plugins compatible for Editor in 7.23 ms, found 2 plugins.
Preloading 0 native plugins for Editor in 0.00 ms.
Unloading 0 Unused Serialized files (Serialized files now loaded: 0)
Unloading 2649 unused Assets / (0.6 MB). Loaded Objects now: 3284.
Memory consumption went from 138.2 MB to 137.5 MB.
Total: 13.173000 ms (FindLiveObjects: 0.419700 ms CreateObjectMapping: 0.451900 ms MarkObjects: 11.121700 ms  DeleteObjects: 1.178500 ms)

Prepare: number of updated asset objects reloaded= 0
========================================================================
Received Prepare
Refreshing native plugins compatible for Editor in 5.74 ms, found 2 plugins.
Preloading 0 native plugins for Editor in 0.00 ms.
Unloading 0 Unused Serialized files (Serialized files now loaded: 0)
Unloading 2649 unused Assets / (0.6 MB). Loaded Objects now: 3284.
Memory consumption went from 138.2 MB to 137.5 MB.
Total: 9.994000 ms (FindLiveObjects: 0.368200 ms CreateObjectMapping: 0.462400 ms MarkObjects: 8.480800 ms  DeleteObjects: 0.681400 ms)

Prepare: number of updated asset objects reloaded= 0
========================================================================
Received Prepare
Refreshing native plugins compatible for Editor in 7.69 ms, found 2 plugins.
Preloading 0 native plugins for Editor in 0.00 ms.
Unloading 0 Unused Serialized files (Serialized files now loaded: 0)
Unloading 2649 unused Assets / (0.6 MB). Loaded Objects now: 3284.
Memory consumption went from 138.2 MB to 137.6 MB.
Total: 13.100800 ms (FindLiveObjects: 0.418500 ms CreateObjectMapping: 0.369600 ms MarkObjects: 9.936600 ms  DeleteObjects: 2.375000 ms)

Prepare: number of updated asset objects reloaded= 0
========================================================================
Received Prepare
Refreshing native plugins compatible for Editor in 4.93 ms, found 2 plugins.
Preloading 0 native plugins for Editor in 0.00 ms.
Unloading 0 Unused Serialized files (Serialized files now loaded: 0)
Unloading 2649 unused Assets / (0.6 MB). Loaded Objects now: 3284.
Memory consumption went from 138.2 MB to 137.6 MB.
Total: 10.869000 ms (FindLiveObjects: 0.347700 ms CreateObjectMapping: 0.334800 ms MarkObjects: 9.525700 ms  DeleteObjects: 0.659500 ms)

Prepare: number of updated asset objects reloaded= 0
========================================================================
Received Prepare
Refreshing native plugins compatible for Editor in 6.65 ms, found 2 plugins.
Preloading 0 native plugins for Editor in 0.00 ms.
Unloading 0 Unused Serialized files (Serialized files now loaded: 0)
Unloading 2649 unused Assets / (0.6 MB). Loaded Objects now: 3284.
Memory consumption went from 138.2 MB to 137.6 MB.
Total: 11.502000 ms (FindLiveObjects: 0.350600 ms CreateObjectMapping: 0.311700 ms MarkObjects: 10.146300 ms  DeleteObjects: 0.692000 ms)

Prepare: number of updated asset objects reloaded= 0
========================================================================
Received Prepare
Refreshing native plugins compatible for Editor in 5.19 ms, found 2 plugins.
Preloading 0 native plugins for Editor in 0.00 ms.
Unloading 0 Unused Serialized files (Serialized files now loaded: 0)
Unloading 2649 unused Assets / (0.6 MB). Loaded Objects now: 3284.
Memory consumption went from 138.2 MB to 137.6 MB.
Total: 22.065100 ms (FindLiveObjects: 0.364500 ms CreateObjectMapping: 0.700600 ms MarkObjects: 20.154900 ms  DeleteObjects: 0.844200 ms)

Prepare: number of updated asset objects reloaded= 0
========================================================================
Received Prepare
Refreshing native plugins compatible for Editor in 8.35 ms, found 2 plugins.
Preloading 0 native plugins for Editor in 0.00 ms.
Unloading 0 Unused Serialized files (Serialized files now loaded: 0)
Unloading 2649 unused Assets / (0.6 MB). Loaded Objects now: 3284.
Memory consumption went from 138.2 MB to 137.6 MB.
Total: 10.108300 ms (FindLiveObjects: 0.369000 ms CreateObjectMapping: 0.426300 ms MarkObjects: 8.469000 ms  DeleteObjects: 0.843000 ms)

Prepare: number of updated asset objects reloaded= 0
========================================================================
Received Prepare
Refreshing native plugins compatible for Editor in 10.46 ms, found 2 plugins.
Preloading 0 native plugins for Editor in 0.00 ms.
Unloading 0 Unused Serialized files (Serialized files now loaded: 0)
Unloading 2649 unused Assets / (342.4 KB). Loaded Objects now: 3284.
Memory consumption went from 138.2 MB to 137.8 MB.
Total: 18.741300 ms (FindLiveObjects: 0.480800 ms CreateObjectMapping: 0.561200 ms MarkObjects: 16.326300 ms  DeleteObjects: 1.371400 ms)

Prepare: number of updated asset objects reloaded= 0
========================================================================
Received Prepare
Refreshing native plugins compatible for Editor in 8.51 ms, found 2 plugins.
Preloading 0 native plugins for Editor in 0.00 ms.
Unloading 0 Unused Serialized files (Serialized files now loaded: 0)
Unloading 2649 unused Assets / (0.6 MB). Loaded Objects now: 3284.
Memory consumption went from 138.2 MB to 137.6 MB.
Total: 14.921700 ms (FindLiveObjects: 0.458500 ms CreateObjectMapping: 0.435200 ms MarkObjects: 12.967000 ms  DeleteObjects: 1.060000 ms)

Prepare: number of updated asset objects reloaded= 0
========================================================================
Received Prepare
Refreshing native plugins compatible for Editor in 72.79 ms, found 2 plugins.
Preloading 0 native plugins for Editor in 0.00 ms.
Unloading 0 Unused Serialized files (Serialized files now loaded: 0)
Unloading 2649 unused Assets / (0.6 MB). Loaded Objects now: 3284.
Memory consumption went from 138.2 MB to 137.6 MB.
Total: 37.080200 ms (FindLiveObjects: 0.832800 ms CreateObjectMapping: 2.111800 ms MarkObjects: 33.107900 ms  DeleteObjects: 1.026400 ms)

Prepare: number of updated asset objects reloaded= 0
========================================================================
Received Prepare
Refreshing native plugins compatible for Editor in 6.39 ms, found 2 plugins.
Preloading 0 native plugins for Editor in 0.00 ms.
Unloading 0 Unused Serialized files (Serialized files now loaded: 0)
Unloading 2649 unused Assets / (0.6 MB). Loaded Objects now: 3284.
Memory consumption went from 138.2 MB to 137.6 MB.
Total: 10.763400 ms (FindLiveObjects: 0.661500 ms CreateObjectMapping: 0.577900 ms MarkObjects: 8.673000 ms  DeleteObjects: 0.849900 ms)

Prepare: number of updated asset objects reloaded= 0
========================================================================
Received Prepare
Refreshing native plugins compatible for Editor in 9.47 ms, found 2 plugins.
Preloading 0 native plugins for Editor in 0.00 ms.
Unloading 0 Unused Serialized files (Serialized files now loaded: 0)
Unloading 2649 unused Assets / (0.6 MB). Loaded Objects now: 3284.
Memory consumption went from 138.2 MB to 137.6 MB.
Total: 14.777200 ms (FindLiveObjects: 0.350800 ms CreateObjectMapping: 0.331300 ms MarkObjects: 13.206000 ms  DeleteObjects: 0.888000 ms)

Prepare: number of updated asset objects reloaded= 0
========================================================================
Received Prepare
Refreshing native plugins compatible for Editor in 8.78 ms, found 2 plugins.
Preloading 0 native plugins for Editor in 0.00 ms.
Unloading 0 Unused Serialized files (Serialized files now loaded: 0)
Unloading 2649 unused Assets / (0.6 MB). Loaded Objects now: 3284.
Memory consumption went from 138.2 MB to 137.5 MB.
Total: 12.446000 ms (FindLiveObjects: 0.381100 ms CreateObjectMapping: 0.398300 ms MarkObjects: 10.989300 ms  DeleteObjects: 0.676200 ms)

Prepare: number of updated asset objects reloaded= 0
========================================================================
Received Prepare
Refreshing native plugins compatible for Editor in 6.08 ms, found 2 plugins.
Preloading 0 native plugins for Editor in 0.00 ms.
Unloading 0 Unused Serialized files (Serialized files now loaded: 0)
Unloading 2649 unused Assets / (0.9 MB). Loaded Objects now: 3284.
Memory consumption went from 138.2 MB to 137.3 MB.
Total: 12.927900 ms (FindLiveObjects: 0.375900 ms CreateObjectMapping: 0.466800 ms MarkObjects: 11.007800 ms  DeleteObjects: 1.076500 ms)

Prepare: number of updated asset objects reloaded= 0
========================================================================
Received Prepare
Refreshing native plugins compatible for Editor in 4.97 ms, found 2 plugins.
Preloading 0 native plugins for Editor in 0.00 ms.
Unloading 0 Unused Serialized files (Serialized files now loaded: 0)
Unloading 2649 unused Assets / (0.6 MB). Loaded Objects now: 3284.
Memory consumption went from 138.2 MB to 137.5 MB.
Total: 11.300000 ms (FindLiveObjects: 0.356600 ms CreateObjectMapping: 0.320500 ms MarkObjects: 9.973900 ms  DeleteObjects: 0.648000 ms)

Prepare: number of updated asset objects reloaded= 0
========================================================================
Received Prepare
Refreshing native plugins compatible for Editor in 7.05 ms, found 2 plugins.
Preloading 0 native plugins for Editor in 0.00 ms.
Unloading 0 Unused Serialized files (Serialized files now loaded: 0)
Unloading 2649 unused Assets / (0.6 MB). Loaded Objects now: 3284.
Memory consumption went from 138.2 MB to 137.6 MB.
Total: 16.656200 ms (FindLiveObjects: 0.404600 ms CreateObjectMapping: 0.461000 ms MarkObjects: 14.794900 ms  DeleteObjects: 0.994000 ms)

Prepare: number of updated asset objects reloaded= 0
========================================================================
Received Prepare
Refreshing native plugins compatible for Editor in 13.45 ms, found 2 plugins.
Preloading 0 native plugins for Editor in 0.00 ms.
Unloading 0 Unused Serialized files (Serialized files now loaded: 0)
Unloading 2649 unused Assets / (0.6 MB). Loaded Objects now: 3284.
Memory consumption went from 138.2 MB to 137.5 MB.
Total: 13.544900 ms (FindLiveObjects: 0.349400 ms CreateObjectMapping: 0.436400 ms MarkObjects: 11.847400 ms  DeleteObjects: 0.910800 ms)

Prepare: number of updated asset objects reloaded= 0
========================================================================
Received Prepare
Refreshing native plugins compatible for Editor in 11.53 ms, found 2 plugins.
Preloading 0 native plugins for Editor in 0.00 ms.
Unloading 0 Unused Serialized files (Serialized files now loaded: 0)
Unloading 2649 unused Assets / (456.5 KB). Loaded Objects now: 3284.
Memory consumption went from 138.2 MB to 137.7 MB.
Total: 18.585800 ms (FindLiveObjects: 0.489400 ms CreateObjectMapping: 1.783800 ms MarkObjects: 15.303000 ms  DeleteObjects: 1.008500 ms)

Prepare: number of updated asset objects reloaded= 0
========================================================================
Received Prepare
Refreshing native plugins compatible for Editor in 6.61 ms, found 2 plugins.
Preloading 0 native plugins for Editor in 0.00 ms.
Unloading 0 Unused Serialized files (Serialized files now loaded: 0)
Unloading 2649 unused Assets / (0.6 MB). Loaded Objects now: 3284.
Memory consumption went from 138.2 MB to 137.5 MB.
Total: 14.051900 ms (FindLiveObjects: 0.415700 ms CreateObjectMapping: 0.466900 ms MarkObjects: 11.933900 ms  DeleteObjects: 1.234300 ms)

Prepare: number of updated asset objects reloaded= 0
========================================================================
Received Prepare
Refreshing native plugins compatible for Editor in 6.88 ms, found 2 plugins.
Preloading 0 native plugins for Editor in 0.00 ms.
Unloading 0 Unused Serialized files (Serialized files now loaded: 0)
Unloading 2649 unused Assets / (0.6 MB). Loaded Objects now: 3284.
Memory consumption went from 138.2 MB to 137.6 MB.
Total: 13.819100 ms (FindLiveObjects: 1.140200 ms CreateObjectMapping: 0.604800 ms MarkObjects: 11.117000 ms  DeleteObjects: 0.955700 ms)

Prepare: number of updated asset objects reloaded= 0
========================================================================
Received Prepare
Refreshing native plugins compatible for Editor in 5.18 ms, found 2 plugins.
Preloading 0 native plugins for Editor in 0.00 ms.
Unloading 0 Unused Serialized files (Serialized files now loaded: 0)
Unloading 2649 unused Assets / (0.5 MB). Loaded Objects now: 3284.
Memory consumption went from 138.2 MB to 137.6 MB.
Total: 10.424200 ms (FindLiveObjects: 0.454600 ms CreateObjectMapping: 0.319100 ms MarkObjects: 8.417900 ms  DeleteObjects: 1.231400 ms)

Prepare: number of updated asset objects reloaded= 0
========================================================================
Received Prepare
Refreshing native plugins compatible for Editor in 6.77 ms, found 2 plugins.
Preloading 0 native plugins for Editor in 0.00 ms.
Unloading 0 Unused Serialized files (Serialized files now loaded: 0)
Unloading 2649 unused Assets / (0.7 MB). Loaded Objects now: 3284.
Memory consumption went from 138.2 MB to 137.5 MB.
Total: 15.280600 ms (FindLiveObjects: 0.433900 ms CreateObjectMapping: 0.412100 ms MarkObjects: 13.409900 ms  DeleteObjects: 1.023500 ms)

Prepare: number of updated asset objects reloaded= 0
========================================================================
Received Prepare
Refreshing native plugins compatible for Editor in 4.90 ms, found 2 plugins.
Preloading 0 native plugins for Editor in 0.00 ms.
Unloading 0 Unused Serialized files (Serialized files now loaded: 0)
Unloading 2649 unused Assets / (0.6 MB). Loaded Objects now: 3284.
Memory consumption went from 138.2 MB to 137.6 MB.
Total: 10.854600 ms (FindLiveObjects: 0.368000 ms CreateObjectMapping: 0.356000 ms MarkObjects: 9.279000 ms  DeleteObjects: 0.850400 ms)

Prepare: number of updated asset objects reloaded= 0
========================================================================
Received Prepare
Refreshing native plugins compatible for Editor in 5.34 ms, found 2 plugins.
Preloading 0 native plugins for Editor in 0.00 ms.
Unloading 0 Unused Serialized files (Serialized files now loaded: 0)
Unloading 2649 unused Assets / (0.7 MB). Loaded Objects now: 3284.
Memory consumption went from 138.2 MB to 137.5 MB.
Total: 14.501000 ms (FindLiveObjects: 0.429800 ms CreateObjectMapping: 0.467200 ms MarkObjects: 12.394100 ms  DeleteObjects: 1.208600 ms)

Prepare: number of updated asset objects reloaded= 0
========================================================================
Received Prepare
Refreshing native plugins compatible for Editor in 4.86 ms, found 2 plugins.
Preloading 0 native plugins for Editor in 0.00 ms.
Unloading 0 Unused Serialized files (Serialized files now loaded: 0)
Unloading 2649 unused Assets / (0.6 MB). Loaded Objects now: 3284.
Memory consumption went from 138.2 MB to 137.5 MB.
Total: 11.069000 ms (FindLiveObjects: 0.323600 ms CreateObjectMapping: 0.290300 ms MarkObjects: 9.734200 ms  DeleteObjects: 0.719800 ms)

Prepare: number of updated asset objects reloaded= 0
========================================================================
Received Prepare
Refreshing native plugins compatible for Editor in 5.03 ms, found 2 plugins.
Preloading 0 native plugins for Editor in 0.00 ms.
Unloading 0 Unused Serialized files (Serialized files now loaded: 0)
Unloading 2649 unused Assets / (0.6 MB). Loaded Objects now: 3284.
Memory consumption went from 138.2 MB to 137.6 MB.
Total: 10.340200 ms (FindLiveObjects: 0.377700 ms CreateObjectMapping: 0.438800 ms MarkObjects: 8.870100 ms  DeleteObjects: 0.652700 ms)

Prepare: number of updated asset objects reloaded= 0
========================================================================
Received Prepare
Refreshing native plugins compatible for Editor in 6.09 ms, found 2 plugins.
Preloading 0 native plugins for Editor in 0.00 ms.
Unloading 0 Unused Serialized files (Serialized files now loaded: 0)
Unloading 2649 unused Assets / (0.6 MB). Loaded Objects now: 3284.
Memory consumption went from 138.2 MB to 137.5 MB.
Total: 9.842300 ms (FindLiveObjects: 0.326000 ms CreateObjectMapping: 0.305700 ms MarkObjects: 8.556000 ms  DeleteObjects: 0.653900 ms)

Prepare: number of updated asset objects reloaded= 0
========================================================================
Received Prepare
Refreshing native plugins compatible for Editor in 6.58 ms, found 2 plugins.
Preloading 0 native plugins for Editor in 0.00 ms.
Unloading 0 Unused Serialized files (Serialized files now loaded: 0)
Unloading 2649 unused Assets / (0.6 MB). Loaded Objects now: 3284.
Memory consumption went from 138.2 MB to 137.6 MB.
Total: 9.744000 ms (FindLiveObjects: 0.374800 ms CreateObjectMapping: 0.394500 ms MarkObjects: 8.290100 ms  DeleteObjects: 0.683200 ms)

Prepare: number of updated asset objects reloaded= 0
========================================================================
Received Prepare
Refreshing native plugins compatible for Editor in 8.84 ms, found 2 plugins.
Preloading 0 native plugins for Editor in 0.00 ms.
Unloading 0 Unused Serialized files (Serialized files now loaded: 0)
Unloading 2649 unused Assets / (0.6 MB). Loaded Objects now: 3284.
Memory consumption went from 138.2 MB to 137.6 MB.
Total: 13.306000 ms (FindLiveObjects: 0.395700 ms CreateObjectMapping: 0.393500 ms MarkObjects: 11.538900 ms  DeleteObjects: 0.976500 ms)

Prepare: number of updated asset objects reloaded= 0
========================================================================
Received Prepare
Refreshing native plugins compatible for Editor in 5.34 ms, found 2 plugins.
Preloading 0 native plugins for Editor in 0.00 ms.
Unloading 0 Unused Serialized files (Serialized files now loaded: 0)
Unloading 2649 unused Assets / (0.6 MB). Loaded Objects now: 3284.
Memory consumption went from 138.2 MB to 137.6 MB.
Total: 20.032000 ms (FindLiveObjects: 0.879300 ms CreateObjectMapping: 0.416600 ms MarkObjects: 13.106300 ms  DeleteObjects: 5.628400 ms)

Prepare: number of updated asset objects reloaded= 0
========================================================================
Received Prepare
Refreshing native plugins compatible for Editor in 6.42 ms, found 2 plugins.
Preloading 0 native plugins for Editor in 0.00 ms.
Unloading 0 Unused Serialized files (Serialized files now loaded: 0)
Unloading 2649 unused Assets / (0.6 MB). Loaded Objects now: 3284.
Memory consumption went from 138.2 MB to 137.6 MB.
Total: 13.437200 ms (FindLiveObjects: 0.421900 ms CreateObjectMapping: 0.626300 ms MarkObjects: 11.693900 ms  DeleteObjects: 0.693900 ms)

Prepare: number of updated asset objects reloaded= 0
========================================================================
Received Prepare
Refreshing native plugins compatible for Editor in 7.42 ms, found 2 plugins.
Preloading 0 native plugins for Editor in 0.00 ms.
Unloading 0 Unused Serialized files (Serialized files now loaded: 0)
Unloading 2649 unused Assets / (0.6 MB). Loaded Objects now: 3284.
Memory consumption went from 138.2 MB to 137.6 MB.
Total: 15.436000 ms (FindLiveObjects: 0.447500 ms CreateObjectMapping: 0.502300 ms MarkObjects: 13.412300 ms  DeleteObjects: 1.072600 ms)

Prepare: number of updated asset objects reloaded= 0
========================================================================
Received Prepare
Refreshing native plugins compatible for Editor in 7.08 ms, found 2 plugins.
Preloading 0 native plugins for Editor in 0.00 ms.
Unloading 0 Unused Serialized files (Serialized files now loaded: 0)
Unloading 2649 unused Assets / (0.6 MB). Loaded Objects now: 3284.
Memory consumption went from 138.2 MB to 137.5 MB.
Total: 12.646300 ms (FindLiveObjects: 0.432200 ms CreateObjectMapping: 0.465600 ms MarkObjects: 10.763100 ms  DeleteObjects: 0.984400 ms)

Prepare: number of updated asset objects reloaded= 0
========================================================================
Received Prepare
Refreshing native plugins compatible for Editor in 7.17 ms, found 2 plugins.
Preloading 0 native plugins for Editor in 0.00 ms.
Unloading 0 Unused Serialized files (Serialized files now loaded: 0)
Unloading 2649 unused Assets / (0.6 MB). Loaded Objects now: 3284.
Memory consumption went from 138.2 MB to 137.6 MB.
Total: 14.273400 ms (FindLiveObjects: 0.390300 ms CreateObjectMapping: 0.379000 ms MarkObjects: 12.449700 ms  DeleteObjects: 1.053300 ms)

Prepare: number of updated asset objects reloaded= 0
========================================================================
Received Prepare
Refreshing native plugins compatible for Editor in 7.63 ms, found 2 plugins.
Preloading 0 native plugins for Editor in 0.00 ms.
Unloading 0 Unused Serialized files (Serialized files now loaded: 0)
Unloading 2649 unused Assets / (0.6 MB). Loaded Objects now: 3284.
Memory consumption went from 138.2 MB to 137.6 MB.
Total: 13.158700 ms (FindLiveObjects: 0.417800 ms CreateObjectMapping: 0.493900 ms MarkObjects: 11.390900 ms  DeleteObjects: 0.855100 ms)

Prepare: number of updated asset objects reloaded= 0
========================================================================
Received Prepare
Refreshing native plugins compatible for Editor in 62.27 ms, found 2 plugins.
Preloading 0 native plugins for Editor in 0.00 ms.
Unloading 0 Unused Serialized files (Serialized files now loaded: 0)
Unloading 2649 unused Assets / (0.6 MB). Loaded Objects now: 3284.
Memory consumption went from 138.2 MB to 137.6 MB.
Total: 20.490500 ms (FindLiveObjects: 1.512900 ms CreateObjectMapping: 0.692300 ms MarkObjects: 17.211100 ms  DeleteObjects: 1.072900 ms)

Prepare: number of updated asset objects reloaded= 0
========================================================================
Received Prepare
Refreshing native plugins compatible for Editor in 6.90 ms, found 2 plugins.
Preloading 0 native plugins for Editor in 0.00 ms.
Unloading 0 Unused Serialized files (Serialized files now loaded: 0)
Unloading 2649 unused Assets / (0.8 MB). Loaded Objects now: 3284.
Memory consumption went from 138.2 MB to 137.4 MB.
Total: 12.316600 ms (FindLiveObjects: 0.419000 ms CreateObjectMapping: 0.483600 ms MarkObjects: 10.521700 ms  DeleteObjects: 0.891200 ms)

Prepare: number of updated asset objects reloaded= 0
========================================================================
Received Prepare
Refreshing native plugins compatible for Editor in 7.90 ms, found 2 plugins.
Preloading 0 native plugins for Editor in 0.00 ms.
Unloading 0 Unused Serialized files (Serialized files now loaded: 0)
Unloading 2649 unused Assets / (0.6 MB). Loaded Objects now: 3284.
Memory consumption went from 138.2 MB to 137.6 MB.
Total: 13.086100 ms (FindLiveObjects: 0.411400 ms CreateObjectMapping: 0.499400 ms MarkObjects: 11.308400 ms  DeleteObjects: 0.866000 ms)

Prepare: number of updated asset objects reloaded= 0
========================================================================
Received Prepare
Refreshing native plugins compatible for Editor in 7.27 ms, found 2 plugins.
Preloading 0 native plugins for Editor in 0.00 ms.
Unloading 0 Unused Serialized files (Serialized files now loaded: 0)
Unloading 2649 unused Assets / (0.6 MB). Loaded Objects now: 3284.
Memory consumption went from 138.2 MB to 137.6 MB.
Total: 13.907900 ms (FindLiveObjects: 0.468300 ms CreateObjectMapping: 0.543500 ms MarkObjects: 11.967600 ms  DeleteObjects: 0.927500 ms)

Prepare: number of updated asset objects reloaded= 0
========================================================================
Received Prepare
Refreshing native plugins compatible for Editor in 5.62 ms, found 2 plugins.
Preloading 0 native plugins for Editor in 0.00 ms.
Unloading 0 Unused Serialized files (Serialized files now loaded: 0)
Unloading 2649 unused Assets / (0.8 MB). Loaded Objects now: 3284.
Memory consumption went from 138.2 MB to 137.3 MB.
Total: 10.865200 ms (FindLiveObjects: 0.580000 ms CreateObjectMapping: 0.535500 ms MarkObjects: 8.791200 ms  DeleteObjects: 0.957000 ms)

Prepare: number of updated asset objects reloaded= 0
========================================================================
Received Prepare
Refreshing native plugins compatible for Editor in 8.82 ms, found 2 plugins.
Preloading 0 native plugins for Editor in 0.00 ms.
Unloading 0 Unused Serialized files (Serialized files now loaded: 0)
Unloading 2649 unused Assets / (0.6 MB). Loaded Objects now: 3284.
Memory consumption went from 138.2 MB to 137.6 MB.
Total: 18.881900 ms (FindLiveObjects: 0.523500 ms CreateObjectMapping: 0.601300 ms MarkObjects: 16.778300 ms  DeleteObjects: 0.977700 ms)

Prepare: number of updated asset objects reloaded= 0
========================================================================
Received Prepare
Refreshing native plugins compatible for Editor in 8.39 ms, found 2 plugins.
Preloading 0 native plugins for Editor in 0.00 ms.
Unloading 0 Unused Serialized files (Serialized files now loaded: 0)
Unloading 2649 unused Assets / (0.5 MB). Loaded Objects now: 3284.
Memory consumption went from 138.2 MB to 137.7 MB.
Total: 11.689300 ms (FindLiveObjects: 0.367200 ms CreateObjectMapping: 0.369500 ms MarkObjects: 10.044800 ms  DeleteObjects: 0.906600 ms)

Prepare: number of updated asset objects reloaded= 0
========================================================================
Received Prepare
Refreshing native plugins compatible for Editor in 5.81 ms, found 2 plugins.
Preloading 0 native plugins for Editor in 0.00 ms.
Unloading 0 Unused Serialized files (Serialized files now loaded: 0)
Unloading 2649 unused Assets / (0.6 MB). Loaded Objects now: 3284.
Memory consumption went from 138.2 MB to 137.6 MB.
Total: 12.947600 ms (FindLiveObjects: 0.345000 ms CreateObjectMapping: 0.323800 ms MarkObjects: 11.294700 ms  DeleteObjects: 0.983200 ms)

Prepare: number of updated asset objects reloaded= 0
========================================================================
Received Prepare
Refreshing native plugins compatible for Editor in 6.08 ms, found 2 plugins.
Preloading 0 native plugins for Editor in 0.00 ms.
Unloading 0 Unused Serialized files (Serialized files now loaded: 0)
Unloading 2649 unused Assets / (0.7 MB). Loaded Objects now: 3284.
Memory consumption went from 138.2 MB to 137.5 MB.
Total: 12.117100 ms (FindLiveObjects: 0.359200 ms CreateObjectMapping: 0.353500 ms MarkObjects: 10.634300 ms  DeleteObjects: 0.769000 ms)

Prepare: number of updated asset objects reloaded= 0
========================================================================
Received Prepare
Refreshing native plugins compatible for Editor in 8.94 ms, found 2 plugins.
Preloading 0 native plugins for Editor in 0.00 ms.
Unloading 0 Unused Serialized files (Serialized files now loaded: 0)
Unloading 2649 unused Assets / (0.6 MB). Loaded Objects now: 3284.
Memory consumption went from 138.2 MB to 137.6 MB.
Total: 15.904300 ms (FindLiveObjects: 0.396500 ms CreateObjectMapping: 0.409900 ms MarkObjects: 14.172600 ms  DeleteObjects: 0.924400 ms)

Prepare: number of updated asset objects reloaded= 0
========================================================================
Received Prepare
Refreshing native plugins compatible for Editor in 8.30 ms, found 2 plugins.
Preloading 0 native plugins for Editor in 0.00 ms.
Unloading 0 Unused Serialized files (Serialized files now loaded: 0)
Unloading 2649 unused Assets / (0.7 MB). Loaded Objects now: 3284.
Memory consumption went from 138.2 MB to 137.5 MB.
Total: 14.260300 ms (FindLiveObjects: 0.472700 ms CreateObjectMapping: 0.766300 ms MarkObjects: 12.043200 ms  DeleteObjects: 0.977100 ms)

Prepare: number of updated asset objects reloaded= 0
========================================================================
Received Prepare
Refreshing native plugins compatible for Editor in 8.18 ms, found 2 plugins.
Preloading 0 native plugins for Editor in 0.00 ms.
Unloading 0 Unused Serialized files (Serialized files now loaded: 0)
Unloading 2649 unused Assets / (0.6 MB). Loaded Objects now: 3284.
Memory consumption went from 138.2 MB to 137.6 MB.
Total: 14.095900 ms (FindLiveObjects: 0.628200 ms CreateObjectMapping: 0.616100 ms MarkObjects: 11.817500 ms  DeleteObjects: 1.033000 ms)

Prepare: number of updated asset objects reloaded= 0
========================================================================
Received Prepare
Refreshing native plugins compatible for Editor in 6.81 ms, found 2 plugins.
Preloading 0 native plugins for Editor in 0.00 ms.
Unloading 0 Unused Serialized files (Serialized files now loaded: 0)
Unloading 2649 unused Assets / (0.9 MB). Loaded Objects now: 3284.
Memory consumption went from 138.2 MB to 137.3 MB.
Total: 16.758500 ms (FindLiveObjects: 0.444600 ms CreateObjectMapping: 0.539100 ms MarkObjects: 14.604200 ms  DeleteObjects: 1.169500 ms)

Prepare: number of updated asset objects reloaded= 0
========================================================================
Received Prepare
Refreshing native plugins compatible for Editor in 5.05 ms, found 2 plugins.
Preloading 0 native plugins for Editor in 0.00 ms.
Unloading 0 Unused Serialized files (Serialized files now loaded: 0)
Unloading 2649 unused Assets / (465.2 KB). Loaded Objects now: 3284.
Memory consumption went from 138.2 MB to 137.7 MB.
Total: 11.080600 ms (FindLiveObjects: 0.327100 ms CreateObjectMapping: 0.309000 ms MarkObjects: 9.773900 ms  DeleteObjects: 0.669500 ms)

Prepare: number of updated asset objects reloaded= 0
========================================================================
Received Prepare
Refreshing native plugins compatible for Editor in 9.43 ms, found 2 plugins.
Preloading 0 native plugins for Editor in 0.00 ms.
Unloading 0 Unused Serialized files (Serialized files now loaded: 0)
Unloading 2649 unused Assets / (470.3 KB). Loaded Objects now: 3284.
Memory consumption went from 138.2 MB to 137.7 MB.
Total: 17.684700 ms (FindLiveObjects: 0.434000 ms CreateObjectMapping: 0.569700 ms MarkObjects: 15.401700 ms  DeleteObjects: 1.277900 ms)

Prepare: number of updated asset objects reloaded= 0
========================================================================
Received Prepare
Refreshing native plugins compatible for Editor in 8.03 ms, found 2 plugins.
Preloading 0 native plugins for Editor in 0.00 ms.
Unloading 0 Unused Serialized files (Serialized files now loaded: 0)
Unloading 2649 unused Assets / (315.6 KB). Loaded Objects now: 3284.
Memory consumption went from 138.2 MB to 137.9 MB.
Total: 17.613300 ms (FindLiveObjects: 0.658800 ms CreateObjectMapping: 0.617400 ms MarkObjects: 15.299100 ms  DeleteObjects: 1.036800 ms)

Prepare: number of updated asset objects reloaded= 0
========================================================================
Received Prepare
Refreshing native plugins compatible for Editor in 7.32 ms, found 2 plugins.
Preloading 0 native plugins for Editor in 0.00 ms.
Unloading 0 Unused Serialized files (Serialized files now loaded: 0)
Unloading 2649 unused Assets / (479.5 KB). Loaded Objects now: 3284.
Memory consumption went from 138.2 MB to 137.7 MB.
Total: 19.452400 ms (FindLiveObjects: 0.435400 ms CreateObjectMapping: 0.530800 ms MarkObjects: 17.287200 ms  DeleteObjects: 1.197700 ms)

Prepare: number of updated asset objects reloaded= 0
========================================================================
Received Prepare
Refreshing native plugins compatible for Editor in 7.57 ms, found 2 plugins.
Preloading 0 native plugins for Editor in 0.00 ms.
Unloading 0 Unused Serialized files (Serialized files now loaded: 0)
Unloading 2649 unused Assets / (450.5 KB). Loaded Objects now: 3284.
Memory consumption went from 138.2 MB to 137.8 MB.
Total: 13.323000 ms (FindLiveObjects: 0.377500 ms CreateObjectMapping: 0.394700 ms MarkObjects: 11.884900 ms  DeleteObjects: 0.665000 ms)

Prepare: number of updated asset objects reloaded= 0
========================================================================
Received Prepare
Refreshing native plugins compatible for Editor in 8.06 ms, found 2 plugins.
Preloading 0 native plugins for Editor in 0.00 ms.
Unloading 0 Unused Serialized files (Serialized files now loaded: 0)
Unloading 2649 unused Assets / (0.6 MB). Loaded Objects now: 3284.
Memory consumption went from 138.2 MB to 137.6 MB.
Total: 11.405800 ms (FindLiveObjects: 0.355500 ms CreateObjectMapping: 0.369900 ms MarkObjects: 9.819400 ms  DeleteObjects: 0.859600 ms)

Prepare: number of updated asset objects reloaded= 0
========================================================================
Received Prepare
Refreshing native plugins compatible for Editor in 9.76 ms, found 2 plugins.
Preloading 0 native plugins for Editor in 0.00 ms.
Unloading 0 Unused Serialized files (Serialized files now loaded: 0)
Unloading 2649 unused Assets / (0.7 MB). Loaded Objects now: 3284.
Memory consumption went from 138.2 MB to 137.5 MB.
Total: 16.465300 ms (FindLiveObjects: 0.700100 ms CreateObjectMapping: 0.609100 ms MarkObjects: 14.096500 ms  DeleteObjects: 1.040400 ms)

Prepare: number of updated asset objects reloaded= 0
========================================================================
Received Prepare
Refreshing native plugins compatible for Editor in 13.86 ms, found 2 plugins.
Preloading 0 native plugins for Editor in 0.00 ms.
Unloading 0 Unused Serialized files (Serialized files now loaded: 0)
Unloading 2649 unused Assets / (0.6 MB). Loaded Objects now: 3284.
Memory consumption went from 138.2 MB to 137.6 MB.
Total: 21.448300 ms (FindLiveObjects: 0.911000 ms CreateObjectMapping: 0.665100 ms MarkObjects: 18.583200 ms  DeleteObjects: 1.287900 ms)

Prepare: number of updated asset objects reloaded= 0
========================================================================
Received Prepare
Refreshing native plugins compatible for Editor in 6.91 ms, found 2 plugins.
Preloading 0 native plugins for Editor in 0.00 ms.
Unloading 0 Unused Serialized files (Serialized files now loaded: 0)
Unloading 2649 unused Assets / (302.0 KB). Loaded Objects now: 3284.
Memory consumption went from 138.2 MB to 137.9 MB.
Total: 31.861400 ms (FindLiveObjects: 0.380200 ms CreateObjectMapping: 0.522600 ms MarkObjects: 29.791900 ms  DeleteObjects: 1.165400 ms)

Prepare: number of updated asset objects reloaded= 0
========================================================================
Received Prepare
Refreshing native plugins compatible for Editor in 8.98 ms, found 2 plugins.
Preloading 0 native plugins for Editor in 0.00 ms.
Unloading 0 Unused Serialized files (Serialized files now loaded: 0)
Unloading 2649 unused Assets / (0.6 MB). Loaded Objects now: 3284.
Memory consumption went from 138.2 MB to 137.6 MB.
Total: 17.198600 ms (FindLiveObjects: 1.057300 ms CreateObjectMapping: 0.536600 ms MarkObjects: 14.535400 ms  DeleteObjects: 1.067900 ms)

Prepare: number of updated asset objects reloaded= 0
========================================================================
Received Prepare
Refreshing native plugins compatible for Editor in 7.19 ms, found 2 plugins.
Preloading 0 native plugins for Editor in 0.00 ms.
Unloading 0 Unused Serialized files (Serialized files now loaded: 0)
Unloading 2649 unused Assets / (373.3 KB). Loaded Objects now: 3284.
Memory consumption went from 138.2 MB to 137.8 MB.
Total: 10.324500 ms (FindLiveObjects: 0.350600 ms CreateObjectMapping: 0.334600 ms MarkObjects: 8.817700 ms  DeleteObjects: 0.820400 ms)

Prepare: number of updated asset objects reloaded= 0
========================================================================
Received Prepare
Refreshing native plugins compatible for Editor in 5.11 ms, found 2 plugins.
Preloading 0 native plugins for Editor in 0.00 ms.
Unloading 0 Unused Serialized files (Serialized files now loaded: 0)
Unloading 2649 unused Assets / (0.8 MB). Loaded Objects now: 3284.
Memory consumption went from 138.2 MB to 137.4 MB.
Total: 14.367400 ms (FindLiveObjects: 0.350200 ms CreateObjectMapping: 0.326000 ms MarkObjects: 12.678300 ms  DeleteObjects: 1.012000 ms)

Prepare: number of updated asset objects reloaded= 0
========================================================================
Received Prepare
Refreshing native plugins compatible for Editor in 6.11 ms, found 2 plugins.
Preloading 0 native plugins for Editor in 0.00 ms.
Unloading 0 Unused Serialized files (Serialized files now loaded: 0)
Unloading 2649 unused Assets / (0.9 MB). Loaded Objects now: 3284.
Memory consumption went from 138.2 MB to 137.3 MB.
Total: 12.764600 ms (FindLiveObjects: 0.373600 ms CreateObjectMapping: 0.498100 ms MarkObjects: 10.811800 ms  DeleteObjects: 1.080100 ms)

Prepare: number of updated asset objects reloaded= 0
========================================================================
Received Prepare
Refreshing native plugins compatible for Editor in 5.91 ms, found 2 plugins.
Preloading 0 native plugins for Editor in 0.00 ms.
Unloading 0 Unused Serialized files (Serialized files now loaded: 0)
Unloading 2649 unused Assets / (0.6 MB). Loaded Objects now: 3284.
Memory consumption went from 138.2 MB to 137.6 MB.
Total: 12.977800 ms (FindLiveObjects: 0.374800 ms CreateObjectMapping: 0.343800 ms MarkObjects: 11.267300 ms  DeleteObjects: 0.990400 ms)

Prepare: number of updated asset objects reloaded= 0
========================================================================
Received Prepare
Refreshing native plugins compatible for Editor in 5.76 ms, found 2 plugins.
Preloading 0 native plugins for Editor in 0.00 ms.
Unloading 0 Unused Serialized files (Serialized files now loaded: 0)
Unloading 2649 unused Assets / (0.9 MB). Loaded Objects now: 3284.
Memory consumption went from 138.2 MB to 137.3 MB.
Total: 14.429100 ms (FindLiveObjects: 0.378900 ms CreateObjectMapping: 0.393400 ms MarkObjects: 12.562300 ms  DeleteObjects: 1.093400 ms)

Prepare: number of updated asset objects reloaded= 0
========================================================================
Received Prepare
Refreshing native plugins compatible for Editor in 5.08 ms, found 2 plugins.
Preloading 0 native plugins for Editor in 0.00 ms.
Unloading 0 Unused Serialized files (Serialized files now loaded: 0)
Unloading 2649 unused Assets / (0.6 MB). Loaded Objects now: 3284.
Memory consumption went from 138.2 MB to 137.6 MB.
Total: 10.545400 ms (FindLiveObjects: 0.333200 ms CreateObjectMapping: 0.303100 ms MarkObjects: 9.099000 ms  DeleteObjects: 0.809200 ms)

Prepare: number of updated asset objects reloaded= 0
========================================================================
Received Prepare
Refreshing native plugins compatible for Editor in 5.69 ms, found 2 plugins.
Preloading 0 native plugins for Editor in 0.00 ms.
Unloading 0 Unused Serialized files (Serialized files now loaded: 0)
Unloading 2649 unused Assets / (467.3 KB). Loaded Objects now: 3284.
Memory consumption went from 138.2 MB to 137.7 MB.
Total: 38.944800 ms (FindLiveObjects: 0.359100 ms CreateObjectMapping: 0.357400 ms MarkObjects: 37.545500 ms  DeleteObjects: 0.681800 ms)

Prepare: number of updated asset objects reloaded= 0
========================================================================
Received Prepare
Refreshing native plugins compatible for Editor in 7.23 ms, found 2 plugins.
Preloading 0 native plugins for Editor in 0.00 ms.
Unloading 0 Unused Serialized files (Serialized files now loaded: 0)
Unloading 2649 unused Assets / (0.8 MB). Loaded Objects now: 3284.
Memory consumption went from 138.2 MB to 137.4 MB.
Total: 14.995300 ms (FindLiveObjects: 0.403400 ms CreateObjectMapping: 0.445900 ms MarkObjects: 13.008900 ms  DeleteObjects: 1.135800 ms)

Prepare: number of updated asset objects reloaded= 0
========================================================================
Received Prepare
Refreshing native plugins compatible for Editor in 6.82 ms, found 2 plugins.
Preloading 0 native plugins for Editor in 0.00 ms.
Unloading 0 Unused Serialized files (Serialized files now loaded: 0)
Unloading 2649 unused Assets / (480.3 KB). Loaded Objects now: 3284.
Memory consumption went from 138.2 MB to 137.7 MB.
Total: 14.702700 ms (FindLiveObjects: 0.455000 ms CreateObjectMapping: 0.471200 ms MarkObjects: 13.081200 ms  DeleteObjects: 0.693900 ms)

Prepare: number of updated asset objects reloaded= 0
========================================================================
Received Prepare
Refreshing native plugins compatible for Editor in 6.50 ms, found 2 plugins.
Preloading 0 native plugins for Editor in 0.00 ms.
Unloading 0 Unused Serialized files (Serialized files now loaded: 0)
Unloading 2649 unused Assets / (0.6 MB). Loaded Objects now: 3284.
Memory consumption went from 138.2 MB to 137.6 MB.
Total: 12.867400 ms (FindLiveObjects: 0.355500 ms CreateObjectMapping: 0.430700 ms MarkObjects: 11.028800 ms  DeleteObjects: 1.050500 ms)

Prepare: number of updated asset objects reloaded= 0
========================================================================
Received Prepare
Refreshing native plugins compatible for Editor in 9.00 ms, found 2 plugins.
Preloading 0 native plugins for Editor in 0.00 ms.
Unloading 0 Unused Serialized files (Serialized files now loaded: 0)
Unloading 2650 unused Assets / (0.6 MB). Loaded Objects now: 3285.
Memory consumption went from 138.2 MB to 137.6 MB.
Total: 17.034400 ms (FindLiveObjects: 0.596500 ms CreateObjectMapping: 0.595200 ms MarkObjects: 13.914000 ms  DeleteObjects: 1.927300 ms)

Prepare: number of updated asset objects reloaded= 0
========================================================================
Received Prepare
Refreshing native plugins compatible for Editor in 5.64 ms, found 2 plugins.
Preloading 0 native plugins for Editor in 0.00 ms.
Unloading 0 Unused Serialized files (Serialized files now loaded: 0)
Unloading 2651 unused Assets / (0.6 MB). Loaded Objects now: 3286.
Memory consumption went from 138.2 MB to 137.6 MB.
Total: 10.901200 ms (FindLiveObjects: 0.332900 ms CreateObjectMapping: 0.376100 ms MarkObjects: 9.208300 ms  DeleteObjects: 0.983000 ms)

Prepare: number of updated asset objects reloaded= 0
========================================================================
Received Import Request.
  Time since last request: 2485.901937 seconds.
  path: Assets/Scripts/Managers/FriendManager.cs
  artifactKey: Guid(337a1cfdc62ede24593c8b4c735a83b6) Importer(815301076,1909f56bfc062723c751e8b465ee728b)
Start importing Assets/Scripts/Managers/FriendManager.cs using Guid(337a1cfdc62ede24593c8b4c735a83b6) Importer(815301076,1909f56bfc062723c751e8b465ee728b) (PreviewImporter) -> (artifact id: '6dc3fd7559f93dbc06ce8e2268c43d97') in 0.834292 seconds
Number of updated asset objects reloaded before import = 0Number of asset objects unloaded after import = 0

========================================================================
Received Prepare
Refreshing native plugins compatible for Editor in 4.91 ms, found 2 plugins.
Preloading 0 native plugins for Editor in 0.00 ms.
Unloading 0 Unused Serialized files (Serialized files now loaded: 0)
Unloading 2651 unused Assets / (0.6 MB). Loaded Objects now: 3286.
Memory consumption went from 138.2 MB to 137.6 MB.
Total: 9.307200 ms (FindLiveObjects: 0.326000 ms CreateObjectMapping: 0.293900 ms MarkObjects: 7.882400 ms  DeleteObjects: 0.804000 ms)

Prepare: number of updated asset objects reloaded= 0
========================================================================
Received Prepare
Refreshing native plugins compatible for Editor in 6.25 ms, found 2 plugins.
Preloading 0 native plugins for Editor in 0.00 ms.
Unloading 0 Unused Serialized files (Serialized files now loaded: 0)
Unloading 2651 unused Assets / (0.6 MB). Loaded Objects now: 3286.
Memory consumption went from 138.2 MB to 137.5 MB.
Total: 14.157000 ms (FindLiveObjects: 0.367000 ms CreateObjectMapping: 0.365300 ms MarkObjects: 12.423600 ms  DeleteObjects: 0.999900 ms)

Prepare: number of updated asset objects reloaded= 0
========================================================================
Received Prepare
Refreshing native plugins compatible for Editor in 6.02 ms, found 2 plugins.
Preloading 0 native plugins for Editor in 0.00 ms.
Unloading 0 Unused Serialized files (Serialized files now loaded: 0)
Unloading 2651 unused Assets / (0.6 MB). Loaded Objects now: 3286.
Memory consumption went from 138.2 MB to 137.6 MB.
Total: 11.911500 ms (FindLiveObjects: 0.349000 ms CreateObjectMapping: 0.396300 ms MarkObjects: 10.308300 ms  DeleteObjects: 0.856700 ms)

Prepare: number of updated asset objects reloaded= 0
========================================================================
Received Prepare
Refreshing native plugins compatible for Editor in 7.96 ms, found 2 plugins.
Preloading 0 native plugins for Editor in 0.00 ms.
Unloading 0 Unused Serialized files (Serialized files now loaded: 0)
Unloading 2651 unused Assets / (0.6 MB). Loaded Objects now: 3286.
Memory consumption went from 138.2 MB to 137.6 MB.
Total: 16.169600 ms (FindLiveObjects: 0.434200 ms CreateObjectMapping: 0.546400 ms MarkObjects: 14.168500 ms  DeleteObjects: 1.019200 ms)

Prepare: number of updated asset objects reloaded= 0
========================================================================
Received Import Request.
  Time since last request: 75.717410 seconds.
  path: Assets/Scripts/Managers/FriendManager.cs
  artifactKey: Guid(337a1cfdc62ede24593c8b4c735a83b6) Importer(815301076,1909f56bfc062723c751e8b465ee728b)
Start importing Assets/Scripts/Managers/FriendManager.cs using Guid(337a1cfdc62ede24593c8b4c735a83b6) Importer(815301076,1909f56bfc062723c751e8b465ee728b) (PreviewImporter) -> (artifact id: '63cb14688aaa0cdb1836dc6307e35725') in 0.0187565 seconds
Number of updated asset objects reloaded before import = 0Number of asset objects unloaded after import = 0

========================================================================
Received Prepare
Refreshing native plugins compatible for Editor in 7.76 ms, found 2 plugins.
Preloading 0 native plugins for Editor in 0.00 ms.
Unloading 0 Unused Serialized files (Serialized files now loaded: 0)
Unloading 2651 unused Assets / (422.7 KB). Loaded Objects now: 3286.
Memory consumption went from 138.2 MB to 137.8 MB.
Total: 27.939800 ms (FindLiveObjects: 0.582400 ms CreateObjectMapping: 0.756500 ms MarkObjects: 25.350400 ms  DeleteObjects: 1.249100 ms)

Prepare: number of updated asset objects reloaded= 0
========================================================================
Received Prepare
Refreshing native plugins compatible for Editor in 7.55 ms, found 2 plugins.
Preloading 0 native plugins for Editor in 0.00 ms.
Unloading 0 Unused Serialized files (Serialized files now loaded: 0)
Unloading 2651 unused Assets / (0.6 MB). Loaded Objects now: 3286.
Memory consumption went from 138.2 MB to 137.6 MB.
Total: 16.632500 ms (FindLiveObjects: 0.534200 ms CreateObjectMapping: 0.523000 ms MarkObjects: 14.555000 ms  DeleteObjects: 1.019300 ms)

Prepare: number of updated asset objects reloaded= 0
========================================================================
Received Import Request.
  Time since last request: 57.812208 seconds.
  path: Assets/Scripts/Managers/FriendManager.cs
  artifactKey: Guid(337a1cfdc62ede24593c8b4c735a83b6) Importer(815301076,1909f56bfc062723c751e8b465ee728b)
Start importing Assets/Scripts/Managers/FriendManager.cs using Guid(337a1cfdc62ede24593c8b4c735a83b6) Importer(815301076,1909f56bfc062723c751e8b465ee728b) (PreviewImporter) -> (artifact id: '25f6e241359da14b00e36f52beec133d') in 0.0094537 seconds
Number of updated asset objects reloaded before import = 0Number of asset objects unloaded after import = 0

========================================================================
Received Prepare
Refreshing native plugins compatible for Editor in 6.38 ms, found 2 plugins.
Preloading 0 native plugins for Editor in 0.00 ms.
Unloading 0 Unused Serialized files (Serialized files now loaded: 0)
Unloading 2651 unused Assets / (0.5 MB). Loaded Objects now: 3286.
Memory consumption went from 138.2 MB to 137.7 MB.
Total: 15.042800 ms (FindLiveObjects: 0.368300 ms CreateObjectMapping: 0.552800 ms MarkObjects: 13.418300 ms  DeleteObjects: 0.702400 ms)

Prepare: number of updated asset objects reloaded= 0
========================================================================
Received Prepare
Refreshing native plugins compatible for Editor in 8.53 ms, found 2 plugins.
Preloading 0 native plugins for Editor in 0.00 ms.
Unloading 0 Unused Serialized files (Serialized files now loaded: 0)
Unloading 2651 unused Assets / (0.6 MB). Loaded Objects now: 3286.
Memory consumption went from 138.2 MB to 137.6 MB.
Total: 15.532200 ms (FindLiveObjects: 0.407600 ms CreateObjectMapping: 0.541000 ms MarkObjects: 13.705600 ms  DeleteObjects: 0.876800 ms)

Prepare: number of updated asset objects reloaded= 0
========================================================================
Received Import Request.
  Time since last request: 101.291866 seconds.
  path: Assets/Scripts/Managers/FriendManager.cs
  artifactKey: Guid(337a1cfdc62ede24593c8b4c735a83b6) Importer(815301076,1909f56bfc062723c751e8b465ee728b)
Start importing Assets/Scripts/Managers/FriendManager.cs using Guid(337a1cfdc62ede24593c8b4c735a83b6) Importer(815301076,1909f56bfc062723c751e8b465ee728b) (PreviewImporter) -> (artifact id: 'e7d1f6f03a4372bce76c5fa8a6bed3db') in 0.0082299 seconds
Number of updated asset objects reloaded before import = 0Number of asset objects unloaded after import = 0

========================================================================
Received Prepare
Refreshing native plugins compatible for Editor in 9.07 ms, found 2 plugins.
Preloading 0 native plugins for Editor in 0.00 ms.
Unloading 0 Unused Serialized files (Serialized files now loaded: 0)
Unloading 2651 unused Assets / (0.8 MB). Loaded Objects now: 3286.
Memory consumption went from 138.2 MB to 137.4 MB.
Total: 16.243700 ms (FindLiveObjects: 0.448400 ms CreateObjectMapping: 0.481000 ms MarkObjects: 13.843800 ms  DeleteObjects: 1.469200 ms)

Prepare: number of updated asset objects reloaded= 0
========================================================================
Received Import Request.
  Time since last request: 20.603831 seconds.
  path: Assets/Scripts/Managers/FriendManager.cs
  artifactKey: Guid(337a1cfdc62ede24593c8b4c735a83b6) Importer(815301076,1909f56bfc062723c751e8b465ee728b)
Start importing Assets/Scripts/Managers/FriendManager.cs using Guid(337a1cfdc62ede24593c8b4c735a83b6) Importer(815301076,1909f56bfc062723c751e8b465ee728b) (PreviewImporter) -> (artifact id: '0883e02e2d2879af874665882a7e34b2') in 0.0062104 seconds
Number of updated asset objects reloaded before import = 0Number of asset objects unloaded after import = 0

========================================================================
Received Prepare
Refreshing native plugins compatible for Editor in 6.70 ms, found 2 plugins.
Preloading 0 native plugins for Editor in 0.00 ms.
Unloading 0 Unused Serialized files (Serialized files now loaded: 0)
Unloading 2651 unused Assets / (0.8 MB). Loaded Objects now: 3286.
Memory consumption went from 138.2 MB to 137.4 MB.
Total: 14.927400 ms (FindLiveObjects: 0.446400 ms CreateObjectMapping: 0.515900 ms MarkObjects: 12.816600 ms  DeleteObjects: 1.147300 ms)

Prepare: number of updated asset objects reloaded= 0
========================================================================
Received Prepare
Refreshing native plugins compatible for Editor in 6.97 ms, found 2 plugins.
Preloading 0 native plugins for Editor in 0.00 ms.
Unloading 0 Unused Serialized files (Serialized files now loaded: 0)
Unloading 2651 unused Assets / (0.5 MB). Loaded Objects now: 3286.
Memory consumption went from 138.2 MB to 137.7 MB.
Total: 17.158000 ms (FindLiveObjects: 0.443100 ms CreateObjectMapping: 0.671100 ms MarkObjects: 15.020400 ms  DeleteObjects: 1.022200 ms)

Prepare: number of updated asset objects reloaded= 0
========================================================================
Received Prepare
Refreshing native plugins compatible for Editor in 10.51 ms, found 2 plugins.
Preloading 0 native plugins for Editor in 0.00 ms.
Unloading 0 Unused Serialized files (Serialized files now loaded: 0)
Unloading 2651 unused Assets / (0.6 MB). Loaded Objects now: 3286.
Memory consumption went from 138.2 MB to 137.6 MB.
Total: 19.706600 ms (FindLiveObjects: 0.464400 ms CreateObjectMapping: 0.882600 ms MarkObjects: 16.631300 ms  DeleteObjects: 1.727200 ms)

Prepare: number of updated asset objects reloaded= 0
========================================================================
Received Import Request.
  Time since last request: 62.090479 seconds.
  path: Assets/Scripts/Managers/FriendManager.cs
  artifactKey: Guid(337a1cfdc62ede24593c8b4c735a83b6) Importer(815301076,1909f56bfc062723c751e8b465ee728b)
Start importing Assets/Scripts/Managers/FriendManager.cs using Guid(337a1cfdc62ede24593c8b4c735a83b6) Importer(815301076,1909f56bfc062723c751e8b465ee728b) (PreviewImporter) -> (artifact id: '27280b7a8ea5f4b8489d3634e4f2feb0') in 0.0134398 seconds
Number of updated asset objects reloaded before import = 0Number of asset objects unloaded after import = 0

========================================================================
Received Prepare
Refreshing native plugins compatible for Editor in 7.89 ms, found 2 plugins.
Preloading 0 native plugins for Editor in 0.00 ms.
Unloading 0 Unused Serialized files (Serialized files now loaded: 0)
Unloading 2651 unused Assets / (0.7 MB). Loaded Objects now: 3286.
Memory consumption went from 138.2 MB to 137.5 MB.
Total: 20.481700 ms (FindLiveObjects: 2.017200 ms CreateObjectMapping: 0.825500 ms MarkObjects: 16.473100 ms  DeleteObjects: 1.164300 ms)

Prepare: number of updated asset objects reloaded= 0
========================================================================
Received Prepare
Refreshing native plugins compatible for Editor in 8.26 ms, found 2 plugins.
Preloading 0 native plugins for Editor in 0.00 ms.
Unloading 0 Unused Serialized files (Serialized files now loaded: 0)
Unloading 2651 unused Assets / (0.6 MB). Loaded Objects now: 3286.
Memory consumption went from 138.2 MB to 137.6 MB.
Total: 14.569800 ms (FindLiveObjects: 0.723100 ms CreateObjectMapping: 0.712700 ms MarkObjects: 12.300300 ms  DeleteObjects: 0.832800 ms)

Prepare: number of updated asset objects reloaded= 0
========================================================================
Received Prepare
Refreshing native plugins compatible for Editor in 13.67 ms, found 2 plugins.
Preloading 0 native plugins for Editor in 0.00 ms.
Unloading 0 Unused Serialized files (Serialized files now loaded: 0)
Unloading 2651 unused Assets / (0.6 MB). Loaded Objects now: 3286.
Memory consumption went from 138.2 MB to 137.6 MB.
Total: 19.422800 ms (FindLiveObjects: 0.476000 ms CreateObjectMapping: 0.553700 ms MarkObjects: 17.404800 ms  DeleteObjects: 0.986900 ms)

Prepare: number of updated asset objects reloaded= 0
========================================================================
Received Import Request.
  Time since last request: 73.230965 seconds.
  path: Assets/Scripts/Managers/FriendManager.cs
  artifactKey: Guid(337a1cfdc62ede24593c8b4c735a83b6) Importer(815301076,1909f56bfc062723c751e8b465ee728b)
Start importing Assets/Scripts/Managers/FriendManager.cs using Guid(337a1cfdc62ede24593c8b4c735a83b6) Importer(815301076,1909f56bfc062723c751e8b465ee728b) (PreviewImporter) -> (artifact id: '27280b7a8ea5f4b8489d3634e4f2feb0') in 0.0140769 seconds
Number of updated asset objects reloaded before import = 0Number of asset objects unloaded after import = 0

========================================================================
Received Prepare
Refreshing native plugins compatible for Editor in 8.70 ms, found 2 plugins.
Preloading 0 native plugins for Editor in 0.00 ms.
Unloading 0 Unused Serialized files (Serialized files now loaded: 0)
Unloading 2651 unused Assets / (0.6 MB). Loaded Objects now: 3286.
Memory consumption went from 138.2 MB to 137.6 MB.
Total: 22.300000 ms (FindLiveObjects: 0.484200 ms CreateObjectMapping: 0.477200 ms MarkObjects: 20.363000 ms  DeleteObjects: 0.974600 ms)

Prepare: number of updated asset objects reloaded= 0
========================================================================
Received Import Request.
  Time since last request: 21.976758 seconds.
  path: Assets/Scripts/Managers/FriendManager.cs
  artifactKey: Guid(337a1cfdc62ede24593c8b4c735a83b6) Importer(815301076,1909f56bfc062723c751e8b465ee728b)
Start importing Assets/Scripts/Managers/FriendManager.cs using Guid(337a1cfdc62ede24593c8b4c735a83b6) Importer(815301076,1909f56bfc062723c751e8b465ee728b) (PreviewImporter) -> (artifact id: '27280b7a8ea5f4b8489d3634e4f2feb0') in 0.0045543 seconds
Number of updated asset objects reloaded before import = 0Number of asset objects unloaded after import = 0

========================================================================
Received Prepare
Refreshing native plugins compatible for Editor in 7.26 ms, found 2 plugins.
Preloading 0 native plugins for Editor in 0.00 ms.
Unloading 0 Unused Serialized files (Serialized files now loaded: 0)
Unloading 2651 unused Assets / (0.6 MB). Loaded Objects now: 3286.
Memory consumption went from 138.2 MB to 137.6 MB.
Total: 15.488500 ms (FindLiveObjects: 0.366400 ms CreateObjectMapping: 0.378400 ms MarkObjects: 13.787100 ms  DeleteObjects: 0.955600 ms)

Prepare: number of updated asset objects reloaded= 0
========================================================================
Received Import Request.
  Time since last request: 24.246413 seconds.
  path: Assets/Scripts/Managers/FriendManager.cs
  artifactKey: Guid(337a1cfdc62ede24593c8b4c735a83b6) Importer(815301076,1909f56bfc062723c751e8b465ee728b)
Start importing Assets/Scripts/Managers/FriendManager.cs using Guid(337a1cfdc62ede24593c8b4c735a83b6) Importer(815301076,1909f56bfc062723c751e8b465ee728b) (PreviewImporter) -> (artifact id: '27280b7a8ea5f4b8489d3634e4f2feb0') in 0.0040372 seconds
Number of updated asset objects reloaded before import = 0Number of asset objects unloaded after import = 0

========================================================================
Received Prepare
Refreshing native plugins compatible for Editor in 9.74 ms, found 2 plugins.
Preloading 0 native plugins for Editor in 0.00 ms.
Unloading 0 Unused Serialized files (Serialized files now loaded: 0)
Unloading 2651 unused Assets / (0.6 MB). Loaded Objects now: 3286.
Memory consumption went from 138.2 MB to 137.6 MB.
Total: 18.982500 ms (FindLiveObjects: 1.036400 ms CreateObjectMapping: 0.710100 ms MarkObjects: 16.191400 ms  DeleteObjects: 1.043600 ms)

Prepare: number of updated asset objects reloaded= 0
========================================================================
Received Import Request.
  Time since last request: 12.128010 seconds.
  path: Assets/Scripts/Managers/FriendManager.cs
  artifactKey: Guid(337a1cfdc62ede24593c8b4c735a83b6) Importer(815301076,1909f56bfc062723c751e8b465ee728b)
Start importing Assets/Scripts/Managers/FriendManager.cs using Guid(337a1cfdc62ede24593c8b4c735a83b6) Importer(815301076,1909f56bfc062723c751e8b465ee728b) (PreviewImporter) -> (artifact id: '27280b7a8ea5f4b8489d3634e4f2feb0') in 0.0091232 seconds
Number of updated asset objects reloaded before import = 0Number of asset objects unloaded after import = 0

========================================================================
Received Prepare
Refreshing native plugins compatible for Editor in 6.45 ms, found 2 plugins.
Preloading 0 native plugins for Editor in 0.00 ms.
Unloading 0 Unused Serialized files (Serialized files now loaded: 0)
Unloading 2651 unused Assets / (0.6 MB). Loaded Objects now: 3286.
Memory consumption went from 138.2 MB to 137.6 MB.
Total: 15.586000 ms (FindLiveObjects: 0.410900 ms CreateObjectMapping: 0.390600 ms MarkObjects: 14.057000 ms  DeleteObjects: 0.726300 ms)

Prepare: number of updated asset objects reloaded= 0
========================================================================
Received Import Request.
  Time since last request: 4.321244 seconds.
  path: Assets/Scripts/Managers/FriendManager.cs
  artifactKey: Guid(337a1cfdc62ede24593c8b4c735a83b6) Importer(815301076,1909f56bfc062723c751e8b465ee728b)
Start importing Assets/Scripts/Managers/FriendManager.cs using Guid(337a1cfdc62ede24593c8b4c735a83b6) Importer(815301076,1909f56bfc062723c751e8b465ee728b) (PreviewImporter) -> (artifact id: '27280b7a8ea5f4b8489d3634e4f2feb0') in 0.0042756 seconds
Number of updated asset objects reloaded before import = 0Number of asset objects unloaded after import = 0

========================================================================
Received Prepare
Refreshing native plugins compatible for Editor in 13.30 ms, found 2 plugins.
Preloading 0 native plugins for Editor in 0.00 ms.
Unloading 0 Unused Serialized files (Serialized files now loaded: 0)
Unloading 2651 unused Assets / (478.5 KB). Loaded Objects now: 3286.
Memory consumption went from 138.2 MB to 137.7 MB.
Total: 57.512600 ms (FindLiveObjects: 0.578900 ms CreateObjectMapping: 2.394700 ms MarkObjects: 52.748000 ms  DeleteObjects: 1.789100 ms)

Prepare: number of updated asset objects reloaded= 0
========================================================================
Received Import Request.
  Time since last request: 37.346047 seconds.
  path: Assets/Scripts/Managers/FriendManager.cs
  artifactKey: Guid(337a1cfdc62ede24593c8b4c735a83b6) Importer(815301076,1909f56bfc062723c751e8b465ee728b)
Start importing Assets/Scripts/Managers/FriendManager.cs using Guid(337a1cfdc62ede24593c8b4c735a83b6) Importer(815301076,1909f56bfc062723c751e8b465ee728b) (PreviewImporter) -> (artifact id: '27280b7a8ea5f4b8489d3634e4f2feb0') in 0.0119254 seconds
Number of updated asset objects reloaded before import = 0Number of asset objects unloaded after import = 0

========================================================================
Received Prepare
Refreshing native plugins compatible for Editor in 15.81 ms, found 2 plugins.
Preloading 0 native plugins for Editor in 0.00 ms.
Unloading 0 Unused Serialized files (Serialized files now loaded: 0)
Unloading 2651 unused Assets / (65.0 KB). Loaded Objects now: 3286.
Memory consumption went from 138.2 MB to 138.1 MB.
Total: 90.937100 ms (FindLiveObjects: 2.096500 ms CreateObjectMapping: 2.009600 ms MarkObjects: 84.467300 ms  DeleteObjects: 2.362400 ms)

Prepare: number of updated asset objects reloaded= 0
========================================================================
Received Prepare
Refreshing native plugins compatible for Editor in 6.63 ms, found 2 plugins.
Preloading 0 native plugins for Editor in 0.00 ms.
Unloading 0 Unused Serialized files (Serialized files now loaded: 0)
Unloading 2651 unused Assets / (0.9 MB). Loaded Objects now: 3286.
Memory consumption went from 138.2 MB to 137.3 MB.
Total: 16.422300 ms (FindLiveObjects: 0.466700 ms CreateObjectMapping: 0.666000 ms MarkObjects: 14.148800 ms  DeleteObjects: 1.139500 ms)

Prepare: number of updated asset objects reloaded= 0
========================================================================
Received Prepare
Refreshing native plugins compatible for Editor in 7.96 ms, found 2 plugins.
Preloading 0 native plugins for Editor in 0.00 ms.
Unloading 0 Unused Serialized files (Serialized files now loaded: 0)
Unloading 2651 unused Assets / (64.9 KB). Loaded Objects now: 3286.
Memory consumption went from 138.2 MB to 138.1 MB.
Total: 16.619600 ms (FindLiveObjects: 0.343900 ms CreateObjectMapping: 0.314300 ms MarkObjects: 14.820700 ms  DeleteObjects: 1.139600 ms)

Prepare: number of updated asset objects reloaded= 0
========================================================================
Received Prepare
Refreshing native plugins compatible for Editor in 7.25 ms, found 2 plugins.
Preloading 0 native plugins for Editor in 0.00 ms.
Unloading 0 Unused Serialized files (Serialized files now loaded: 0)
Unloading 2651 unused Assets / (0.6 MB). Loaded Objects now: 3286.
Memory consumption went from 138.2 MB to 137.6 MB.
Total: 13.443500 ms (FindLiveObjects: 1.087300 ms CreateObjectMapping: 0.663800 ms MarkObjects: 10.854600 ms  DeleteObjects: 0.836700 ms)

Prepare: number of updated asset objects reloaded= 0
========================================================================
Received Prepare
Refreshing native plugins compatible for Editor in 8.35 ms, found 2 plugins.
Preloading 0 native plugins for Editor in 0.00 ms.
Unloading 0 Unused Serialized files (Serialized files now loaded: 0)
Unloading 2651 unused Assets / (0.6 MB). Loaded Objects now: 3286.
Memory consumption went from 138.2 MB to 137.6 MB.
Total: 14.920700 ms (FindLiveObjects: 0.457000 ms CreateObjectMapping: 0.560600 ms MarkObjects: 13.085800 ms  DeleteObjects: 0.816400 ms)

Prepare: number of updated asset objects reloaded= 0
========================================================================
Received Import Request.
  Time since last request: 57.510221 seconds.
  path: Assets/Scripts/Managers/FriendManager.cs
  artifactKey: Guid(337a1cfdc62ede24593c8b4c735a83b6) Importer(815301076,1909f56bfc062723c751e8b465ee728b)
Start importing Assets/Scripts/Managers/FriendManager.cs using Guid(337a1cfdc62ede24593c8b4c735a83b6) Importer(815301076,1909f56bfc062723c751e8b465ee728b) (PreviewImporter) -> (artifact id: '27280b7a8ea5f4b8489d3634e4f2feb0') in 0.0157405 seconds
Number of updated asset objects reloaded before import = 0Number of asset objects unloaded after import = 0

========================================================================
Received Prepare
Refreshing native plugins compatible for Editor in 8.08 ms, found 2 plugins.
Preloading 0 native plugins for Editor in 0.00 ms.
Unloading 0 Unused Serialized files (Serialized files now loaded: 0)
Unloading 2651 unused Assets / (1.0 MB). Loaded Objects now: 3286.
Memory consumption went from 138.2 MB to 137.2 MB.
Total: 103.733300 ms (FindLiveObjects: 0.520600 ms CreateObjectMapping: 1.017400 ms MarkObjects: 100.391900 ms  DeleteObjects: 1.802300 ms)

Prepare: number of updated asset objects reloaded= 0
========================================================================
Received Prepare
Refreshing native plugins compatible for Editor in 7.76 ms, found 2 plugins.
Preloading 0 native plugins for Editor in 0.00 ms.
Unloading 0 Unused Serialized files (Serialized files now loaded: 0)
Unloading 2651 unused Assets / (0.6 MB). Loaded Objects now: 3286.
Memory consumption went from 138.2 MB to 137.6 MB.
Total: 20.951200 ms (FindLiveObjects: 1.660900 ms CreateObjectMapping: 0.683300 ms MarkObjects: 17.526700 ms  DeleteObjects: 1.079000 ms)

Prepare: number of updated asset objects reloaded= 0
========================================================================
Received Import Request.
  Time since last request: 27.797689 seconds.
  path: Assets/Scripts/Managers/FriendManager.cs
  artifactKey: Guid(337a1cfdc62ede24593c8b4c735a83b6) Importer(815301076,1909f56bfc062723c751e8b465ee728b)
Start importing Assets/Scripts/Managers/FriendManager.cs using Guid(337a1cfdc62ede24593c8b4c735a83b6) Importer(815301076,1909f56bfc062723c751e8b465ee728b) (PreviewImporter) -> (artifact id: '27280b7a8ea5f4b8489d3634e4f2feb0') in 0.0067133 seconds
Number of updated asset objects reloaded before import = 0Number of asset objects unloaded after import = 0

========================================================================
Received Prepare
Refreshing native plugins compatible for Editor in 7.17 ms, found 2 plugins.
Preloading 0 native plugins for Editor in 0.00 ms.
Unloading 0 Unused Serialized files (Serialized files now loaded: 0)
Unloading 2651 unused Assets / (0.7 MB). Loaded Objects now: 3286.
Memory consumption went from 138.2 MB to 137.5 MB.
Total: 16.606100 ms (FindLiveObjects: 0.421600 ms CreateObjectMapping: 0.925000 ms MarkObjects: 14.095900 ms  DeleteObjects: 1.162400 ms)

Prepare: number of updated asset objects reloaded= 0
========================================================================
Received Import Request.
  Time since last request: 9.320561 seconds.
  path: Assets/Scripts/Managers/FriendManager.cs
  artifactKey: Guid(337a1cfdc62ede24593c8b4c735a83b6) Importer(815301076,1909f56bfc062723c751e8b465ee728b)
Start importing Assets/Scripts/Managers/FriendManager.cs using Guid(337a1cfdc62ede24593c8b4c735a83b6) Importer(815301076,1909f56bfc062723c751e8b465ee728b) (PreviewImporter) -> (artifact id: '27280b7a8ea5f4b8489d3634e4f2feb0') in 0.0036932 seconds
Number of updated asset objects reloaded before import = 0Number of asset objects unloaded after import = 0

========================================================================
Received Prepare
Refreshing native plugins compatible for Editor in 8.07 ms, found 2 plugins.
Preloading 0 native plugins for Editor in 0.00 ms.
Unloading 0 Unused Serialized files (Serialized files now loaded: 0)
Unloading 2651 unused Assets / (504.6 KB). Loaded Objects now: 3286.
Memory consumption went from 138.2 MB to 137.7 MB.
Total: 14.851500 ms (FindLiveObjects: 0.454300 ms CreateObjectMapping: 0.481400 ms MarkObjects: 12.857400 ms  DeleteObjects: 1.057300 ms)

Prepare: number of updated asset objects reloaded= 0
========================================================================
Received Prepare
Refreshing native plugins compatible for Editor in 5.85 ms, found 2 plugins.
Preloading 0 native plugins for Editor in 0.00 ms.
Unloading 0 Unused Serialized files (Serialized files now loaded: 0)
Unloading 2651 unused Assets / (0.6 MB). Loaded Objects now: 3286.
Memory consumption went from 138.2 MB to 137.6 MB.
Total: 15.121600 ms (FindLiveObjects: 0.383200 ms CreateObjectMapping: 0.381800 ms MarkObjects: 13.316300 ms  DeleteObjects: 1.039300 ms)

Prepare: number of updated asset objects reloaded= 0
========================================================================
Received Prepare
Refreshing native plugins compatible for Editor in 6.28 ms, found 2 plugins.
Preloading 0 native plugins for Editor in 0.00 ms.
Unloading 0 Unused Serialized files (Serialized files now loaded: 0)
Unloading 2651 unused Assets / (0.6 MB). Loaded Objects now: 3286.
Memory consumption went from 138.2 MB to 137.6 MB.
Total: 14.779600 ms (FindLiveObjects: 0.503200 ms CreateObjectMapping: 0.532100 ms MarkObjects: 12.901300 ms  DeleteObjects: 0.842100 ms)

Prepare: number of updated asset objects reloaded= 0
========================================================================
Received Prepare
Refreshing native plugins compatible for Editor in 7.27 ms, found 2 plugins.
Preloading 0 native plugins for Editor in 0.00 ms.
Unloading 0 Unused Serialized files (Serialized files now loaded: 0)
Unloading 2651 unused Assets / (0.6 MB). Loaded Objects now: 3286.
Memory consumption went from 138.2 MB to 137.6 MB.
Total: 15.364700 ms (FindLiveObjects: 0.537000 ms CreateObjectMapping: 0.558200 ms MarkObjects: 13.282400 ms  DeleteObjects: 0.985600 ms)

Prepare: number of updated asset objects reloaded= 0
========================================================================
Received Import Request.
  Time since last request: 99.941666 seconds.
  path: Assets/Scripts/Managers/FriendManager.cs
  artifactKey: Guid(337a1cfdc62ede24593c8b4c735a83b6) Importer(815301076,1909f56bfc062723c751e8b465ee728b)
Start importing Assets/Scripts/Managers/FriendManager.cs using Guid(337a1cfdc62ede24593c8b4c735a83b6) Importer(815301076,1909f56bfc062723c751e8b465ee728b) (PreviewImporter) -> (artifact id: '27280b7a8ea5f4b8489d3634e4f2feb0') in 0.0127989 seconds
Number of updated asset objects reloaded before import = 0Number of asset objects unloaded after import = 0

========================================================================
Received Prepare
Refreshing native plugins compatible for Editor in 10.34 ms, found 2 plugins.
Preloading 0 native plugins for Editor in 0.00 ms.
Unloading 0 Unused Serialized files (Serialized files now loaded: 0)
Unloading 2651 unused Assets / (0.6 MB). Loaded Objects now: 3286.
Memory consumption went from 138.2 MB to 137.6 MB.
Total: 20.337400 ms (FindLiveObjects: 0.475500 ms CreateObjectMapping: 0.690500 ms MarkObjects: 18.043000 ms  DeleteObjects: 1.127200 ms)

Prepare: number of updated asset objects reloaded= 0
========================================================================
Received Import Request.
  Time since last request: 10.389498 seconds.
  path: Assets/Scripts/Managers/FriendManager.cs
  artifactKey: Guid(337a1cfdc62ede24593c8b4c735a83b6) Importer(815301076,1909f56bfc062723c751e8b465ee728b)
Start importing Assets/Scripts/Managers/FriendManager.cs using Guid(337a1cfdc62ede24593c8b4c735a83b6) Importer(815301076,1909f56bfc062723c751e8b465ee728b) (PreviewImporter) -> (artifact id: '27280b7a8ea5f4b8489d3634e4f2feb0') in 0.0047772 seconds
Number of updated asset objects reloaded before import = 0Number of asset objects unloaded after import = 0

========================================================================
Received Prepare
Refreshing native plugins compatible for Editor in 5.78 ms, found 2 plugins.
Preloading 0 native plugins for Editor in 0.00 ms.
Unloading 0 Unused Serialized files (Serialized files now loaded: 0)
Unloading 2651 unused Assets / (0.6 MB). Loaded Objects now: 3286.
Memory consumption went from 138.2 MB to 137.6 MB.
Total: 13.474200 ms (FindLiveObjects: 0.396300 ms CreateObjectMapping: 0.381800 ms MarkObjects: 12.027000 ms  DeleteObjects: 0.668000 ms)

Prepare: number of updated asset objects reloaded= 0
========================================================================
Received Prepare
Refreshing native plugins compatible for Editor in 7.12 ms, found 2 plugins.
Preloading 0 native plugins for Editor in 0.00 ms.
Unloading 0 Unused Serialized files (Serialized files now loaded: 0)
Unloading 2651 unused Assets / (0.6 MB). Loaded Objects now: 3286.
Memory consumption went from 138.2 MB to 137.6 MB.
Total: 10.409700 ms (FindLiveObjects: 0.352200 ms CreateObjectMapping: 0.320100 ms MarkObjects: 9.020900 ms  DeleteObjects: 0.715400 ms)

Prepare: number of updated asset objects reloaded= 0
========================================================================
Received Prepare
Refreshing native plugins compatible for Editor in 12.39 ms, found 2 plugins.
Preloading 0 native plugins for Editor in 0.00 ms.
Unloading 0 Unused Serialized files (Serialized files now loaded: 0)
Unloading 2651 unused Assets / (0.6 MB). Loaded Objects now: 3286.
Memory consumption went from 138.2 MB to 137.6 MB.
Total: 12.992600 ms (FindLiveObjects: 0.578200 ms CreateObjectMapping: 0.501400 ms MarkObjects: 11.248900 ms  DeleteObjects: 0.663200 ms)

Prepare: number of updated asset objects reloaded= 0
========================================================================
Received Prepare
Refreshing native plugins compatible for Editor in 5.16 ms, found 2 plugins.
Preloading 0 native plugins for Editor in 0.00 ms.
Unloading 0 Unused Serialized files (Serialized files now loaded: 0)
Unloading 2651 unused Assets / (0.6 MB). Loaded Objects now: 3286.
Memory consumption went from 138.2 MB to 137.6 MB.
Total: 24.525300 ms (FindLiveObjects: 0.334700 ms CreateObjectMapping: 0.312400 ms MarkObjects: 21.167400 ms  DeleteObjects: 2.709300 ms)

Prepare: number of updated asset objects reloaded= 0
========================================================================
Received Prepare
Refreshing native plugins compatible for Editor in 7.57 ms, found 2 plugins.
Preloading 0 native plugins for Editor in 0.00 ms.
Unloading 0 Unused Serialized files (Serialized files now loaded: 0)
Unloading 2651 unused Assets / (0.6 MB). Loaded Objects now: 3286.
Memory consumption went from 138.2 MB to 137.6 MB.
Total: 12.417800 ms (FindLiveObjects: 0.595500 ms CreateObjectMapping: 0.518800 ms MarkObjects: 10.470600 ms  DeleteObjects: 0.832000 ms)

Prepare: number of updated asset objects reloaded= 0
========================================================================
Received Prepare
Refreshing native plugins compatible for Editor in 8.18 ms, found 2 plugins.
Preloading 0 native plugins for Editor in 0.00 ms.
Unloading 0 Unused Serialized files (Serialized files now loaded: 0)
Unloading 2651 unused Assets / (0.6 MB). Loaded Objects now: 3286.
Memory consumption went from 138.2 MB to 137.6 MB.
Total: 15.876800 ms (FindLiveObjects: 0.434400 ms CreateObjectMapping: 0.573700 ms MarkObjects: 13.595400 ms  DeleteObjects: 1.272100 ms)

Prepare: number of updated asset objects reloaded= 0
========================================================================
Received Import Request.
  Time since last request: 97.119767 seconds.
  path: Assets/Scripts/Managers/FriendManager.cs
  artifactKey: Guid(337a1cfdc62ede24593c8b4c735a83b6) Importer(815301076,1909f56bfc062723c751e8b465ee728b)
Start importing Assets/Scripts/Managers/FriendManager.cs using Guid(337a1cfdc62ede24593c8b4c735a83b6) Importer(815301076,1909f56bfc062723c751e8b465ee728b) (PreviewImporter) -> (artifact id: '27280b7a8ea5f4b8489d3634e4f2feb0') in 0.0201222 seconds
Number of updated asset objects reloaded before import = 0Number of asset objects unloaded after import = 0

========================================================================
Received Prepare
Refreshing native plugins compatible for Editor in 7.88 ms, found 2 plugins.
Preloading 0 native plugins for Editor in 0.00 ms.
Unloading 0 Unused Serialized files (Serialized files now loaded: 0)
Unloading 2651 unused Assets / (0.7 MB). Loaded Objects now: 3286.
Memory consumption went from 138.2 MB to 137.5 MB.
Total: 16.412700 ms (FindLiveObjects: 0.451000 ms CreateObjectMapping: 0.534900 ms MarkObjects: 14.013300 ms  DeleteObjects: 1.412400 ms)

Prepare: number of updated asset objects reloaded= 0
========================================================================
Received Import Request.
  Time since last request: 0.841871 seconds.
  path: Assets/Scripts/Managers/FriendManager.cs
  artifactKey: Guid(337a1cfdc62ede24593c8b4c735a83b6) Importer(815301076,1909f56bfc062723c751e8b465ee728b)
Start importing Assets/Scripts/Managers/FriendManager.cs using Guid(337a1cfdc62ede24593c8b4c735a83b6) Importer(815301076,1909f56bfc062723c751e8b465ee728b) (PreviewImporter) -> (artifact id: '27280b7a8ea5f4b8489d3634e4f2feb0') in 0.0043521 seconds
Number of updated asset objects reloaded before import = 0Number of asset objects unloaded after import = 0

========================================================================
Received Prepare
Refreshing native plugins compatible for Editor in 6.91 ms, found 2 plugins.
Preloading 0 native plugins for Editor in 0.00 ms.
Unloading 0 Unused Serialized files (Serialized files now loaded: 0)
Unloading 2651 unused Assets / (493.7 KB). Loaded Objects now: 3286.
Memory consumption went from 138.2 MB to 137.7 MB.
Total: 10.612600 ms (FindLiveObjects: 0.398100 ms CreateObjectMapping: 0.850600 ms MarkObjects: 8.709800 ms  DeleteObjects: 0.653100 ms)

Prepare: number of updated asset objects reloaded= 0
========================================================================
Received Prepare
Refreshing native plugins compatible for Editor in 7.14 ms, found 2 plugins.
Preloading 0 native plugins for Editor in 0.00 ms.
Unloading 0 Unused Serialized files (Serialized files now loaded: 0)
Unloading 2651 unused Assets / (0.6 MB). Loaded Objects now: 3286.
Memory consumption went from 138.2 MB to 137.6 MB.
Total: 13.892400 ms (FindLiveObjects: 0.402200 ms CreateObjectMapping: 0.525900 ms MarkObjects: 12.248500 ms  DeleteObjects: 0.715100 ms)

Prepare: number of updated asset objects reloaded= 0
========================================================================
Received Prepare
Refreshing native plugins compatible for Editor in 5.56 ms, found 2 plugins.
Preloading 0 native plugins for Editor in 0.00 ms.
Unloading 0 Unused Serialized files (Serialized files now loaded: 0)
Unloading 2651 unused Assets / (0.5 MB). Loaded Objects now: 3286.
Memory consumption went from 138.2 MB to 137.7 MB.
Total: 10.715600 ms (FindLiveObjects: 0.344400 ms CreateObjectMapping: 0.384100 ms MarkObjects: 9.250700 ms  DeleteObjects: 0.735400 ms)

Prepare: number of updated asset objects reloaded= 0
========================================================================
Received Prepare
Refreshing native plugins compatible for Editor in 7.14 ms, found 2 plugins.
Preloading 0 native plugins for Editor in 0.00 ms.
Unloading 0 Unused Serialized files (Serialized files now loaded: 0)
Unloading 2651 unused Assets / (0.7 MB). Loaded Objects now: 3286.
Memory consumption went from 138.2 MB to 137.5 MB.
Total: 13.637300 ms (FindLiveObjects: 0.449900 ms CreateObjectMapping: 0.457300 ms MarkObjects: 11.487200 ms  DeleteObjects: 1.241800 ms)

Prepare: number of updated asset objects reloaded= 0
========================================================================
Received Prepare
Refreshing native plugins compatible for Editor in 8.08 ms, found 2 plugins.
Preloading 0 native plugins for Editor in 0.00 ms.
Unloading 0 Unused Serialized files (Serialized files now loaded: 0)
Unloading 2651 unused Assets / (442.4 KB). Loaded Objects now: 3286.
Memory consumption went from 138.2 MB to 137.8 MB.
Total: 14.965800 ms (FindLiveObjects: 0.530000 ms CreateObjectMapping: 0.623400 ms MarkObjects: 12.799200 ms  DeleteObjects: 1.011700 ms)

Prepare: number of updated asset objects reloaded= 0
========================================================================
Received Prepare
Refreshing native plugins compatible for Editor in 6.96 ms, found 2 plugins.
Preloading 0 native plugins for Editor in 0.00 ms.
Unloading 0 Unused Serialized files (Serialized files now loaded: 0)
Unloading 2651 unused Assets / (0.7 MB). Loaded Objects now: 3286.
Memory consumption went from 138.2 MB to 137.5 MB.
Total: 15.312300 ms (FindLiveObjects: 0.928800 ms CreateObjectMapping: 0.791700 ms MarkObjects: 12.491600 ms  DeleteObjects: 1.098400 ms)

Prepare: number of updated asset objects reloaded= 0
========================================================================
Received Prepare
Refreshing native plugins compatible for Editor in 7.12 ms, found 2 plugins.
Preloading 0 native plugins for Editor in 0.00 ms.
Unloading 0 Unused Serialized files (Serialized files now loaded: 0)
Unloading 2651 unused Assets / (0.6 MB). Loaded Objects now: 3286.
Memory consumption went from 138.2 MB to 137.6 MB.
Total: 12.045900 ms (FindLiveObjects: 0.345500 ms CreateObjectMapping: 0.308800 ms MarkObjects: 10.557900 ms  DeleteObjects: 0.832700 ms)

Prepare: number of updated asset objects reloaded= 0
========================================================================
Received Prepare
Refreshing native plugins compatible for Editor in 6.84 ms, found 2 plugins.
Preloading 0 native plugins for Editor in 0.00 ms.
Unloading 0 Unused Serialized files (Serialized files now loaded: 0)
Unloading 2651 unused Assets / (0.5 MB). Loaded Objects now: 3286.
Memory consumption went from 138.2 MB to 137.7 MB.
Total: 17.485300 ms (FindLiveObjects: 0.429800 ms CreateObjectMapping: 0.492300 ms MarkObjects: 15.509100 ms  DeleteObjects: 1.052700 ms)

Prepare: number of updated asset objects reloaded= 0
========================================================================
Received Import Request.
  Time since last request: 246.083906 seconds.
  path: Assets/Scripts/Managers/FriendManager.cs
  artifactKey: Guid(337a1cfdc62ede24593c8b4c735a83b6) Importer(815301076,1909f56bfc062723c751e8b465ee728b)
Start importing Assets/Scripts/Managers/FriendManager.cs using Guid(337a1cfdc62ede24593c8b4c735a83b6) Importer(815301076,1909f56bfc062723c751e8b465ee728b) (PreviewImporter) -> (artifact id: '27280b7a8ea5f4b8489d3634e4f2feb0') in 0.0257306 seconds
Number of updated asset objects reloaded before import = 0Number of asset objects unloaded after import = 0

========================================================================
Received Prepare
Refreshing native plugins compatible for Editor in 8.18 ms, found 2 plugins.
Preloading 0 native plugins for Editor in 0.00 ms.
Unloading 0 Unused Serialized files (Serialized files now loaded: 0)
Unloading 2651 unused Assets / (0.6 MB). Loaded Objects now: 3286.
Memory consumption went from 138.2 MB to 137.6 MB.
Total: 14.832600 ms (FindLiveObjects: 1.049500 ms CreateObjectMapping: 0.676300 ms MarkObjects: 12.009700 ms  DeleteObjects: 1.095700 ms)

Prepare: number of updated asset objects reloaded= 0
========================================================================
Received Import Request.
  Time since last request: 6.232218 seconds.
  path: Assets/Scripts/Managers/FriendManager.cs
  artifactKey: Guid(337a1cfdc62ede24593c8b4c735a83b6) Importer(815301076,1909f56bfc062723c751e8b465ee728b)
Start importing Assets/Scripts/Managers/FriendManager.cs using Guid(337a1cfdc62ede24593c8b4c735a83b6) Importer(815301076,1909f56bfc062723c751e8b465ee728b) (PreviewImporter) -> (artifact id: '27280b7a8ea5f4b8489d3634e4f2feb0') in 0.007084 seconds
Number of updated asset objects reloaded before import = 0Number of asset objects unloaded after import = 0

========================================================================
Received Prepare
Refreshing native plugins compatible for Editor in 7.03 ms, found 2 plugins.
Preloading 0 native plugins for Editor in 0.00 ms.
Unloading 0 Unused Serialized files (Serialized files now loaded: 0)
Unloading 2651 unused Assets / (0.6 MB). Loaded Objects now: 3286.
Memory consumption went from 138.2 MB to 137.6 MB.
Total: 17.795900 ms (FindLiveObjects: 0.621300 ms CreateObjectMapping: 0.621400 ms MarkObjects: 15.389700 ms  DeleteObjects: 1.162500 ms)

Prepare: number of updated asset objects reloaded= 0
========================================================================
Received Prepare
Refreshing native plugins compatible for Editor in 9.72 ms, found 2 plugins.
Preloading 0 native plugins for Editor in 0.00 ms.
Unloading 0 Unused Serialized files (Serialized files now loaded: 0)
Unloading 2651 unused Assets / (334.5 KB). Loaded Objects now: 3286.
Memory consumption went from 138.2 MB to 137.9 MB.
Total: 16.835100 ms (FindLiveObjects: 0.449800 ms CreateObjectMapping: 0.556000 ms MarkObjects: 14.047400 ms  DeleteObjects: 1.780900 ms)

Prepare: number of updated asset objects reloaded= 0
========================================================================
Received Import Request.
  Time since last request: 42.072407 seconds.
  path: Assets/Scripts/Managers/FriendManager.cs
  artifactKey: Guid(337a1cfdc62ede24593c8b4c735a83b6) Importer(815301076,1909f56bfc062723c751e8b465ee728b)
Start importing Assets/Scripts/Managers/FriendManager.cs using Guid(337a1cfdc62ede24593c8b4c735a83b6) Importer(815301076,1909f56bfc062723c751e8b465ee728b) (PreviewImporter) -> (artifact id: '27280b7a8ea5f4b8489d3634e4f2feb0') in 0.0079518 seconds
Number of updated asset objects reloaded before import = 0Number of asset objects unloaded after import = 0

========================================================================
Received Prepare
Refreshing native plugins compatible for Editor in 27.83 ms, found 2 plugins.
Preloading 0 native plugins for Editor in 0.00 ms.
Unloading 0 Unused Serialized files (Serialized files now loaded: 0)
Unloading 2651 unused Assets / (0.6 MB). Loaded Objects now: 3286.
Memory consumption went from 138.2 MB to 137.6 MB.
Total: 34.347400 ms (FindLiveObjects: 3.197900 ms CreateObjectMapping: 6.951600 ms MarkObjects: 23.121900 ms  DeleteObjects: 1.074500 ms)

Prepare: number of updated asset objects reloaded= 0
========================================================================
Received Prepare
Refreshing native plugins compatible for Editor in 7.59 ms, found 2 plugins.
Preloading 0 native plugins for Editor in 0.00 ms.
Unloading 0 Unused Serialized files (Serialized files now loaded: 0)
Unloading 2651 unused Assets / (0.6 MB). Loaded Objects now: 3286.
Memory consumption went from 138.2 MB to 137.6 MB.
Total: 13.077200 ms (FindLiveObjects: 0.402200 ms CreateObjectMapping: 0.406000 ms MarkObjects: 11.244100 ms  DeleteObjects: 1.024000 ms)

Prepare: number of updated asset objects reloaded= 0
========================================================================
Received Prepare
Refreshing native plugins compatible for Editor in 8.61 ms, found 2 plugins.
Preloading 0 native plugins for Editor in 0.00 ms.
Unloading 0 Unused Serialized files (Serialized files now loaded: 0)
Unloading 2651 unused Assets / (0.6 MB). Loaded Objects now: 3286.
Memory consumption went from 138.2 MB to 137.6 MB.
Total: 16.525100 ms (FindLiveObjects: 0.619200 ms CreateObjectMapping: 0.867400 ms MarkObjects: 14.124500 ms  DeleteObjects: 0.912800 ms)

Prepare: number of updated asset objects reloaded= 0
========================================================================
Received Import Request.
  Time since last request: 91.907986 seconds.
  path: Assets/Scripts/Managers/FriendManager.cs
  artifactKey: Guid(337a1cfdc62ede24593c8b4c735a83b6) Importer(815301076,1909f56bfc062723c751e8b465ee728b)
Start importing Assets/Scripts/Managers/FriendManager.cs using Guid(337a1cfdc62ede24593c8b4c735a83b6) Importer(815301076,1909f56bfc062723c751e8b465ee728b) (PreviewImporter) -> (artifact id: '27280b7a8ea5f4b8489d3634e4f2feb0') in 0.0119796 seconds
Number of updated asset objects reloaded before import = 0Number of asset objects unloaded after import = 0

========================================================================
Received Prepare
Refreshing native plugins compatible for Editor in 9.13 ms, found 2 plugins.
Preloading 0 native plugins for Editor in 0.00 ms.
Unloading 0 Unused Serialized files (Serialized files now loaded: 0)
Unloading 2651 unused Assets / (0.6 MB). Loaded Objects now: 3286.
Memory consumption went from 138.2 MB to 137.6 MB.
Total: 16.956900 ms (FindLiveObjects: 0.463400 ms CreateObjectMapping: 0.713700 ms MarkObjects: 14.551400 ms  DeleteObjects: 1.227400 ms)

Prepare: number of updated asset objects reloaded= 0
========================================================================
Received Import Request.
  Time since last request: 5.182075 seconds.
  path: Assets/Scripts/Managers/FriendManager.cs
  artifactKey: Guid(337a1cfdc62ede24593c8b4c735a83b6) Importer(815301076,1909f56bfc062723c751e8b465ee728b)
Start importing Assets/Scripts/Managers/FriendManager.cs using Guid(337a1cfdc62ede24593c8b4c735a83b6) Importer(815301076,1909f56bfc062723c751e8b465ee728b) (PreviewImporter) -> (artifact id: '27280b7a8ea5f4b8489d3634e4f2feb0') in 0.0046398 seconds
Number of updated asset objects reloaded before import = 0Number of asset objects unloaded after import = 0

========================================================================
Received Prepare
Refreshing native plugins compatible for Editor in 7.82 ms, found 2 plugins.
Preloading 0 native plugins for Editor in 0.00 ms.
Unloading 0 Unused Serialized files (Serialized files now loaded: 0)
Unloading 2651 unused Assets / (0.5 MB). Loaded Objects now: 3286.
Memory consumption went from 138.2 MB to 137.7 MB.
Total: 15.923200 ms (FindLiveObjects: 0.419500 ms CreateObjectMapping: 0.569500 ms MarkObjects: 13.860000 ms  DeleteObjects: 1.073100 ms)

Prepare: number of updated asset objects reloaded= 0
========================================================================
Received Import Request.
  Time since last request: 16.926728 seconds.
  path: Assets/Scripts/Managers/FriendManager.cs
  artifactKey: Guid(337a1cfdc62ede24593c8b4c735a83b6) Importer(815301076,1909f56bfc062723c751e8b465ee728b)
Start importing Assets/Scripts/Managers/FriendManager.cs using Guid(337a1cfdc62ede24593c8b4c735a83b6) Importer(815301076,1909f56bfc062723c751e8b465ee728b) (PreviewImporter) -> (artifact id: '27280b7a8ea5f4b8489d3634e4f2feb0') in 0.0044894 seconds
Number of updated asset objects reloaded before import = 0Number of asset objects unloaded after import = 0

========================================================================
Received Prepare
Refreshing native plugins compatible for Editor in 8.67 ms, found 2 plugins.
Preloading 0 native plugins for Editor in 0.00 ms.
Unloading 0 Unused Serialized files (Serialized files now loaded: 0)
Unloading 2651 unused Assets / (0.6 MB). Loaded Objects now: 3286.
Memory consumption went from 138.2 MB to 137.7 MB.
Total: 16.893200 ms (FindLiveObjects: 0.390500 ms CreateObjectMapping: 0.700400 ms MarkObjects: 14.828600 ms  DeleteObjects: 0.972700 ms)

Prepare: number of updated asset objects reloaded= 0
========================================================================
Received Import Request.
  Time since last request: 30.135883 seconds.
  path: Assets/Scripts/Managers/FriendManager.cs
  artifactKey: Guid(337a1cfdc62ede24593c8b4c735a83b6) Importer(815301076,1909f56bfc062723c751e8b465ee728b)
Start importing Assets/Scripts/Managers/FriendManager.cs using Guid(337a1cfdc62ede24593c8b4c735a83b6) Importer(815301076,1909f56bfc062723c751e8b465ee728b) (PreviewImporter) -> (artifact id: '27280b7a8ea5f4b8489d3634e4f2feb0') in 0.0050836 seconds
Number of updated asset objects reloaded before import = 0Number of asset objects unloaded after import = 0

========================================================================
Received Prepare
Refreshing native plugins compatible for Editor in 9.45 ms, found 2 plugins.
Preloading 0 native plugins for Editor in 0.00 ms.
Unloading 0 Unused Serialized files (Serialized files now loaded: 0)
Unloading 2651 unused Assets / (267.0 KB). Loaded Objects now: 3286.
Memory consumption went from 138.2 MB to 138.0 MB.
Total: 47.890100 ms (FindLiveObjects: 0.426900 ms CreateObjectMapping: 0.567300 ms MarkObjects: 43.815700 ms  DeleteObjects: 3.078700 ms)

Prepare: number of updated asset objects reloaded= 0
========================================================================
Received Import Request.
  Time since last request: 6.567732 seconds.
  path: Assets/Scripts/Managers/FriendManager.cs
  artifactKey: Guid(337a1cfdc62ede24593c8b4c735a83b6) Importer(815301076,1909f56bfc062723c751e8b465ee728b)
Start importing Assets/Scripts/Managers/FriendManager.cs using Guid(337a1cfdc62ede24593c8b4c735a83b6) Importer(815301076,1909f56bfc062723c751e8b465ee728b) (PreviewImporter) -> (artifact id: '27280b7a8ea5f4b8489d3634e4f2feb0') in 0.0202916 seconds
Number of updated asset objects reloaded before import = 0Number of asset objects unloaded after import = 0

========================================================================
Received Prepare
Refreshing native plugins compatible for Editor in 8.00 ms, found 2 plugins.
Preloading 0 native plugins for Editor in 0.00 ms.
Unloading 0 Unused Serialized files (Serialized files now loaded: 0)
Unloading 2651 unused Assets / (0.6 MB). Loaded Objects now: 3286.
Memory consumption went from 138.2 MB to 137.6 MB.
Total: 14.860100 ms (FindLiveObjects: 0.446000 ms CreateObjectMapping: 0.526000 ms MarkObjects: 12.759900 ms  DeleteObjects: 1.127000 ms)

Prepare: number of updated asset objects reloaded= 0
========================================================================
Received Prepare
Refreshing native plugins compatible for Editor in 10.71 ms, found 2 plugins.
Preloading 0 native plugins for Editor in 0.00 ms.
Unloading 0 Unused Serialized files (Serialized files now loaded: 0)
Unloading 2651 unused Assets / (0.6 MB). Loaded Objects now: 3286.
Memory consumption went from 138.2 MB to 137.7 MB.
Total: 57.164600 ms (FindLiveObjects: 1.583400 ms CreateObjectMapping: 8.227100 ms MarkObjects: 45.359600 ms  DeleteObjects: 1.993100 ms)

Prepare: number of updated asset objects reloaded= 0
========================================================================
Received Import Request.
  Time since last request: 62.671586 seconds.
  path: Assets/Scripts/Managers/FriendManager.cs
  artifactKey: Guid(337a1cfdc62ede24593c8b4c735a83b6) Importer(815301076,1909f56bfc062723c751e8b465ee728b)
Start importing Assets/Scripts/Managers/FriendManager.cs using Guid(337a1cfdc62ede24593c8b4c735a83b6) Importer(815301076,1909f56bfc062723c751e8b465ee728b) (PreviewImporter) -> (artifact id: '27280b7a8ea5f4b8489d3634e4f2feb0') in 0.0131398 seconds
Number of updated asset objects reloaded before import = 0Number of asset objects unloaded after import = 0

========================================================================
Received Prepare
Refreshing native plugins compatible for Editor in 7.75 ms, found 2 plugins.
Preloading 0 native plugins for Editor in 0.00 ms.
Unloading 0 Unused Serialized files (Serialized files now loaded: 0)
Unloading 2651 unused Assets / (423.3 KB). Loaded Objects now: 3286.
Memory consumption went from 138.2 MB to 137.8 MB.
Total: 13.392100 ms (FindLiveObjects: 0.387100 ms CreateObjectMapping: 0.450600 ms MarkObjects: 10.662000 ms  DeleteObjects: 1.891500 ms)

Prepare: number of updated asset objects reloaded= 0
========================================================================
Received Prepare
Refreshing native plugins compatible for Editor in 7.03 ms, found 2 plugins.
Preloading 0 native plugins for Editor in 0.00 ms.
Unloading 0 Unused Serialized files (Serialized files now loaded: 0)
Unloading 2651 unused Assets / (0.9 MB). Loaded Objects now: 3286.
Memory consumption went from 138.2 MB to 137.4 MB.
Total: 14.893800 ms (FindLiveObjects: 0.513500 ms CreateObjectMapping: 0.537800 ms MarkObjects: 12.597800 ms  DeleteObjects: 1.243600 ms)

Prepare: number of updated asset objects reloaded= 0
========================================================================
Received Prepare
Refreshing native plugins compatible for Editor in 6.24 ms, found 2 plugins.
Preloading 0 native plugins for Editor in 0.00 ms.
Unloading 0 Unused Serialized files (Serialized files now loaded: 0)
Unloading 2651 unused Assets / (71.7 KB). Loaded Objects now: 3286.
Memory consumption went from 138.2 MB to 138.2 MB.
Total: 36.863200 ms (FindLiveObjects: 0.418800 ms CreateObjectMapping: 0.414700 ms MarkObjects: 33.414200 ms  DeleteObjects: 2.614400 ms)

Prepare: number of updated asset objects reloaded= 0
========================================================================
Received Prepare
Refreshing native plugins compatible for Editor in 7.71 ms, found 2 plugins.
Preloading 0 native plugins for Editor in 0.00 ms.
Unloading 0 Unused Serialized files (Serialized files now loaded: 0)
Unloading 2651 unused Assets / (464.6 KB). Loaded Objects now: 3286.
Memory consumption went from 138.2 MB to 137.8 MB.
Total: 13.616000 ms (FindLiveObjects: 0.431300 ms CreateObjectMapping: 0.552700 ms MarkObjects: 11.974700 ms  DeleteObjects: 0.656300 ms)

Prepare: number of updated asset objects reloaded= 0
========================================================================
Received Import Request.
  Time since last request: 40.845176 seconds.
  path: Assets/Scripts/Managers/FriendManager.cs
  artifactKey: Guid(337a1cfdc62ede24593c8b4c735a83b6) Importer(815301076,1909f56bfc062723c751e8b465ee728b)
Start importing Assets/Scripts/Managers/FriendManager.cs using Guid(337a1cfdc62ede24593c8b4c735a83b6) Importer(815301076,1909f56bfc062723c751e8b465ee728b) (PreviewImporter) -> (artifact id: '27280b7a8ea5f4b8489d3634e4f2feb0') in 0.012572 seconds
Number of updated asset objects reloaded before import = 0Number of asset objects unloaded after import = 0

========================================================================
Received Prepare
Refreshing native plugins compatible for Editor in 7.93 ms, found 2 plugins.
Preloading 0 native plugins for Editor in 0.00 ms.
Unloading 0 Unused Serialized files (Serialized files now loaded: 0)
Unloading 2651 unused Assets / (0.6 MB). Loaded Objects now: 3286.
Memory consumption went from 138.2 MB to 137.6 MB.
Total: 16.226200 ms (FindLiveObjects: 0.426100 ms CreateObjectMapping: 0.542300 ms MarkObjects: 14.317100 ms  DeleteObjects: 0.939800 ms)

Prepare: number of updated asset objects reloaded= 0
========================================================================
Received Prepare
Refreshing native plugins compatible for Editor in 9.51 ms, found 2 plugins.
Preloading 0 native plugins for Editor in 0.00 ms.
Unloading 0 Unused Serialized files (Serialized files now loaded: 0)
Unloading 2651 unused Assets / (0.6 MB). Loaded Objects now: 3286.
Memory consumption went from 138.2 MB to 137.6 MB.
Total: 15.538400 ms (FindLiveObjects: 0.462800 ms CreateObjectMapping: 0.424000 ms MarkObjects: 13.613500 ms  DeleteObjects: 1.037000 ms)

Prepare: number of updated asset objects reloaded= 0
========================================================================
Received Prepare
Refreshing native plugins compatible for Editor in 9.87 ms, found 2 plugins.
Preloading 0 native plugins for Editor in 0.00 ms.
Unloading 0 Unused Serialized files (Serialized files now loaded: 0)
Unloading 2651 unused Assets / (482.1 KB). Loaded Objects now: 3286.
Memory consumption went from 138.2 MB to 137.8 MB.
Total: 15.807300 ms (FindLiveObjects: 0.748100 ms CreateObjectMapping: 0.553100 ms MarkObjects: 13.443300 ms  DeleteObjects: 1.061400 ms)

Prepare: number of updated asset objects reloaded= 0
========================================================================
Received Import Request.
  Time since last request: 55.729729 seconds.
  path: Assets/Scripts/Managers/FriendManager.cs
  artifactKey: Guid(337a1cfdc62ede24593c8b4c735a83b6) Importer(815301076,1909f56bfc062723c751e8b465ee728b)
Start importing Assets/Scripts/Managers/FriendManager.cs using Guid(337a1cfdc62ede24593c8b4c735a83b6) Importer(815301076,1909f56bfc062723c751e8b465ee728b) (PreviewImporter) -> (artifact id: '27280b7a8ea5f4b8489d3634e4f2feb0') in 0.0086484 seconds
Number of updated asset objects reloaded before import = 0Number of asset objects unloaded after import = 0

========================================================================
Received Prepare
Refreshing native plugins compatible for Editor in 7.98 ms, found 2 plugins.
Preloading 0 native plugins for Editor in 0.00 ms.
Unloading 0 Unused Serialized files (Serialized files now loaded: 0)
Unloading 2651 unused Assets / (456.6 KB). Loaded Objects now: 3286.
Memory consumption went from 138.2 MB to 137.8 MB.
Total: 15.324700 ms (FindLiveObjects: 0.381400 ms CreateObjectMapping: 0.601800 ms MarkObjects: 13.654100 ms  DeleteObjects: 0.686300 ms)

Prepare: number of updated asset objects reloaded= 0
========================================================================
Received Prepare
Refreshing native plugins compatible for Editor in 9.81 ms, found 2 plugins.
Preloading 0 native plugins for Editor in 0.00 ms.
Unloading 0 Unused Serialized files (Serialized files now loaded: 0)
Unloading 2651 unused Assets / (1.1 MB). Loaded Objects now: 3286.
Memory consumption went from 138.2 MB to 137.2 MB.
Total: 19.610900 ms (FindLiveObjects: 0.531900 ms CreateObjectMapping: 0.541700 ms MarkObjects: 16.898300 ms  DeleteObjects: 1.637900 ms)

Prepare: number of updated asset objects reloaded= 0
========================================================================
Received Import Request.
  Time since last request: 34.878300 seconds.
  path: Assets/Scripts/Managers/FriendManager.cs
  artifactKey: Guid(337a1cfdc62ede24593c8b4c735a83b6) Importer(815301076,1909f56bfc062723c751e8b465ee728b)
Start importing Assets/Scripts/Managers/FriendManager.cs using Guid(337a1cfdc62ede24593c8b4c735a83b6) Importer(815301076,1909f56bfc062723c751e8b465ee728b) (PreviewImporter) -> (artifact id: '27280b7a8ea5f4b8489d3634e4f2feb0') in 0.0095965 seconds
Number of updated asset objects reloaded before import = 0Number of asset objects unloaded after import = 0

========================================================================
Received Prepare
Refreshing native plugins compatible for Editor in 7.14 ms, found 2 plugins.
Preloading 0 native plugins for Editor in 0.00 ms.
Unloading 0 Unused Serialized files (Serialized files now loaded: 0)
Unloading 2651 unused Assets / (0.6 MB). Loaded Objects now: 3286.
Memory consumption went from 138.2 MB to 137.6 MB.
Total: 14.033500 ms (FindLiveObjects: 0.450200 ms CreateObjectMapping: 0.404900 ms MarkObjects: 12.165000 ms  DeleteObjects: 1.012200 ms)

Prepare: number of updated asset objects reloaded= 0
========================================================================
Received Prepare
Refreshing native plugins compatible for Editor in 7.05 ms, found 2 plugins.
Preloading 0 native plugins for Editor in 0.00 ms.
Unloading 0 Unused Serialized files (Serialized files now loaded: 0)
Unloading 2651 unused Assets / (0.7 MB). Loaded Objects now: 3286.
Memory consumption went from 138.2 MB to 137.6 MB.
Total: 15.891400 ms (FindLiveObjects: 0.400600 ms CreateObjectMapping: 0.381300 ms MarkObjects: 13.961100 ms  DeleteObjects: 1.147100 ms)

Prepare: number of updated asset objects reloaded= 0
========================================================================
Received Import Request.
  Time since last request: 14.791022 seconds.
  path: Assets/Scripts/Managers/FriendManager.cs
  artifactKey: Guid(337a1cfdc62ede24593c8b4c735a83b6) Importer(815301076,1909f56bfc062723c751e8b465ee728b)
Start importing Assets/Scripts/Managers/FriendManager.cs using Guid(337a1cfdc62ede24593c8b4c735a83b6) Importer(815301076,1909f56bfc062723c751e8b465ee728b) (PreviewImporter) -> (artifact id: '27280b7a8ea5f4b8489d3634e4f2feb0') in 0.0080798 seconds
Number of updated asset objects reloaded before import = 0Number of asset objects unloaded after import = 0

========================================================================
Received Prepare
Refreshing native plugins compatible for Editor in 7.17 ms, found 2 plugins.
Preloading 0 native plugins for Editor in 0.00 ms.
Unloading 0 Unused Serialized files (Serialized files now loaded: 0)
Unloading 2651 unused Assets / (0.6 MB). Loaded Objects now: 3286.
Memory consumption went from 138.2 MB to 137.6 MB.
Total: 13.148600 ms (FindLiveObjects: 0.350600 ms CreateObjectMapping: 0.352400 ms MarkObjects: 11.473500 ms  DeleteObjects: 0.971000 ms)

Prepare: number of updated asset objects reloaded= 0
========================================================================
Received Import Request.
  Time since last request: 14.633533 seconds.
  path: Assets/Scripts/Managers/FriendManager.cs
  artifactKey: Guid(337a1cfdc62ede24593c8b4c735a83b6) Importer(815301076,1909f56bfc062723c751e8b465ee728b)
Start importing Assets/Scripts/Managers/FriendManager.cs using Guid(337a1cfdc62ede24593c8b4c735a83b6) Importer(815301076,1909f56bfc062723c751e8b465ee728b) (PreviewImporter) -> (artifact id: '27280b7a8ea5f4b8489d3634e4f2feb0') in 0.0042784 seconds
Number of updated asset objects reloaded before import = 0Number of asset objects unloaded after import = 0

========================================================================
Received Prepare
Refreshing native plugins compatible for Editor in 6.66 ms, found 2 plugins.
Preloading 0 native plugins for Editor in 0.00 ms.
Unloading 0 Unused Serialized files (Serialized files now loaded: 0)
Unloading 2651 unused Assets / (0.6 MB). Loaded Objects now: 3286.
Memory consumption went from 138.2 MB to 137.6 MB.
Total: 13.769300 ms (FindLiveObjects: 0.445500 ms CreateObjectMapping: 0.610100 ms MarkObjects: 11.342000 ms  DeleteObjects: 1.370700 ms)

Prepare: number of updated asset objects reloaded= 0
========================================================================
Received Prepare
Refreshing native plugins compatible for Editor in 6.64 ms, found 2 plugins.
Preloading 0 native plugins for Editor in 0.00 ms.
Unloading 0 Unused Serialized files (Serialized files now loaded: 0)
Unloading 2651 unused Assets / (0.6 MB). Loaded Objects now: 3286.
Memory consumption went from 138.2 MB to 137.6 MB.
Total: 12.460100 ms (FindLiveObjects: 0.424800 ms CreateObjectMapping: 0.369900 ms MarkObjects: 10.381500 ms  DeleteObjects: 1.283000 ms)

Prepare: number of updated asset objects reloaded= 0
========================================================================
Received Prepare
Refreshing native plugins compatible for Editor in 7.16 ms, found 2 plugins.
Preloading 0 native plugins for Editor in 0.00 ms.
Unloading 0 Unused Serialized files (Serialized files now loaded: 0)
Unloading 2651 unused Assets / (0.6 MB). Loaded Objects now: 3286.
Memory consumption went from 138.2 MB to 137.6 MB.
Total: 16.551800 ms (FindLiveObjects: 0.371300 ms CreateObjectMapping: 0.365000 ms MarkObjects: 14.777500 ms  DeleteObjects: 1.036900 ms)

Prepare: number of updated asset objects reloaded= 0
========================================================================
Received Import Request.
  Time since last request: 43.320398 seconds.
  path: Assets/Scripts/Managers/FriendManager.cs
  artifactKey: Guid(337a1cfdc62ede24593c8b4c735a83b6) Importer(815301076,1909f56bfc062723c751e8b465ee728b)
Start importing Assets/Scripts/Managers/FriendManager.cs using Guid(337a1cfdc62ede24593c8b4c735a83b6) Importer(815301076,1909f56bfc062723c751e8b465ee728b) (PreviewImporter) -> (artifact id: '27280b7a8ea5f4b8489d3634e4f2feb0') in 0.0102115 seconds
Number of updated asset objects reloaded before import = 0Number of asset objects unloaded after import = 0

========================================================================
Received Prepare
Refreshing native plugins compatible for Editor in 5.70 ms, found 2 plugins.
Preloading 0 native plugins for Editor in 0.00 ms.
Unloading 0 Unused Serialized files (Serialized files now loaded: 0)
Unloading 2651 unused Assets / (0.6 MB). Loaded Objects now: 3286.
Memory consumption went from 138.2 MB to 137.6 MB.
Total: 13.104100 ms (FindLiveObjects: 0.361000 ms CreateObjectMapping: 0.336300 ms MarkObjects: 11.733500 ms  DeleteObjects: 0.672400 ms)

Prepare: number of updated asset objects reloaded= 0
========================================================================
Received Prepare
Refreshing native plugins compatible for Editor in 10.06 ms, found 2 plugins.
Preloading 0 native plugins for Editor in 0.00 ms.
Unloading 0 Unused Serialized files (Serialized files now loaded: 0)
Unloading 2651 unused Assets / (0.6 MB). Loaded Objects now: 3286.
Memory consumption went from 138.2 MB to 137.6 MB.
Total: 15.817500 ms (FindLiveObjects: 0.510500 ms CreateObjectMapping: 0.571100 ms MarkObjects: 13.622900 ms  DeleteObjects: 1.111500 ms)

Prepare: number of updated asset objects reloaded= 0
========================================================================
Received Import Request.
  Time since last request: 63.632530 seconds.
  path: Assets/Scripts/Managers/FriendManager.cs
  artifactKey: Guid(337a1cfdc62ede24593c8b4c735a83b6) Importer(815301076,1909f56bfc062723c751e8b465ee728b)
Start importing Assets/Scripts/Managers/FriendManager.cs using Guid(337a1cfdc62ede24593c8b4c735a83b6) Importer(815301076,1909f56bfc062723c751e8b465ee728b) (PreviewImporter) -> (artifact id: '27280b7a8ea5f4b8489d3634e4f2feb0') in 0.0053513 seconds
Number of updated asset objects reloaded before import = 0Number of asset objects unloaded after import = 0

========================================================================
Received Prepare
Refreshing native plugins compatible for Editor in 6.05 ms, found 2 plugins.
Preloading 0 native plugins for Editor in 0.00 ms.
Unloading 0 Unused Serialized files (Serialized files now loaded: 0)
Unloading 2651 unused Assets / (0.9 MB). Loaded Objects now: 3286.
Memory consumption went from 138.2 MB to 137.4 MB.
Total: 15.063700 ms (FindLiveObjects: 0.357800 ms CreateObjectMapping: 0.568800 ms MarkObjects: 12.967800 ms  DeleteObjects: 1.168300 ms)

Prepare: number of updated asset objects reloaded= 0
========================================================================
Received Prepare
Refreshing native plugins compatible for Editor in 9.44 ms, found 2 plugins.
Preloading 0 native plugins for Editor in 0.00 ms.
Unloading 0 Unused Serialized files (Serialized files now loaded: 0)
Unloading 2651 unused Assets / (0.6 MB). Loaded Objects now: 3286.
Memory consumption went from 138.2 MB to 137.6 MB.
Total: 21.315500 ms (FindLiveObjects: 0.556500 ms CreateObjectMapping: 0.539500 ms MarkObjects: 19.149900 ms  DeleteObjects: 1.068100 ms)

Prepare: number of updated asset objects reloaded= 0
========================================================================
Received Import Request.
  Time since last request: 16.839602 seconds.
  path: Assets/Scripts/Managers/FriendManager.cs
  artifactKey: Guid(337a1cfdc62ede24593c8b4c735a83b6) Importer(815301076,1909f56bfc062723c751e8b465ee728b)
Start importing Assets/Scripts/Managers/FriendManager.cs using Guid(337a1cfdc62ede24593c8b4c735a83b6) Importer(815301076,1909f56bfc062723c751e8b465ee728b) (PreviewImporter) -> (artifact id: '27280b7a8ea5f4b8489d3634e4f2feb0') in 0.0084373 seconds
Number of updated asset objects reloaded before import = 0Number of asset objects unloaded after import = 0

========================================================================
Received Prepare
Refreshing native plugins compatible for Editor in 9.12 ms, found 2 plugins.
Preloading 0 native plugins for Editor in 0.00 ms.
Unloading 0 Unused Serialized files (Serialized files now loaded: 0)
Unloading 2651 unused Assets / (481.4 KB). Loaded Objects now: 3286.
Memory consumption went from 138.2 MB to 137.8 MB.
Total: 15.567700 ms (FindLiveObjects: 0.361500 ms CreateObjectMapping: 0.566500 ms MarkObjects: 13.504800 ms  DeleteObjects: 1.134000 ms)

Prepare: number of updated asset objects reloaded= 0
========================================================================
Received Import Request.
  Time since last request: 4.652831 seconds.
  path: Assets/Scripts/Managers/FriendManager.cs
  artifactKey: Guid(337a1cfdc62ede24593c8b4c735a83b6) Importer(815301076,1909f56bfc062723c751e8b465ee728b)
Start importing Assets/Scripts/Managers/FriendManager.cs using Guid(337a1cfdc62ede24593c8b4c735a83b6) Importer(815301076,1909f56bfc062723c751e8b465ee728b) (PreviewImporter) -> (artifact id: '27280b7a8ea5f4b8489d3634e4f2feb0') in 0.004059 seconds
Number of updated asset objects reloaded before import = 0Number of asset objects unloaded after import = 0

========================================================================
Received Prepare
Refreshing native plugins compatible for Editor in 8.29 ms, found 2 plugins.
Preloading 0 native plugins for Editor in 0.00 ms.
Unloading 0 Unused Serialized files (Serialized files now loaded: 0)
Unloading 2651 unused Assets / (0.6 MB). Loaded Objects now: 3286.
Memory consumption went from 138.2 MB to 137.6 MB.
Total: 14.952200 ms (FindLiveObjects: 0.516900 ms CreateObjectMapping: 0.549200 ms MarkObjects: 12.880200 ms  DeleteObjects: 1.004900 ms)

Prepare: number of updated asset objects reloaded= 0
========================================================================
Received Prepare
Refreshing native plugins compatible for Editor in 6.68 ms, found 2 plugins.
Preloading 0 native plugins for Editor in 0.00 ms.
Unloading 0 Unused Serialized files (Serialized files now loaded: 0)
Unloading 2651 unused Assets / (505.4 KB). Loaded Objects now: 3286.
Memory consumption went from 138.2 MB to 137.7 MB.
Total: 11.754900 ms (FindLiveObjects: 0.354900 ms CreateObjectMapping: 0.463500 ms MarkObjects: 10.209600 ms  DeleteObjects: 0.726000 ms)

Prepare: number of updated asset objects reloaded= 0
========================================================================
Received Prepare
Refreshing native plugins compatible for Editor in 23.19 ms, found 2 plugins.
Preloading 0 native plugins for Editor in 0.00 ms.
Unloading 0 Unused Serialized files (Serialized files now loaded: 0)
Unloading 2651 unused Assets / (417.0 KB). Loaded Objects now: 3286.
Memory consumption went from 138.2 MB to 137.8 MB.
Total: 20.545400 ms (FindLiveObjects: 0.415800 ms CreateObjectMapping: 0.606500 ms MarkObjects: 18.501000 ms  DeleteObjects: 1.021100 ms)

Prepare: number of updated asset objects reloaded= 0
========================================================================
Received Prepare
Refreshing native plugins compatible for Editor in 7.00 ms, found 2 plugins.
Preloading 0 native plugins for Editor in 0.00 ms.
Unloading 0 Unused Serialized files (Serialized files now loaded: 0)
Unloading 2651 unused Assets / (0.6 MB). Loaded Objects now: 3286.
Memory consumption went from 138.2 MB to 137.7 MB.
Total: 11.895100 ms (FindLiveObjects: 0.764900 ms CreateObjectMapping: 0.390800 ms MarkObjects: 10.042700 ms  DeleteObjects: 0.695700 ms)

Prepare: number of updated asset objects reloaded= 0
========================================================================
Received Prepare
Refreshing native plugins compatible for Editor in 7.28 ms, found 2 plugins.
Preloading 0 native plugins for Editor in 0.00 ms.
Unloading 0 Unused Serialized files (Serialized files now loaded: 0)
Unloading 2651 unused Assets / (476.0 KB). Loaded Objects now: 3286.
Memory consumption went from 138.2 MB to 137.8 MB.
Total: 13.417900 ms (FindLiveObjects: 0.553700 ms CreateObjectMapping: 1.447500 ms MarkObjects: 10.677600 ms  DeleteObjects: 0.738200 ms)

Prepare: number of updated asset objects reloaded= 0
========================================================================
Received Prepare
Refreshing native plugins compatible for Editor in 7.28 ms, found 2 plugins.
Preloading 0 native plugins for Editor in 0.00 ms.
Unloading 0 Unused Serialized files (Serialized files now loaded: 0)
Unloading 2651 unused Assets / (0.6 MB). Loaded Objects now: 3286.
Memory consumption went from 138.2 MB to 137.6 MB.
Total: 11.757600 ms (FindLiveObjects: 0.709300 ms CreateObjectMapping: 0.835400 ms MarkObjects: 9.552600 ms  DeleteObjects: 0.659300 ms)

Prepare: number of updated asset objects reloaded= 0
========================================================================
Received Prepare
Refreshing native plugins compatible for Editor in 6.35 ms, found 2 plugins.
Preloading 0 native plugins for Editor in 0.00 ms.
Unloading 0 Unused Serialized files (Serialized files now loaded: 0)
Unloading 2651 unused Assets / (484.8 KB). Loaded Objects now: 3286.
Memory consumption went from 138.2 MB to 137.8 MB.
Total: 13.670700 ms (FindLiveObjects: 0.585200 ms CreateObjectMapping: 0.753300 ms MarkObjects: 10.734200 ms  DeleteObjects: 1.596500 ms)

Prepare: number of updated asset objects reloaded= 0
========================================================================
Received Prepare
Refreshing native plugins compatible for Editor in 7.28 ms, found 2 plugins.
Preloading 0 native plugins for Editor in 0.00 ms.
Unloading 0 Unused Serialized files (Serialized files now loaded: 0)
Unloading 2651 unused Assets / (0.8 MB). Loaded Objects now: 3286.
Memory consumption went from 138.2 MB to 137.4 MB.
Total: 15.497100 ms (FindLiveObjects: 0.524800 ms CreateObjectMapping: 0.606700 ms MarkObjects: 13.273000 ms  DeleteObjects: 1.091300 ms)

Prepare: number of updated asset objects reloaded= 0
========================================================================
Received Import Request.
  Time since last request: 106.149625 seconds.
  path: Assets/Scripts/Managers/FriendManager.cs
  artifactKey: Guid(337a1cfdc62ede24593c8b4c735a83b6) Importer(815301076,1909f56bfc062723c751e8b465ee728b)
Start importing Assets/Scripts/Managers/FriendManager.cs using Guid(337a1cfdc62ede24593c8b4c735a83b6) Importer(815301076,1909f56bfc062723c751e8b465ee728b) (PreviewImporter) -> (artifact id: '27280b7a8ea5f4b8489d3634e4f2feb0') in 0.0282629 seconds
Number of updated asset objects reloaded before import = 0Number of asset objects unloaded after import = 0

========================================================================
Received Prepare
Refreshing native plugins compatible for Editor in 7.33 ms, found 2 plugins.
Preloading 0 native plugins for Editor in 0.00 ms.
Unloading 0 Unused Serialized files (Serialized files now loaded: 0)
Unloading 2651 unused Assets / (382.7 KB). Loaded Objects now: 3286.
Memory consumption went from 138.2 MB to 137.9 MB.
Total: 15.684800 ms (FindLiveObjects: 0.452900 ms CreateObjectMapping: 0.571800 ms MarkObjects: 13.320800 ms  DeleteObjects: 1.338100 ms)

Prepare: number of updated asset objects reloaded= 0
========================================================================
Received Import Request.
  Time since last request: 15.290645 seconds.
  path: Assets/Scripts/Managers/FriendManager.cs
  artifactKey: Guid(337a1cfdc62ede24593c8b4c735a83b6) Importer(815301076,1909f56bfc062723c751e8b465ee728b)
Start importing Assets/Scripts/Managers/FriendManager.cs using Guid(337a1cfdc62ede24593c8b4c735a83b6) Importer(815301076,1909f56bfc062723c751e8b465ee728b) (PreviewImporter) -> (artifact id: '27280b7a8ea5f4b8489d3634e4f2feb0') in 0.00898 seconds
Number of updated asset objects reloaded before import = 0Number of asset objects unloaded after import = 0

========================================================================
Received Prepare
Refreshing native plugins compatible for Editor in 8.50 ms, found 2 plugins.
Preloading 0 native plugins for Editor in 0.00 ms.
Unloading 0 Unused Serialized files (Serialized files now loaded: 0)
Unloading 2651 unused Assets / (0.6 MB). Loaded Objects now: 3286.
Memory consumption went from 138.2 MB to 137.7 MB.
Total: 37.360200 ms (FindLiveObjects: 0.761400 ms CreateObjectMapping: 0.568300 ms MarkObjects: 34.782500 ms  DeleteObjects: 1.246300 ms)

Prepare: number of updated asset objects reloaded= 0
========================================================================
Received Import Request.
  Time since last request: 8.605187 seconds.
  path: Assets/Scripts/Managers/FriendManager.cs
  artifactKey: Guid(337a1cfdc62ede24593c8b4c735a83b6) Importer(815301076,1909f56bfc062723c751e8b465ee728b)
Start importing Assets/Scripts/Managers/FriendManager.cs using Guid(337a1cfdc62ede24593c8b4c735a83b6) Importer(815301076,1909f56bfc062723c751e8b465ee728b) (PreviewImporter) -> (artifact id: '27280b7a8ea5f4b8489d3634e4f2feb0') in 0.0040889 seconds
Number of updated asset objects reloaded before import = 0Number of asset objects unloaded after import = 0

========================================================================
Received Prepare
Begin MonoManager ReloadAssembly
Duplicate assembly 'log4net.dll' with different versions detected, using 'Assets/References/log4net.dll, AssemblyName=log4net, Version=2.0.8.0, Culture=neutral, PublicKeyToken=null' and ignoring 'Packages/com.unity.collab-proxy/Lib/Editor/PlasticSCM/log4netPlastic.dll, AssemblyName=log4net, Version=1.2.15.0, Culture=neutral, PublicKeyToken=669e0ddf0bb1aa2a'.Duplicate assembly 'Newtonsoft.Json.dll' with different versions detected, using 'Packages/com.unity.nuget.newtonsoft-json/Runtime/Newtonsoft.Json.dll, AssemblyName=Newtonsoft.Json, Version=13.0.0.0, Culture=neutral, PublicKeyToken=30ad4fe6b2a6aeed' and ignoring 'Assets/JsonDotNet/Assemblies/Standalone/Newtonsoft.Json.dll, AssemblyName=Newtonsoft.Json, Version=8.0.0.0, Culture=neutral, PublicKeyToken=null'.Symbol file LoadedFromMemory is not a mono symbol file
Symbol file LoadedFromMemory is not a mono symbol file
Symbol file LoadedFromMemory is not a mono symbol file
- Loaded All Assemblies, in  2.371 seconds
Refreshing native plugins compatible for Editor in 4.75 ms, found 2 plugins.
Native extension for iOS target not found
Native extension for Android target not found
Native extension for WindowsStandalone target not found
Mono: successfully reloaded assembly
- Finished resetting the current domain, in  1.008 seconds
Domain Reload Profiling: 3377ms
	BeginReloadAssembly (254ms)
		ExecutionOrderSort (0ms)
		DisableScriptedObjects (6ms)
		BackupInstance (0ms)
		ReleaseScriptingObjects (0ms)
		CreateAndSetChildDomain (75ms)
	RebuildCommonClasses (41ms)
	RebuildNativeTypeToScriptingClass (16ms)
	initialDomainReloadingComplete (31ms)
	LoadAllAssembliesAndSetupDomain (2026ms)
		LoadAssemblies (2027ms)
		RebuildTransferFunctionScriptingTraits (0ms)
		AnalyzeDomain (124ms)
			TypeCache.Refresh (11ms)
				TypeCache.ScanAssembly (1ms)
			BuildScriptInfoCaches (107ms)
			ResolveRequiredComponents (4ms)
	FinalizeReload (1008ms)
		ReleaseScriptCaches (0ms)
		RebuildScriptCaches (0ms)
		SetupLoadedEditorAssemblies (795ms)
			LogAssemblyErrors (0ms)
			InitializePlatformSupportModulesInManaged (27ms)
			SetLoadedEditorAssemblies (7ms)
			BeforeProcessingInitializeOnLoad (60ms)
			ProcessInitializeOnLoadAttributes (489ms)
			ProcessInitializeOnLoadMethodAttributes (204ms)
			AfterProcessingInitializeOnLoad (9ms)
			EditorAssembliesLoaded (0ms)
		ExecutionOrderSort2 (0ms)
		AwakeInstancesAfterBackupRestoration (14ms)
Refreshing native plugins compatible for Editor in 6.31 ms, found 2 plugins.
Preloading 0 native plugins for Editor in 0.00 ms.
Unloading 0 Unused Serialized files (Serialized files now loaded: 0)
Unloading 2684 unused Assets / (472.0 KB). Loaded Objects now: 3286.
Memory consumption went from 140.2 MB to 139.7 MB.
Total: 14.718100 ms (FindLiveObjects: 0.426500 ms CreateObjectMapping: 0.476400 ms MarkObjects: 13.132500 ms  DeleteObjects: 0.681200 ms)

Prepare: number of updated asset objects reloaded= 0
========================================================================
Received Prepare
Refreshing native plugins compatible for Editor in 5.07 ms, found 2 plugins.
Preloading 0 native plugins for Editor in 0.00 ms.
Unloading 0 Unused Serialized files (Serialized files now loaded: 0)
Unloading 2651 unused Assets / (0.5 MB). Loaded Objects now: 3286.
Memory consumption went from 140.2 MB to 139.6 MB.
Total: 9.219800 ms (FindLiveObjects: 0.332700 ms CreateObjectMapping: 0.293100 ms MarkObjects: 7.952100 ms  DeleteObjects: 0.640900 ms)

Prepare: number of updated asset objects reloaded= 0
========================================================================
Received Prepare
Refreshing native plugins compatible for Editor in 6.93 ms, found 2 plugins.
Preloading 0 native plugins for Editor in 0.00 ms.
Unloading 0 Unused Serialized files (Serialized files now loaded: 0)
Unloading 2651 unused Assets / (0.7 MB). Loaded Objects now: 3286.
Memory consumption went from 140.2 MB to 139.5 MB.
Total: 10.138400 ms (FindLiveObjects: 0.367900 ms CreateObjectMapping: 0.377800 ms MarkObjects: 8.574900 ms  DeleteObjects: 0.816800 ms)

Prepare: number of updated asset objects reloaded= 0
========================================================================
Received Prepare
Begin MonoManager ReloadAssembly
Duplicate assembly 'log4net.dll' with different versions detected, using 'Assets/References/log4net.dll, AssemblyName=log4net, Version=2.0.8.0, Culture=neutral, PublicKeyToken=null' and ignoring 'Packages/com.unity.collab-proxy/Lib/Editor/PlasticSCM/log4netPlastic.dll, AssemblyName=log4net, Version=1.2.15.0, Culture=neutral, PublicKeyToken=669e0ddf0bb1aa2a'.Duplicate assembly 'Newtonsoft.Json.dll' with different versions detected, using 'Packages/com.unity.nuget.newtonsoft-json/Runtime/Newtonsoft.Json.dll, AssemblyName=Newtonsoft.Json, Version=13.0.0.0, Culture=neutral, PublicKeyToken=30ad4fe6b2a6aeed' and ignoring 'Assets/JsonDotNet/Assemblies/Standalone/Newtonsoft.Json.dll, AssemblyName=Newtonsoft.Json, Version=8.0.0.0, Culture=neutral, PublicKeyToken=null'.Symbol file LoadedFromMemory is not a mono symbol file
Symbol file LoadedFromMemory is not a mono symbol file
Symbol file LoadedFromMemory is not a mono symbol file
- Loaded All Assemblies, in  0.793 seconds
Refreshing native plugins compatible for Editor in 4.84 ms, found 2 plugins.
Native extension for iOS target not found
Native extension for Android target not found
Native extension for WindowsStandalone target not found
Mono: successfully reloaded assembly
- Finished resetting the current domain, in  1.001 seconds
Domain Reload Profiling: 1789ms
	BeginReloadAssembly (260ms)
		ExecutionOrderSort (0ms)
		DisableScriptedObjects (8ms)
		BackupInstance (0ms)
		ReleaseScriptingObjects (0ms)
		CreateAndSetChildDomain (58ms)
	RebuildCommonClasses (42ms)
	RebuildNativeTypeToScriptingClass (26ms)
	initialDomainReloadingComplete (36ms)
	LoadAllAssembliesAndSetupDomain (424ms)
		LoadAssemblies (438ms)
		RebuildTransferFunctionScriptingTraits (0ms)
		AnalyzeDomain (133ms)
			TypeCache.Refresh (9ms)
				TypeCache.ScanAssembly (1ms)
			BuildScriptInfoCaches (117ms)
			ResolveRequiredComponents (4ms)
	FinalizeReload (1002ms)
		ReleaseScriptCaches (0ms)
		RebuildScriptCaches (0ms)
		SetupLoadedEditorAssemblies (772ms)
			LogAssemblyErrors (0ms)
			InitializePlatformSupportModulesInManaged (24ms)
			SetLoadedEditorAssemblies (5ms)
			BeforeProcessingInitializeOnLoad (57ms)
			ProcessInitializeOnLoadAttributes (481ms)
			ProcessInitializeOnLoadMethodAttributes (198ms)
			AfterProcessingInitializeOnLoad (6ms)
			EditorAssembliesLoaded (0ms)
		ExecutionOrderSort2 (0ms)
		AwakeInstancesAfterBackupRestoration (14ms)
Refreshing native plugins compatible for Editor in 5.85 ms, found 2 plugins.
Preloading 0 native plugins for Editor in 0.00 ms.
Unloading 0 Unused Serialized files (Serialized files now loaded: 0)
Unloading 2684 unused Assets / (0.7 MB). Loaded Objects now: 3286.
Memory consumption went from 142.1 MB to 141.4 MB.
Total: 10.782200 ms (FindLiveObjects: 0.381500 ms CreateObjectMapping: 0.356700 ms MarkObjects: 8.885000 ms  DeleteObjects: 1.157400 ms)

Prepare: number of updated asset objects reloaded= 0
========================================================================
Received Prepare
Refreshing native plugins compatible for Editor in 6.45 ms, found 2 plugins.
Preloading 0 native plugins for Editor in 0.00 ms.
Unloading 0 Unused Serialized files (Serialized files now loaded: 0)
Unloading 2651 unused Assets / (0.6 MB). Loaded Objects now: 3286.
Memory consumption went from 142.1 MB to 141.4 MB.
Total: 11.198200 ms (FindLiveObjects: 0.495100 ms CreateObjectMapping: 0.545400 ms MarkObjects: 9.444000 ms  DeleteObjects: 0.712700 ms)

Prepare: number of updated asset objects reloaded= 0
========================================================================
Received Prepare
Begin MonoManager ReloadAssembly
Duplicate assembly 'log4net.dll' with different versions detected, using 'Assets/References/log4net.dll, AssemblyName=log4net, Version=2.0.8.0, Culture=neutral, PublicKeyToken=null' and ignoring 'Packages/com.unity.collab-proxy/Lib/Editor/PlasticSCM/log4netPlastic.dll, AssemblyName=log4net, Version=1.2.15.0, Culture=neutral, PublicKeyToken=669e0ddf0bb1aa2a'.Duplicate assembly 'Newtonsoft.Json.dll' with different versions detected, using 'Packages/com.unity.nuget.newtonsoft-json/Runtime/Newtonsoft.Json.dll, AssemblyName=Newtonsoft.Json, Version=13.0.0.0, Culture=neutral, PublicKeyToken=30ad4fe6b2a6aeed' and ignoring 'Assets/JsonDotNet/Assemblies/Standalone/Newtonsoft.Json.dll, AssemblyName=Newtonsoft.Json, Version=8.0.0.0, Culture=neutral, PublicKeyToken=null'.Symbol file LoadedFromMemory is not a mono symbol file
Symbol file LoadedFromMemory is not a mono symbol file
Symbol file LoadedFromMemory is not a mono symbol file
- Loaded All Assemblies, in  0.784 seconds
Refreshing native plugins compatible for Editor in 5.01 ms, found 2 plugins.
Native extension for iOS target not found
Native extension for Android target not found
Native extension for WindowsStandalone target not found
Mono: successfully reloaded assembly
- Finished resetting the current domain, in  1.337 seconds
Domain Reload Profiling: 2118ms
	BeginReloadAssembly (258ms)
		ExecutionOrderSort (0ms)
		DisableScriptedObjects (7ms)
		BackupInstance (0ms)
		ReleaseScriptingObjects (0ms)
		CreateAndSetChildDomain (58ms)
	RebuildCommonClasses (44ms)
	RebuildNativeTypeToScriptingClass (20ms)
	initialDomainReloadingComplete (40ms)
	LoadAllAssembliesAndSetupDomain (419ms)
		LoadAssemblies (440ms)
		RebuildTransferFunctionScriptingTraits (0ms)
		AnalyzeDomain (124ms)
			TypeCache.Refresh (11ms)
				TypeCache.ScanAssembly (1ms)
			BuildScriptInfoCaches (106ms)
			ResolveRequiredComponents (4ms)
	FinalizeReload (1338ms)
		ReleaseScriptCaches (0ms)
		RebuildScriptCaches (0ms)
		SetupLoadedEditorAssemblies (1069ms)
			LogAssemblyErrors (0ms)
			InitializePlatformSupportModulesInManaged (24ms)
			SetLoadedEditorAssemblies (8ms)
			BeforeProcessingInitializeOnLoad (66ms)
			ProcessInitializeOnLoadAttributes (694ms)
			ProcessInitializeOnLoadMethodAttributes (263ms)
			AfterProcessingInitializeOnLoad (15ms)
			EditorAssembliesLoaded (0ms)
		ExecutionOrderSort2 (0ms)
		AwakeInstancesAfterBackupRestoration (20ms)
Refreshing native plugins compatible for Editor in 17.04 ms, found 2 plugins.
Preloading 0 native plugins for Editor in 0.00 ms.
Unloading 0 Unused Serialized files (Serialized files now loaded: 0)
Unloading 2684 unused Assets / (489.5 KB). Loaded Objects now: 3286.
Memory consumption went from 144.0 MB to 143.5 MB.
Total: 18.274400 ms (FindLiveObjects: 0.426100 ms CreateObjectMapping: 0.667100 ms MarkObjects: 16.165300 ms  DeleteObjects: 1.014200 ms)

Prepare: number of updated asset objects reloaded= 0
========================================================================
Received Prepare
Refreshing native plugins compatible for Editor in 6.69 ms, found 2 plugins.
Preloading 0 native plugins for Editor in 0.00 ms.
Unloading 0 Unused Serialized files (Serialized files now loaded: 0)
Unloading 2651 unused Assets / (0.6 MB). Loaded Objects now: 3286.
Memory consumption went from 144.0 MB to 143.4 MB.
Total: 13.528400 ms (FindLiveObjects: 0.907300 ms CreateObjectMapping: 1.974600 ms MarkObjects: 9.985800 ms  DeleteObjects: 0.659400 ms)

Prepare: number of updated asset objects reloaded= 0
========================================================================
Received Prepare
Begin MonoManager ReloadAssembly
Duplicate assembly 'log4net.dll' with different versions detected, using 'Assets/References/log4net.dll, AssemblyName=log4net, Version=2.0.8.0, Culture=neutral, PublicKeyToken=null' and ignoring 'Packages/com.unity.collab-proxy/Lib/Editor/PlasticSCM/log4netPlastic.dll, AssemblyName=log4net, Version=1.2.15.0, Culture=neutral, PublicKeyToken=669e0ddf0bb1aa2a'.Duplicate assembly 'Newtonsoft.Json.dll' with different versions detected, using 'Packages/com.unity.nuget.newtonsoft-json/Runtime/Newtonsoft.Json.dll, AssemblyName=Newtonsoft.Json, Version=13.0.0.0, Culture=neutral, PublicKeyToken=30ad4fe6b2a6aeed' and ignoring 'Assets/JsonDotNet/Assemblies/Standalone/Newtonsoft.Json.dll, AssemblyName=Newtonsoft.Json, Version=8.0.0.0, Culture=neutral, PublicKeyToken=null'.Symbol file LoadedFromMemory is not a mono symbol file
Symbol file LoadedFromMemory is not a mono symbol file
Symbol file LoadedFromMemory is not a mono symbol file
- Loaded All Assemblies, in  0.996 seconds
Refreshing native plugins compatible for Editor in 9.13 ms, found 2 plugins.
Native extension for iOS target not found
Native extension for Android target not found
Native extension for WindowsStandalone target not found
Mono: successfully reloaded assembly
- Finished resetting the current domain, in  1.294 seconds
Domain Reload Profiling: 2286ms
	BeginReloadAssembly (279ms)
		ExecutionOrderSort (0ms)
		DisableScriptedObjects (7ms)
		BackupInstance (0ms)
		ReleaseScriptingObjects (0ms)
		CreateAndSetChildDomain (76ms)
	RebuildCommonClasses (49ms)
	RebuildNativeTypeToScriptingClass (22ms)
	initialDomainReloadingComplete (46ms)
	LoadAllAssembliesAndSetupDomain (595ms)
		LoadAssemblies (513ms)
		RebuildTransferFunctionScriptingTraits (0ms)
		AnalyzeDomain (224ms)
			TypeCache.Refresh (17ms)
				TypeCache.ScanAssembly (3ms)
			BuildScriptInfoCaches (189ms)
			ResolveRequiredComponents (6ms)
	FinalizeReload (1294ms)
		ReleaseScriptCaches (0ms)
		RebuildScriptCaches (0ms)
		SetupLoadedEditorAssemblies (1005ms)
			LogAssemblyErrors (0ms)
			InitializePlatformSupportModulesInManaged (46ms)
			SetLoadedEditorAssemblies (9ms)
			BeforeProcessingInitializeOnLoad (132ms)
			ProcessInitializeOnLoadAttributes (564ms)
			ProcessInitializeOnLoadMethodAttributes (248ms)
			AfterProcessingInitializeOnLoad (6ms)
			EditorAssembliesLoaded (0ms)
		ExecutionOrderSort2 (0ms)
		AwakeInstancesAfterBackupRestoration (17ms)
Refreshing native plugins compatible for Editor in 7.99 ms, found 2 plugins.
Preloading 0 native plugins for Editor in 0.00 ms.
Unloading 0 Unused Serialized files (Serialized files now loaded: 0)
Unloading 2684 unused Assets / (0.6 MB). Loaded Objects now: 3286.
Memory consumption went from 145.9 MB to 145.3 MB.
Total: 24.689000 ms (FindLiveObjects: 0.503900 ms CreateObjectMapping: 1.266400 ms MarkObjects: 21.900200 ms  DeleteObjects: 1.016800 ms)

Prepare: number of updated asset objects reloaded= 0
========================================================================
Received Prepare
Refreshing native plugins compatible for Editor in 30.16 ms, found 2 plugins.
Preloading 0 native plugins for Editor in 0.00 ms.
Unloading 0 Unused Serialized files (Serialized files now loaded: 0)
Unloading 2651 unused Assets / (235.3 KB). Loaded Objects now: 3286.
Memory consumption went from 145.9 MB to 145.7 MB.
Total: 21.186000 ms (FindLiveObjects: 0.449000 ms CreateObjectMapping: 0.517400 ms MarkObjects: 18.847400 ms  DeleteObjects: 1.371000 ms)

Prepare: number of updated asset objects reloaded= 0
========================================================================
Received Prepare
Begin MonoManager ReloadAssembly
Duplicate assembly 'log4net.dll' with different versions detected, using 'Assets/References/log4net.dll, AssemblyName=log4net, Version=2.0.8.0, Culture=neutral, PublicKeyToken=null' and ignoring 'Packages/com.unity.collab-proxy/Lib/Editor/PlasticSCM/log4netPlastic.dll, AssemblyName=log4net, Version=1.2.15.0, Culture=neutral, PublicKeyToken=669e0ddf0bb1aa2a'.Duplicate assembly 'Newtonsoft.Json.dll' with different versions detected, using 'Packages/com.unity.nuget.newtonsoft-json/Runtime/Newtonsoft.Json.dll, AssemblyName=Newtonsoft.Json, Version=13.0.0.0, Culture=neutral, PublicKeyToken=30ad4fe6b2a6aeed' and ignoring 'Assets/JsonDotNet/Assemblies/Standalone/Newtonsoft.Json.dll, AssemblyName=Newtonsoft.Json, Version=8.0.0.0, Culture=neutral, PublicKeyToken=null'.Symbol file LoadedFromMemory is not a mono symbol file
Symbol file LoadedFromMemory is not a mono symbol file
Symbol file LoadedFromMemory is not a mono symbol file
- Loaded All Assemblies, in  0.784 seconds
Refreshing native plugins compatible for Editor in 4.81 ms, found 2 plugins.
Native extension for iOS target not found
Native extension for Android target not found
Native extension for WindowsStandalone target not found
Mono: successfully reloaded assembly
- Finished resetting the current domain, in  1.547 seconds
Domain Reload Profiling: 2327ms
	BeginReloadAssembly (239ms)
		ExecutionOrderSort (0ms)
		DisableScriptedObjects (9ms)
		BackupInstance (0ms)
		ReleaseScriptingObjects (0ms)
		CreateAndSetChildDomain (67ms)
	RebuildCommonClasses (48ms)
	RebuildNativeTypeToScriptingClass (23ms)
	initialDomainReloadingComplete (47ms)
	LoadAllAssembliesAndSetupDomain (423ms)
		LoadAssemblies (404ms)
		RebuildTransferFunctionScriptingTraits (0ms)
		AnalyzeDomain (138ms)
			TypeCache.Refresh (9ms)
				TypeCache.ScanAssembly (1ms)
			BuildScriptInfoCaches (123ms)
			ResolveRequiredComponents (4ms)
	FinalizeReload (1548ms)
		ReleaseScriptCaches (0ms)
		RebuildScriptCaches (0ms)
		SetupLoadedEditorAssemblies (1237ms)
			LogAssemblyErrors (0ms)
			InitializePlatformSupportModulesInManaged (29ms)
			SetLoadedEditorAssemblies (6ms)
			BeforeProcessingInitializeOnLoad (74ms)
			ProcessInitializeOnLoadAttributes (834ms)
			ProcessInitializeOnLoadMethodAttributes (286ms)
			AfterProcessingInitializeOnLoad (8ms)
			EditorAssembliesLoaded (0ms)
		ExecutionOrderSort2 (0ms)
		AwakeInstancesAfterBackupRestoration (19ms)
Refreshing native plugins compatible for Editor in 5.88 ms, found 2 plugins.
Preloading 0 native plugins for Editor in 0.00 ms.
Unloading 0 Unused Serialized files (Serialized files now loaded: 0)
Unloading 2684 unused Assets / (437.5 KB). Loaded Objects now: 3286.
Memory consumption went from 147.8 MB to 147.4 MB.
Total: 10.751000 ms (FindLiveObjects: 0.360200 ms CreateObjectMapping: 0.328900 ms MarkObjects: 8.941100 ms  DeleteObjects: 1.119600 ms)

Prepare: number of updated asset objects reloaded= 0
========================================================================
Received Prepare
Refreshing native plugins compatible for Editor in 6.34 ms, found 2 plugins.
Preloading 0 native plugins for Editor in 0.00 ms.
Unloading 0 Unused Serialized files (Serialized files now loaded: 0)
Unloading 2651 unused Assets / (0.6 MB). Loaded Objects now: 3286.
Memory consumption went from 147.8 MB to 147.2 MB.
Total: 10.686200 ms (FindLiveObjects: 0.339700 ms CreateObjectMapping: 0.303100 ms MarkObjects: 9.375800 ms  DeleteObjects: 0.666700 ms)

Prepare: number of updated asset objects reloaded= 0
========================================================================
Received Prepare
Begin MonoManager ReloadAssembly
Duplicate assembly 'log4net.dll' with different versions detected, using 'Assets/References/log4net.dll, AssemblyName=log4net, Version=2.0.8.0, Culture=neutral, PublicKeyToken=null' and ignoring 'Packages/com.unity.collab-proxy/Lib/Editor/PlasticSCM/log4netPlastic.dll, AssemblyName=log4net, Version=1.2.15.0, Culture=neutral, PublicKeyToken=669e0ddf0bb1aa2a'.Duplicate assembly 'Newtonsoft.Json.dll' with different versions detected, using 'Packages/com.unity.nuget.newtonsoft-json/Runtime/Newtonsoft.Json.dll, AssemblyName=Newtonsoft.Json, Version=13.0.0.0, Culture=neutral, PublicKeyToken=30ad4fe6b2a6aeed' and ignoring 'Assets/JsonDotNet/Assemblies/Standalone/Newtonsoft.Json.dll, AssemblyName=Newtonsoft.Json, Version=8.0.0.0, Culture=neutral, PublicKeyToken=null'.Symbol file LoadedFromMemory is not a mono symbol file
Symbol file LoadedFromMemory is not a mono symbol file
Symbol file LoadedFromMemory is not a mono symbol file
- Loaded All Assemblies, in  1.017 seconds
Refreshing native plugins compatible for Editor in 5.88 ms, found 2 plugins.
Native extension for iOS target not found
Native extension for Android target not found
Native extension for WindowsStandalone target not found
Mono: successfully reloaded assembly
- Finished resetting the current domain, in  1.368 seconds
Domain Reload Profiling: 2383ms
	BeginReloadAssembly (259ms)
		ExecutionOrderSort (0ms)
		DisableScriptedObjects (10ms)
		BackupInstance (0ms)
		ReleaseScriptingObjects (0ms)
		CreateAndSetChildDomain (56ms)
	RebuildCommonClasses (58ms)
	RebuildNativeTypeToScriptingClass (23ms)
	initialDomainReloadingComplete (41ms)
	LoadAllAssembliesAndSetupDomain (632ms)
		LoadAssemblies (615ms)
		RebuildTransferFunctionScriptingTraits (0ms)
		AnalyzeDomain (163ms)
			TypeCache.Refresh (15ms)
				TypeCache.ScanAssembly (2ms)
			BuildScriptInfoCaches (137ms)
			ResolveRequiredComponents (6ms)
	FinalizeReload (1369ms)
		ReleaseScriptCaches (0ms)
		RebuildScriptCaches (0ms)
		SetupLoadedEditorAssemblies (1076ms)
			LogAssemblyErrors (0ms)
			InitializePlatformSupportModulesInManaged (29ms)
			SetLoadedEditorAssemblies (6ms)
			BeforeProcessingInitializeOnLoad (68ms)
			ProcessInitializeOnLoadAttributes (647ms)
			ProcessInitializeOnLoadMethodAttributes (312ms)
			AfterProcessingInitializeOnLoad (12ms)
			EditorAssembliesLoaded (0ms)
		ExecutionOrderSort2 (0ms)
		AwakeInstancesAfterBackupRestoration (31ms)
Refreshing native plugins compatible for Editor in 7.08 ms, found 2 plugins.
Preloading 0 native plugins for Editor in 0.00 ms.
Unloading 0 Unused Serialized files (Serialized files now loaded: 0)
Unloading 2684 unused Assets / (0.6 MB). Loaded Objects now: 3286.
Memory consumption went from 149.8 MB to 149.2 MB.
Total: 17.035700 ms (FindLiveObjects: 0.418400 ms CreateObjectMapping: 0.465200 ms MarkObjects: 15.268100 ms  DeleteObjects: 0.882800 ms)

Prepare: number of updated asset objects reloaded= 0
========================================================================
Received Prepare
Refreshing native plugins compatible for Editor in 6.14 ms, found 2 plugins.
Preloading 0 native plugins for Editor in 0.00 ms.
Unloading 0 Unused Serialized files (Serialized files now loaded: 0)
Unloading 2651 unused Assets / (141.0 KB). Loaded Objects now: 3286.
Memory consumption went from 149.7 MB to 149.6 MB.
Total: 12.673400 ms (FindLiveObjects: 0.349700 ms CreateObjectMapping: 0.326500 ms MarkObjects: 11.371600 ms  DeleteObjects: 0.624700 ms)

Prepare: number of updated asset objects reloaded= 0
========================================================================
Received Prepare
Begin MonoManager ReloadAssembly
Duplicate assembly 'log4net.dll' with different versions detected, using 'Assets/References/log4net.dll, AssemblyName=log4net, Version=2.0.8.0, Culture=neutral, PublicKeyToken=null' and ignoring 'Packages/com.unity.collab-proxy/Lib/Editor/PlasticSCM/log4netPlastic.dll, AssemblyName=log4net, Version=1.2.15.0, Culture=neutral, PublicKeyToken=669e0ddf0bb1aa2a'.Duplicate assembly 'Newtonsoft.Json.dll' with different versions detected, using 'Packages/com.unity.nuget.newtonsoft-json/Runtime/Newtonsoft.Json.dll, AssemblyName=Newtonsoft.Json, Version=13.0.0.0, Culture=neutral, PublicKeyToken=30ad4fe6b2a6aeed' and ignoring 'Assets/JsonDotNet/Assemblies/Standalone/Newtonsoft.Json.dll, AssemblyName=Newtonsoft.Json, Version=8.0.0.0, Culture=neutral, PublicKeyToken=null'.Symbol file LoadedFromMemory is not a mono symbol file
Symbol file LoadedFromMemory is not a mono symbol file
Symbol file LoadedFromMemory is not a mono symbol file
- Loaded All Assemblies, in  2.134 seconds
Refreshing native plugins compatible for Editor in 5.42 ms, found 2 plugins.
Native extension for iOS target not found
Native extension for Android target not found
Native extension for WindowsStandalone target not found
Mono: successfully reloaded assembly
- Finished resetting the current domain, in  1.164 seconds
Domain Reload Profiling: 3296ms
	BeginReloadAssembly (280ms)
		ExecutionOrderSort (0ms)
		DisableScriptedObjects (7ms)
		BackupInstance (0ms)
		ReleaseScriptingObjects (0ms)
		CreateAndSetChildDomain (61ms)
	RebuildCommonClasses (50ms)
	RebuildNativeTypeToScriptingClass (20ms)
	initialDomainReloadingComplete (34ms)
	LoadAllAssembliesAndSetupDomain (1746ms)
		LoadAssemblies (1788ms)
		RebuildTransferFunctionScriptingTraits (0ms)
		AnalyzeDomain (118ms)
			TypeCache.Refresh (12ms)
				TypeCache.ScanAssembly (2ms)
			BuildScriptInfoCaches (99ms)
			ResolveRequiredComponents (4ms)
	FinalizeReload (1165ms)
		ReleaseScriptCaches (0ms)
		RebuildScriptCaches (0ms)
		SetupLoadedEditorAssemblies (929ms)
			LogAssemblyErrors (0ms)
			InitializePlatformSupportModulesInManaged (27ms)
			SetLoadedEditorAssemblies (5ms)
			BeforeProcessingInitializeOnLoad (55ms)
			ProcessInitializeOnLoadAttributes (582ms)
			ProcessInitializeOnLoadMethodAttributes (254ms)
			AfterProcessingInitializeOnLoad (6ms)
			EditorAssembliesLoaded (0ms)
		ExecutionOrderSort2 (0ms)
		AwakeInstancesAfterBackupRestoration (15ms)
Refreshing native plugins compatible for Editor in 6.69 ms, found 2 plugins.
Preloading 0 native plugins for Editor in 0.00 ms.
Unloading 0 Unused Serialized files (Serialized files now loaded: 0)
Unloading 2684 unused Assets / (0.6 MB). Loaded Objects now: 3286.
Memory consumption went from 151.7 MB to 151.0 MB.
Total: 13.425500 ms (FindLiveObjects: 0.357200 ms CreateObjectMapping: 0.339600 ms MarkObjects: 12.036500 ms  DeleteObjects: 0.691300 ms)

Prepare: number of updated asset objects reloaded= 0
========================================================================
Received Prepare
Begin MonoManager ReloadAssembly
Duplicate assembly 'log4net.dll' with different versions detected, using 'Assets/References/log4net.dll, AssemblyName=log4net, Version=2.0.8.0, Culture=neutral, PublicKeyToken=null' and ignoring 'Packages/com.unity.collab-proxy/Lib/Editor/PlasticSCM/log4netPlastic.dll, AssemblyName=log4net, Version=1.2.15.0, Culture=neutral, PublicKeyToken=669e0ddf0bb1aa2a'.Duplicate assembly 'Newtonsoft.Json.dll' with different versions detected, using 'Packages/com.unity.nuget.newtonsoft-json/Runtime/Newtonsoft.Json.dll, AssemblyName=Newtonsoft.Json, Version=13.0.0.0, Culture=neutral, PublicKeyToken=30ad4fe6b2a6aeed' and ignoring 'Assets/JsonDotNet/Assemblies/Standalone/Newtonsoft.Json.dll, AssemblyName=Newtonsoft.Json, Version=8.0.0.0, Culture=neutral, PublicKeyToken=null'.Symbol file LoadedFromMemory is not a mono symbol file
Symbol file LoadedFromMemory is not a mono symbol file
Symbol file LoadedFromMemory is not a mono symbol file
- Loaded All Assemblies, in  2.807 seconds
Refreshing native plugins compatible for Editor in 5.73 ms, found 2 plugins.
Native extension for iOS target not found
Native extension for Android target not found
Native extension for WindowsStandalone target not found
Mono: successfully reloaded assembly
- Finished resetting the current domain, in  1.237 seconds
Domain Reload Profiling: 4041ms
	BeginReloadAssembly (228ms)
		ExecutionOrderSort (0ms)
		DisableScriptedObjects (6ms)
		BackupInstance (0ms)
		ReleaseScriptingObjects (0ms)
		CreateAndSetChildDomain (47ms)
	RebuildCommonClasses (47ms)
	RebuildNativeTypeToScriptingClass (18ms)
	initialDomainReloadingComplete (38ms)
	LoadAllAssembliesAndSetupDomain (2473ms)
		LoadAssemblies (2490ms)
		RebuildTransferFunctionScriptingTraits (0ms)
		AnalyzeDomain (115ms)
			TypeCache.Refresh (5ms)
				TypeCache.ScanAssembly (0ms)
			BuildScriptInfoCaches (103ms)
			ResolveRequiredComponents (4ms)
	FinalizeReload (1238ms)
		ReleaseScriptCaches (0ms)
		RebuildScriptCaches (0ms)
		SetupLoadedEditorAssemblies (857ms)
			LogAssemblyErrors (0ms)
			InitializePlatformSupportModulesInManaged (27ms)
			SetLoadedEditorAssemblies (4ms)
			BeforeProcessingInitializeOnLoad (65ms)
			ProcessInitializeOnLoadAttributes (515ms)
			ProcessInitializeOnLoadMethodAttributes (238ms)
			AfterProcessingInitializeOnLoad (6ms)
			EditorAssembliesLoaded (0ms)
		ExecutionOrderSort2 (0ms)
		AwakeInstancesAfterBackupRestoration (59ms)
Refreshing native plugins compatible for Editor in 5.67 ms, found 2 plugins.
Preloading 0 native plugins for Editor in 0.00 ms.
Unloading 0 Unused Serialized files (Serialized files now loaded: 0)
Unloading 2684 unused Assets / (413.7 KB). Loaded Objects now: 3286.
Memory consumption went from 153.6 MB to 153.2 MB.
Total: 12.128000 ms (FindLiveObjects: 0.363000 ms CreateObjectMapping: 0.334500 ms MarkObjects: 10.685500 ms  DeleteObjects: 0.743600 ms)

Prepare: number of updated asset objects reloaded= 0
========================================================================
Received Prepare
Refreshing native plugins compatible for Editor in 6.26 ms, found 2 plugins.
Preloading 0 native plugins for Editor in 0.00 ms.
Unloading 0 Unused Serialized files (Serialized files now loaded: 0)
Unloading 2651 unused Assets / (0.9 MB). Loaded Objects now: 3286.
Memory consumption went from 153.6 MB to 152.7 MB.
Total: 13.461600 ms (FindLiveObjects: 0.447800 ms CreateObjectMapping: 0.529400 ms MarkObjects: 11.419800 ms  DeleteObjects: 1.063000 ms)

Prepare: number of updated asset objects reloaded= 0
========================================================================
Received Prepare
Begin MonoManager ReloadAssembly
Duplicate assembly 'log4net.dll' with different versions detected, using 'Assets/References/log4net.dll, AssemblyName=log4net, Version=2.0.8.0, Culture=neutral, PublicKeyToken=null' and ignoring 'Packages/com.unity.collab-proxy/Lib/Editor/PlasticSCM/log4netPlastic.dll, AssemblyName=log4net, Version=1.2.15.0, Culture=neutral, PublicKeyToken=669e0ddf0bb1aa2a'.Duplicate assembly 'Newtonsoft.Json.dll' with different versions detected, using 'Packages/com.unity.nuget.newtonsoft-json/Runtime/Newtonsoft.Json.dll, AssemblyName=Newtonsoft.Json, Version=13.0.0.0, Culture=neutral, PublicKeyToken=30ad4fe6b2a6aeed' and ignoring 'Assets/JsonDotNet/Assemblies/Standalone/Newtonsoft.Json.dll, AssemblyName=Newtonsoft.Json, Version=8.0.0.0, Culture=neutral, PublicKeyToken=null'.Symbol file LoadedFromMemory is not a mono symbol file
Symbol file LoadedFromMemory is not a mono symbol file
Symbol file LoadedFromMemory is not a mono symbol file
- Loaded All Assemblies, in  0.815 seconds
Refreshing native plugins compatible for Editor in 5.37 ms, found 2 plugins.
Native extension for iOS target not found
Native extension for Android target not found
Native extension for WindowsStandalone target not found
Mono: successfully reloaded assembly
- Finished resetting the current domain, in  1.093 seconds
Domain Reload Profiling: 1902ms
	BeginReloadAssembly (247ms)
		ExecutionOrderSort (0ms)
		DisableScriptedObjects (6ms)
		BackupInstance (0ms)
		ReleaseScriptingObjects (0ms)
		CreateAndSetChildDomain (58ms)
	RebuildCommonClasses (52ms)
	RebuildNativeTypeToScriptingClass (21ms)
	initialDomainReloadingComplete (32ms)
	LoadAllAssembliesAndSetupDomain (456ms)
		LoadAssemblies (471ms)
		RebuildTransferFunctionScriptingTraits (0ms)
		AnalyzeDomain (124ms)
			TypeCache.Refresh (10ms)
				TypeCache.ScanAssembly (1ms)
			BuildScriptInfoCaches (107ms)
			ResolveRequiredComponents (4ms)
	FinalizeReload (1094ms)
		ReleaseScriptCaches (0ms)
		RebuildScriptCaches (0ms)
		SetupLoadedEditorAssemblies (842ms)
			LogAssemblyErrors (0ms)
			InitializePlatformSupportModulesInManaged (29ms)
			SetLoadedEditorAssemblies (6ms)
			BeforeProcessingInitializeOnLoad (48ms)
			ProcessInitializeOnLoadAttributes (522ms)
			ProcessInitializeOnLoadMethodAttributes (230ms)
			AfterProcessingInitializeOnLoad (7ms)
			EditorAssembliesLoaded (0ms)
		ExecutionOrderSort2 (0ms)
		AwakeInstancesAfterBackupRestoration (17ms)
Refreshing native plugins compatible for Editor in 10.56 ms, found 2 plugins.
Preloading 0 native plugins for Editor in 0.00 ms.
Unloading 0 Unused Serialized files (Serialized files now loaded: 0)
Unloading 2684 unused Assets / (396.8 KB). Loaded Objects now: 3286.
Memory consumption went from 155.5 MB to 155.1 MB.
Total: 18.313300 ms (FindLiveObjects: 0.392900 ms CreateObjectMapping: 0.378500 ms MarkObjects: 16.533600 ms  DeleteObjects: 1.007000 ms)

Prepare: number of updated asset objects reloaded= 0
========================================================================
Received Prepare
Refreshing native plugins compatible for Editor in 8.48 ms, found 2 plugins.
Preloading 0 native plugins for Editor in 0.00 ms.
Unloading 0 Unused Serialized files (Serialized files now loaded: 0)
Unloading 2651 unused Assets / (64.9 KB). Loaded Objects now: 3286.
Memory consumption went from 155.5 MB to 155.4 MB.
Total: 23.391800 ms (FindLiveObjects: 0.761700 ms CreateObjectMapping: 0.747200 ms MarkObjects: 20.966900 ms  DeleteObjects: 0.910600 ms)

Prepare: number of updated asset objects reloaded= 0
========================================================================
Received Prepare
Begin MonoManager ReloadAssembly
Duplicate assembly 'log4net.dll' with different versions detected, using 'Assets/References/log4net.dll, AssemblyName=log4net, Version=2.0.8.0, Culture=neutral, PublicKeyToken=null' and ignoring 'Packages/com.unity.collab-proxy/Lib/Editor/PlasticSCM/log4netPlastic.dll, AssemblyName=log4net, Version=1.2.15.0, Culture=neutral, PublicKeyToken=669e0ddf0bb1aa2a'.Duplicate assembly 'Newtonsoft.Json.dll' with different versions detected, using 'Packages/com.unity.nuget.newtonsoft-json/Runtime/Newtonsoft.Json.dll, AssemblyName=Newtonsoft.Json, Version=13.0.0.0, Culture=neutral, PublicKeyToken=30ad4fe6b2a6aeed' and ignoring 'Assets/JsonDotNet/Assemblies/Standalone/Newtonsoft.Json.dll, AssemblyName=Newtonsoft.Json, Version=8.0.0.0, Culture=neutral, PublicKeyToken=null'.Symbol file LoadedFromMemory is not a mono symbol file
Symbol file LoadedFromMemory is not a mono symbol file
Symbol file LoadedFromMemory is not a mono symbol file
- Loaded All Assemblies, in  0.957 seconds
Refreshing native plugins compatible for Editor in 6.32 ms, found 2 plugins.
Native extension for iOS target not found
Native extension for Android target not found
Native extension for WindowsStandalone target not found
Mono: successfully reloaded assembly
- Finished resetting the current domain, in  1.362 seconds
Domain Reload Profiling: 2317ms
	BeginReloadAssembly (252ms)
		ExecutionOrderSort (0ms)
		DisableScriptedObjects (11ms)
		BackupInstance (0ms)
		ReleaseScriptingObjects (0ms)
		CreateAndSetChildDomain (52ms)
	RebuildCommonClasses (77ms)
	RebuildNativeTypeToScriptingClass (34ms)
	initialDomainReloadingComplete (54ms)
	LoadAllAssembliesAndSetupDomain (537ms)
		LoadAssemblies (543ms)
		RebuildTransferFunctionScriptingTraits (0ms)
		AnalyzeDomain (137ms)
			TypeCache.Refresh (11ms)
				TypeCache.ScanAssembly (1ms)
			BuildScriptInfoCaches (119ms)
			ResolveRequiredComponents (4ms)
	FinalizeReload (1363ms)
		ReleaseScriptCaches (0ms)
		RebuildScriptCaches (0ms)
		SetupLoadedEditorAssemblies (1119ms)
			LogAssemblyErrors (0ms)
			InitializePlatformSupportModulesInManaged (30ms)
			SetLoadedEditorAssemblies (5ms)
			BeforeProcessingInitializeOnLoad (57ms)
			ProcessInitializeOnLoadAttributes (659ms)
			ProcessInitializeOnLoadMethodAttributes (358ms)
			AfterProcessingInitializeOnLoad (10ms)
			EditorAssembliesLoaded (0ms)
		ExecutionOrderSort2 (0ms)
		AwakeInstancesAfterBackupRestoration (16ms)
Refreshing native plugins compatible for Editor in 5.96 ms, found 2 plugins.
Preloading 0 native plugins for Editor in 0.00 ms.
Unloading 0 Unused Serialized files (Serialized files now loaded: 0)
Unloading 2684 unused Assets / (113.3 KB). Loaded Objects now: 3286.
Memory consumption went from 157.4 MB to 157.3 MB.
Total: 15.643000 ms (FindLiveObjects: 0.473700 ms CreateObjectMapping: 0.509200 ms MarkObjects: 12.544200 ms  DeleteObjects: 2.114300 ms)

Prepare: number of updated asset objects reloaded= 0
========================================================================
Received Prepare
Begin MonoManager ReloadAssembly
Duplicate assembly 'log4net.dll' with different versions detected, using 'Assets/References/log4net.dll, AssemblyName=log4net, Version=2.0.8.0, Culture=neutral, PublicKeyToken=null' and ignoring 'Packages/com.unity.collab-proxy/Lib/Editor/PlasticSCM/log4netPlastic.dll, AssemblyName=log4net, Version=1.2.15.0, Culture=neutral, PublicKeyToken=669e0ddf0bb1aa2a'.Duplicate assembly 'Newtonsoft.Json.dll' with different versions detected, using 'Packages/com.unity.nuget.newtonsoft-json/Runtime/Newtonsoft.Json.dll, AssemblyName=Newtonsoft.Json, Version=13.0.0.0, Culture=neutral, PublicKeyToken=30ad4fe6b2a6aeed' and ignoring 'Assets/JsonDotNet/Assemblies/Standalone/Newtonsoft.Json.dll, AssemblyName=Newtonsoft.Json, Version=8.0.0.0, Culture=neutral, PublicKeyToken=null'.Symbol file LoadedFromMemory is not a mono symbol file
Symbol file LoadedFromMemory is not a mono symbol file
Symbol file LoadedFromMemory is not a mono symbol file
- Loaded All Assemblies, in  2.141 seconds
Refreshing native plugins compatible for Editor in 6.15 ms, found 2 plugins.
Native extension for iOS target not found
Native extension for Android target not found
Native extension for WindowsStandalone target not found
Mono: successfully reloaded assembly
- Finished resetting the current domain, in  1.582 seconds
Domain Reload Profiling: 3721ms
	BeginReloadAssembly (218ms)
		ExecutionOrderSort (0ms)
		DisableScriptedObjects (6ms)
		BackupInstance (0ms)
		ReleaseScriptingObjects (0ms)
		CreateAndSetChildDomain (60ms)
	RebuildCommonClasses (45ms)
	RebuildNativeTypeToScriptingClass (17ms)
	initialDomainReloadingComplete (34ms)
	LoadAllAssembliesAndSetupDomain (1824ms)
		LoadAssemblies (1774ms)
		RebuildTransferFunctionScriptingTraits (0ms)
		AnalyzeDomain (161ms)
			TypeCache.Refresh (13ms)
				TypeCache.ScanAssembly (0ms)
			BuildScriptInfoCaches (139ms)
			ResolveRequiredComponents (5ms)
	FinalizeReload (1583ms)
		ReleaseScriptCaches (0ms)
		RebuildScriptCaches (0ms)
		SetupLoadedEditorAssemblies (1250ms)
			LogAssemblyErrors (0ms)
			InitializePlatformSupportModulesInManaged (40ms)
			SetLoadedEditorAssemblies (8ms)
			BeforeProcessingInitializeOnLoad (118ms)
			ProcessInitializeOnLoadAttributes (753ms)
			ProcessInitializeOnLoadMethodAttributes (322ms)
			AfterProcessingInitializeOnLoad (9ms)
			EditorAssembliesLoaded (1ms)
		ExecutionOrderSort2 (0ms)
		AwakeInstancesAfterBackupRestoration (21ms)
Refreshing native plugins compatible for Editor in 5.54 ms, found 2 plugins.
Preloading 0 native plugins for Editor in 0.00 ms.
Unloading 0 Unused Serialized files (Serialized files now loaded: 0)
Unloading 2684 unused Assets / (0.6 MB). Loaded Objects now: 3286.
Memory consumption went from 159.4 MB to 158.8 MB.
Total: 11.615500 ms (FindLiveObjects: 0.380700 ms CreateObjectMapping: 0.481000 ms MarkObjects: 9.863200 ms  DeleteObjects: 0.888800 ms)

Prepare: number of updated asset objects reloaded= 0
========================================================================
Received Prepare
Begin MonoManager ReloadAssembly
Duplicate assembly 'log4net.dll' with different versions detected, using 'Assets/References/log4net.dll, AssemblyName=log4net, Version=2.0.8.0, Culture=neutral, PublicKeyToken=null' and ignoring 'Packages/com.unity.collab-proxy/Lib/Editor/PlasticSCM/log4netPlastic.dll, AssemblyName=log4net, Version=1.2.15.0, Culture=neutral, PublicKeyToken=669e0ddf0bb1aa2a'.Duplicate assembly 'Newtonsoft.Json.dll' with different versions detected, using 'Packages/com.unity.nuget.newtonsoft-json/Runtime/Newtonsoft.Json.dll, AssemblyName=Newtonsoft.Json, Version=13.0.0.0, Culture=neutral, PublicKeyToken=30ad4fe6b2a6aeed' and ignoring 'Assets/JsonDotNet/Assemblies/Standalone/Newtonsoft.Json.dll, AssemblyName=Newtonsoft.Json, Version=8.0.0.0, Culture=neutral, PublicKeyToken=null'.Symbol file LoadedFromMemory is not a mono symbol file
Symbol file LoadedFromMemory is not a mono symbol file
Symbol file LoadedFromMemory is not a mono symbol file
- Loaded All Assemblies, in  0.773 seconds
Refreshing native plugins compatible for Editor in 5.79 ms, found 2 plugins.
Native extension for iOS target not found
Native extension for Android target not found
Native extension for WindowsStandalone target not found
Mono: successfully reloaded assembly
- Finished resetting the current domain, in  1.426 seconds
Domain Reload Profiling: 2194ms
	BeginReloadAssembly (246ms)
		ExecutionOrderSort (0ms)
		DisableScriptedObjects (8ms)
		BackupInstance (0ms)
		ReleaseScriptingObjects (0ms)
		CreateAndSetChildDomain (63ms)
	RebuildCommonClasses (47ms)
	RebuildNativeTypeToScriptingClass (19ms)
	initialDomainReloadingComplete (37ms)
	LoadAllAssembliesAndSetupDomain (418ms)
		LoadAssemblies (439ms)
		RebuildTransferFunctionScriptingTraits (0ms)
		AnalyzeDomain (111ms)
			TypeCache.Refresh (7ms)
				TypeCache.ScanAssembly (0ms)
			BuildScriptInfoCaches (98ms)
			ResolveRequiredComponents (4ms)
	FinalizeReload (1427ms)
		ReleaseScriptCaches (0ms)
		RebuildScriptCaches (0ms)
		SetupLoadedEditorAssemblies (1133ms)
			LogAssemblyErrors (0ms)
			InitializePlatformSupportModulesInManaged (30ms)
			SetLoadedEditorAssemblies (6ms)
			BeforeProcessingInitializeOnLoad (63ms)
			ProcessInitializeOnLoadAttributes (689ms)
			ProcessInitializeOnLoadMethodAttributes (336ms)
			AfterProcessingInitializeOnLoad (9ms)
			EditorAssembliesLoaded (0ms)
		ExecutionOrderSort2 (0ms)
		AwakeInstancesAfterBackupRestoration (19ms)
Refreshing native plugins compatible for Editor in 11.15 ms, found 2 plugins.
Preloading 0 native plugins for Editor in 0.00 ms.
Unloading 0 Unused Serialized files (Serialized files now loaded: 0)
Unloading 2684 unused Assets / (0.5 MB). Loaded Objects now: 3286.
Memory consumption went from 161.3 MB to 160.8 MB.
Total: 24.445700 ms (FindLiveObjects: 0.516600 ms CreateObjectMapping: 0.642300 ms MarkObjects: 21.811800 ms  DeleteObjects: 1.473400 ms)

Prepare: number of updated asset objects reloaded= 0
